
[
  {
    "strName" : "H-BVF",
    "strRegID" : "H-BVF",
    "nCurrentWaypoint" : -1,
    "fTimeEngaged"     : 167356.3,
    "aProxCurrent"     : [
      "E-6Q31"
    ],
    "aProxIgnores"     : [
      "J-SJ4D",
      "E-6Q31"
    ],
    "aCOs"             : [
      {
        "strID" : "8b17e701-deb1-4b59-be53-459008bd85cf",
        "strCODef" : "SysLootSpawner",
        "bAlive"   : true,
        "aConds"   : [
          "IsNonHighlightable=1.0x1",
          "IsHiddenInv=1.0x1",
          "IsLootSpawner=1.0x1",
          "IsSystem=1.0x1"
        ],
        "strCondID" : "SysLootSpawner8b17e701-deb1-4b59-be53-459008bd85cf",
        "inventoryX" : 0,
        "inventoryY" : 0,
        "fDGasTemp"  : 0.0,
        "fLastICOUpdate" : 65627499671.5798,
        "nDestTile"      : 0,
        "strIdleAnim"    : "Idle",
        "aMyShips"       : [
          "H-BVF"
        ],
        "strIMGPreview"  : "IcoLoot",
        "strFriendlyName" : "SysLootSpawner",
        "strRegIDLast"    : "H-BVF"
      },
      {
        "strID" : "deb3a05d-7794-4468-9435-d3103b91e6c4",
        "strCODef" : "SysLootSpawner",
        "bAlive"   : true,
        "aConds"   : [
          "IsNonHighlightable=1.0x1",
          "IsHiddenInv=1.0x1",
          "IsLootSpawner=1.0x1",
          "IsSystem=1.0x1"
        ],
        "strCondID" : "SysLootSpawnerdeb3a05d-7794-4468-9435-d3103b91e6c4",
        "inventoryX" : 0,
        "inventoryY" : 0,
        "fDGasTemp"  : 0.0,
        "fLastICOUpdate" : 65627499671.5798,
        "nDestTile"      : 0,
        "strIdleAnim"    : "Idle",
        "aMyShips"       : [
          "H-BVF"
        ],
        "strIMGPreview"  : "IcoLoot",
        "strFriendlyName" : "SysLootSpawner",
        "strRegIDLast"    : "H-BVF"
      }
    ],
    "aItems"           : [
      {
        "strName" : "ItmConduit01",
        "fX"      : 1.0,
        "fY"      : -7.0,
        "fRotation" : 0.0,
        "strID"     : "2b1717b1-63e9-42af-b256-45224391d733",
        "bForceLoad" : false
      },
      {
        "strName" : "ItmFloorRYOF01",
        "fX"      : 3.0,
        "fY"      : -11.0,
        "fRotation" : 0.0,
        "strID"     : "e84e4fc0-3b76-45f0-afc7-297aced2433a",
        "bForceLoad" : false
      },
      {
        "strName" : "ItmFloorRYOF01",
        "fX"      : 3.0,
        "fY"      : -10.0,
        "fRotation" : 0.0,
        "strID"     : "26a51d55-5fee-4c0b-bcc7-45b5087f6bb4",
        "bForceLoad" : false
      },
      {
        "strName" : "ItmFloorRYOF01",
        "fX"      : 3.0,
        "fY"      : -9.0,
        "fRotation" : 0.0,
        "strID"     : "d448eeb2-c370-4ba4-9ae8-130c3eb22579",
        "bForceLoad" : false
      },
      {
        "strName" : "ItmFloorRYOF01",
        "fX"      : 3.0,
        "fY"      : -8.0,
        "fRotation" : 0.0,
        "strID"     : "5ee9f8e0-d20f-42a9-a484-587ebb945568",
        "bForceLoad" : false
      },
      {
        "strName" : "ItmFloorRYOF01",
        "fX"      : 3.0,
        "fY"      : -7.0,
        "fRotation" : 0.0,
        "strID"     : "717e48e1-afd5-4f43-97b9-151a8e1cb3c8",
        "bForceLoad" : false
      },
      {
        "strName" : "ItmFloorRYOF01",
        "fX"      : 3.0,
        "fY"      : -6.0,
        "fRotation" : 0.0,
        "strID"     : "6af9188a-de39-4a09-b8f5-d34779868deb",
        "bForceLoad" : false
      },
      {
        "strName" : "ItmFloorRYOF01",
        "fX"      : 4.0,
        "fY"      : -6.0,
        "fRotation" : 0.0,
        "strID"     : "37fba759-07b9-412f-979d-f71f523b8865",
        "bForceLoad" : false
      },
      {
        "strName" : "ItmFloorRYOF01",
        "fX"      : 5.0,
        "fY"      : -6.0,
        "fRotation" : 0.0,
        "strID"     : "dc8b24c2-1c1e-416c-81c6-08a4cf95c2ad",
        "bForceLoad" : false
      },
      {
        "strName" : "ItmFloorRYOF01",
        "fX"      : 6.0,
        "fY"      : -6.0,
        "fRotation" : 0.0,
        "strID"     : "869f45da-5059-463a-8e57-af0cb0a9f578",
        "bForceLoad" : false
      },
      {
        "strName" : "ItmFloorRYOF01",
        "fX"      : 7.0,
        "fY"      : -6.0,
        "fRotation" : 0.0,
        "strID"     : "6461f70c-5e29-4259-a25b-a0abbd725ce1",
        "bForceLoad" : false
      },
      {
        "strName" : "ItmFloorRYOF01",
        "fX"      : 2.0,
        "fY"      : -9.0,
        "fRotation" : 0.0,
        "strID"     : "bd234d88-0f55-4ce8-8ee2-1313cb60604e",
        "bForceLoad" : false
      },
      {
        "strName" : "ItmFloorRYOF01",
        "fX"      : 2.0,
        "fY"      : -10.0,
        "fRotation" : 0.0,
        "strID"     : "cf7919c5-dd65-48b7-a8b0-4ef3af7fdaff",
        "bForceLoad" : false
      },
      {
        "strName" : "ItmFloorRYOF01",
        "fX"      : 2.0,
        "fY"      : -11.0,
        "fRotation" : 0.0,
        "strID"     : "b09514e2-234a-4d61-9fb6-9edb3cb0bdd0",
        "bForceLoad" : false
      },
      {
        "strName" : "ItmFloorRYOF01",
        "fX"      : 8.0,
        "fY"      : -9.0,
        "fRotation" : 0.0,
        "strID"     : "3814438e-3d0b-4e65-9fac-005971f524ec",
        "bForceLoad" : false
      },
      {
        "strName" : "ItmFloorRYOF01",
        "fX"      : 8.0,
        "fY"      : -10.0,
        "fRotation" : 0.0,
        "strID"     : "f7ade5a0-5a73-4b02-bb91-f21b31c5cd80",
        "bForceLoad" : false
      },
      {
        "strName" : "ItmFloorRYOF01",
        "fX"      : 8.0,
        "fY"      : -11.0,
        "fRotation" : 0.0,
        "strID"     : "0aed7f2d-5e3e-495d-88b5-3cc3c2d536a0",
        "bForceLoad" : false
      },
      {
        "strName" : "ItmFloorRYOF01",
        "fX"      : 7.0,
        "fY"      : -11.0,
        "fRotation" : 0.0,
        "strID"     : "65c1d0bc-fdb3-4b3b-b75f-561ff05e8dc0",
        "bForceLoad" : false
      },
      {
        "strName" : "ItmFloorRYOF01",
        "fX"      : 6.0,
        "fY"      : -11.0,
        "fRotation" : 0.0,
        "strID"     : "1c3c56b7-3003-4667-9d89-04c9ec6696b8",
        "bForceLoad" : false
      },
      {
        "strName" : "ItmFloorRYOF01",
        "fX"      : 5.0,
        "fY"      : -11.0,
        "fRotation" : 0.0,
        "strID"     : "b5b2ac81-5f56-4e94-97a3-4390d229518c",
        "bForceLoad" : false
      },
      {
        "strName" : "ItmFloorRYOF01",
        "fX"      : 4.0,
        "fY"      : -11.0,
        "fRotation" : 0.0,
        "strID"     : "798197c8-f33d-4057-939a-dd2d72e86f77",
        "bForceLoad" : false
      },
      {
        "strName" : "ItmFloorRYOF01",
        "fX"      : 4.0,
        "fY"      : -10.0,
        "fRotation" : 0.0,
        "strID"     : "1bae5d90-c71c-45b3-b7c2-6280f02c32fd",
        "bForceLoad" : false
      },
      {
        "strName" : "ItmFloorRYOF01",
        "fX"      : 4.0,
        "fY"      : -9.0,
        "fRotation" : 0.0,
        "strID"     : "2dd9b7fd-59ac-412c-a019-f1533e353f12",
        "bForceLoad" : false
      },
      {
        "strName" : "ItmFloorRYOF01",
        "fX"      : 4.0,
        "fY"      : -8.0,
        "fRotation" : 0.0,
        "strID"     : "3ae45422-e15d-4180-9820-a1df5b949fd2",
        "bForceLoad" : false
      },
      {
        "strName" : "ItmFloorRYOF01",
        "fX"      : 4.0,
        "fY"      : -7.0,
        "fRotation" : 0.0,
        "strID"     : "856a67f4-2907-464e-bc37-836974f64a54",
        "bForceLoad" : false
      },
      {
        "strName" : "ItmFloorRYOF01",
        "fX"      : 5.0,
        "fY"      : -7.0,
        "fRotation" : 0.0,
        "strID"     : "04f1d099-27a9-41c2-9b83-108a3b71eed1",
        "bForceLoad" : false
      },
      {
        "strName" : "ItmFloorRYOF01",
        "fX"      : 6.0,
        "fY"      : -7.0,
        "fRotation" : 0.0,
        "strID"     : "352054ac-310e-4457-b246-9022b1ff1f17",
        "bForceLoad" : false
      },
      {
        "strName" : "ItmFloorRYOF01",
        "fX"      : 7.0,
        "fY"      : -7.0,
        "fRotation" : 0.0,
        "strID"     : "2bf76329-cec0-40d7-9b5c-f8d885282fe4",
        "bForceLoad" : false
      },
      {
        "strName" : "ItmFloorRYOF01",
        "fX"      : 7.0,
        "fY"      : -8.0,
        "fRotation" : 0.0,
        "strID"     : "337438c3-a516-4838-be05-0af5aa677759",
        "bForceLoad" : false
      },
      {
        "strName" : "ItmFloorRYOF01",
        "fX"      : 7.0,
        "fY"      : -9.0,
        "fRotation" : 0.0,
        "strID"     : "ad91e905-1ac3-45c3-afad-12e42ea305e8",
        "bForceLoad" : false
      },
      {
        "strName" : "ItmFloorRYOF01",
        "fX"      : 7.0,
        "fY"      : -10.0,
        "fRotation" : 0.0,
        "strID"     : "cb1c7bf5-16e1-418a-8af9-8a1d1d5ff07c",
        "bForceLoad" : false
      },
      {
        "strName" : "ItmFloorRYOF01",
        "fX"      : 6.0,
        "fY"      : -10.0,
        "fRotation" : 0.0,
        "strID"     : "a88555f7-c8e6-4394-a48d-d475ded247c6",
        "bForceLoad" : false
      },
      {
        "strName" : "ItmFloorRYOF01",
        "fX"      : 5.0,
        "fY"      : -10.0,
        "fRotation" : 0.0,
        "strID"     : "ceb0c33b-f764-44e0-8ca9-15daedbbb7fc",
        "bForceLoad" : false
      },
      {
        "strName" : "ItmFloorRYOF01",
        "fX"      : 5.0,
        "fY"      : -9.0,
        "fRotation" : 0.0,
        "strID"     : "802195e6-df29-4ee9-87d4-ebf00e601b72",
        "bForceLoad" : false
      },
      {
        "strName" : "ItmFloorRYOF01",
        "fX"      : 5.0,
        "fY"      : -8.0,
        "fRotation" : 0.0,
        "strID"     : "254e7e63-dcee-48d6-b9f6-c1567429047d",
        "bForceLoad" : false
      },
      {
        "strName" : "ItmFloorRYOF01",
        "fX"      : 6.0,
        "fY"      : -8.0,
        "fRotation" : 0.0,
        "strID"     : "2667e015-2160-40f6-9796-dcbfbe33b4f7",
        "bForceLoad" : false
      },
      {
        "strName" : "ItmFloorRYOF01",
        "fX"      : 6.0,
        "fY"      : -9.0,
        "fRotation" : 0.0,
        "strID"     : "10c62295-a58c-4b79-b285-194aefea4f71",
        "bForceLoad" : false
      },
      {
        "strName" : "ItmFloorRYOF01",
        "fX"      : 6.0,
        "fY"      : -12.0,
        "fRotation" : 0.0,
        "strID"     : "9ead15da-ec4e-4f1b-a43e-7e0c8d40a98c",
        "bForceLoad" : false
      },
      {
        "strName" : "ItmFloorRYOF01",
        "fX"      : 5.0,
        "fY"      : -12.0,
        "fRotation" : 0.0,
        "strID"     : "78181659-854b-4965-b396-4a5ba005121f",
        "bForceLoad" : false
      },
      {
        "strName" : "ItmFloorRYOF01",
        "fX"      : 4.0,
        "fY"      : -12.0,
        "fRotation" : 0.0,
        "strID"     : "00aba8f8-5174-42a9-9047-016d4f1ca93a",
        "bForceLoad" : false
      },
      {
        "strName" : "ItmFloorRYOF01",
        "fX"      : 4.0,
        "fY"      : -13.0,
        "fRotation" : 0.0,
        "strID"     : "ee2b0142-d358-4bd6-863b-94ce323ef196",
        "bForceLoad" : false
      },
      {
        "strName" : "ItmFloorRYOF01",
        "fX"      : 5.0,
        "fY"      : -13.0,
        "fRotation" : 0.0,
        "strID"     : "8c5c4ea0-abc4-4e9d-a68c-3ec1f5d825cb",
        "bForceLoad" : false
      },
      {
        "strName" : "ItmFloorRYOF01",
        "fX"      : 6.0,
        "fY"      : -13.0,
        "fRotation" : 0.0,
        "strID"     : "7880f389-5b50-437c-a532-35d949516c83",
        "bForceLoad" : false
      },
      {
        "strName" : "ItmFloorRYOF01",
        "fX"      : 6.0,
        "fY"      : -14.0,
        "fRotation" : 0.0,
        "strID"     : "ab97aa4c-0c30-401d-8ed1-76549206d770",
        "bForceLoad" : false
      },
      {
        "strName" : "ItmFloorRYOF01",
        "fX"      : 5.0,
        "fY"      : -14.0,
        "fRotation" : 0.0,
        "strID"     : "d9fe75f3-b16a-4742-a925-8d152c594312",
        "bForceLoad" : false
      },
      {
        "strName" : "ItmFloorRYOF01",
        "fX"      : 4.0,
        "fY"      : -14.0,
        "fRotation" : 0.0,
        "strID"     : "eb0df59e-4a4f-4cac-86f2-42e6b95a6d4a",
        "bForceLoad" : false
      },
      {
        "strName" : "ItmFloorRYOF01",
        "fX"      : 6.0,
        "fY"      : -15.0,
        "fRotation" : 0.0,
        "strID"     : "ba5408c7-0e4f-49f9-97f2-1e839ba5a1c9",
        "bForceLoad" : false
      },
      {
        "strName" : "ItmFloorRYOF01",
        "fX"      : 3.0,
        "fY"      : -12.0,
        "fRotation" : 0.0,
        "strID"     : "e7ae7be9-391c-4a2c-9dce-2a887a9bc5d6",
        "bForceLoad" : false
      },
      {
        "strName" : "ItmFloorRYOF01",
        "fX"      : 7.0,
        "fY"      : -12.0,
        "fRotation" : 0.0,
        "strID"     : "96c40ee3-206f-4594-ab43-dfa5dee08a7f",
        "bForceLoad" : false
      },
      {
        "strName" : "ItmDoor01Open",
        "fX"      : 5.0,
        "fY"      : -12.0,
        "fRotation" : 0.0,
        "strID"     : "0eb184d9-5e28-48fb-ab50-5b2130b8085f",
        "bForceLoad" : false,
        "aGPMSettings" : [
          {
            "strName" : "Panel A",
            "dictGUIPropMap" : [
              "strGUIPrefab",
              "GUILocks",
              "strFriendlyName",
              "Door Lock",
              "strGUIPrefabRight",
              null,
              "strGUIPrefabLeft",
              null,
              "strGUIPrefabUp",
              null,
              "strGUIPrefabDown",
              null,
              "strBrand",
              "Bieler",
              "strBrandSub",
              "Commercial Door Systems",
              "strMSLock",
              "ItmDoorInt01ClosedLocked",
              "strMSUnlock",
              "ItmDoorInt01Closed",
              "strPIN",
              "9638"
            ]
          }
        ]
      },
      {
        "strName" : "ItmFloorRYOF01",
        "fX"      : 5.0,
        "fY"      : -15.0,
        "fRotation" : 0.0,
        "strID"     : "42fc878b-62d5-4b97-9576-7677c0f6d46c",
        "bForceLoad" : false
      },
      {
        "strName" : "ItmFloorRYOF01",
        "fX"      : 4.0,
        "fY"      : -15.0,
        "fRotation" : 0.0,
        "strID"     : "01256673-3308-4a3d-a3e2-8d456309293d",
        "bForceLoad" : false
      },
      {
        "strName" : "ItmDockSys02Closed",
        "fX"      : 5.0,
        "fY"      : -15.5,
        "fRotation" : 180.0,
        "strID"     : "e6fce29d-3a56-4a66-9980-9bbce37feeb8",
        "bForceLoad" : false
      },
      {
        "strName" : "ItmWallRYOB01",
        "fX"      : 8.0,
        "fY"      : -13.0,
        "fRotation" : 0.0,
        "strID"     : "95ef0cf1-27fa-43f4-841d-38fa2217e50b",
        "bForceLoad" : false
      },
      {
        "strName" : "ItmWallRYOB01",
        "fX"      : 2.0,
        "fY"      : -13.0,
        "fRotation" : 0.0,
        "strID"     : "00fb1b29-1dbe-4ad0-b3e0-f4ca3d01cdd5",
        "bForceLoad" : false
      },
      {
        "strName" : "ItmConduit01",
        "fX"      : 1.0,
        "fY"      : -8.0,
        "fRotation" : 0.0,
        "strID"     : "c27e5017-533b-468c-ae25-fc44cecb8b3e",
        "bForceLoad" : false
      },
      {
        "strName" : "ItmFloorRYOF01",
        "fX"      : 8.0,
        "fY"      : -8.0,
        "fRotation" : 0.0,
        "strID"     : "dd9fa9ec-e098-41be-a6f2-a0ac558085c6",
        "bForceLoad" : false
      },
      {
        "strName" : "ItmFloorRYOF01",
        "fX"      : 8.0,
        "fY"      : -7.0,
        "fRotation" : 0.0,
        "strID"     : "0469de8c-08c1-440f-b3e2-4b75981fe917",
        "bForceLoad" : false
      },
      {
        "strName" : "ItmFloorRYOF01",
        "fX"      : 2.0,
        "fY"      : -6.0,
        "fRotation" : 0.0,
        "strID"     : "7664f537-3855-4391-89b3-39d3bd062fac",
        "bForceLoad" : false
      },
      {
        "strName" : "ItmFloorRYOF01",
        "fX"      : 2.0,
        "fY"      : -7.0,
        "fRotation" : 0.0,
        "strID"     : "02175681-f5fe-45f8-8bfc-f9e4d1747b6a",
        "bForceLoad" : false
      },
      {
        "strName" : "ItmWallRYOB01",
        "fX"      : 1.0,
        "fY"      : -9.0,
        "fRotation" : 0.0,
        "strID"     : "8cb5760d-e956-468a-a1f1-1ab022d23973",
        "bForceLoad" : false
      },
      {
        "strName" : "ItmFloorRYOF01",
        "fX"      : 2.0,
        "fY"      : -12.0,
        "fRotation" : 0.0,
        "strID"     : "b83506c0-3fa8-4ada-a394-6378a900c6b2",
        "bForceLoad" : false
      },
      {
        "strName" : "ItmFloorRYOF01",
        "fX"      : 2.0,
        "fY"      : -8.0,
        "fRotation" : 0.0,
        "strID"     : "3a9a8f10-15ee-4bd4-a5e9-0d2006761228",
        "bForceLoad" : false
      },
      {
        "strName" : "ItmFloorRYOF01",
        "fX"      : 8.0,
        "fY"      : -6.0,
        "fRotation" : 0.0,
        "strID"     : "a404751b-9a3d-41bc-ad1b-ba70189b2785",
        "bForceLoad" : false
      },
      {
        "strName" : "ItmWallRYOB01",
        "fX"      : 2.0,
        "fY"      : -12.0,
        "fRotation" : 0.0,
        "strID"     : "0f3b019f-3285-4b69-b575-d389d6298450",
        "bForceLoad" : false
      },
      {
        "strName" : "ItmLitWall1x0Off",
        "fX"      : 0.0,
        "fY"      : -5.0,
        "fRotation" : 270.0,
        "strID"     : "3f4b3d06-80bc-41dd-beeb-fe3f0e8a043a",
        "bForceLoad" : false
      },
      {
        "strName" : "ItmLitWall1x0Off",
        "fX"      : 8.0,
        "fY"      : -15.0,
        "fRotation" : 0.0,
        "strID"     : "e57f9e4e-3cf0-432c-bff1-b95ed44545d2",
        "bForceLoad" : false
      },
      {
        "strName" : "ItmConduit01",
        "fX"      : 1.0,
        "fY"      : -9.0,
        "fRotation" : 0.0,
        "strID"     : "2a35845d-66d7-4448-8ef7-aafe64aeb019",
        "bForceLoad" : false
      },
      {
        "strName" : "ItmConduit01",
        "fX"      : 1.0,
        "fY"      : -11.0,
        "fRotation" : 0.0,
        "strID"     : "82b0e9ba-cfdd-46a4-85e9-533857ab40bc",
        "bForceLoad" : false
      },
      {
        "strName" : "ItmLitWall1x0Off",
        "fX"      : 2.0,
        "fY"      : -15.0,
        "fRotation" : 0.0,
        "strID"     : "4e4de8df-b8cd-4705-9e3d-df01f11a6ed0",
        "bForceLoad" : false
      },
      {
        "strName" : "ItmFloorRYOF01",
        "fX"      : 7.0,
        "fY"      : -13.0,
        "fRotation" : 0.0,
        "strID"     : "6e1d0b45-8008-41a1-9f56-e1e8b853fce8",
        "bForceLoad" : false
      },
      {
        "strName" : "ItmFloorRYOF01",
        "fX"      : 3.0,
        "fY"      : -13.0,
        "fRotation" : 0.0,
        "strID"     : "546cfe16-b413-4b76-8a2f-2e2adc947145",
        "bForceLoad" : false
      },
      {
        "strName" : "ItmConduit01",
        "fX"      : 1.0,
        "fY"      : -2.0,
        "fRotation" : 0.0,
        "strID"     : "e64c4fa3-9c44-434e-b125-0ec938fd019a",
        "bForceLoad" : false
      },
      {
        "strName" : "ItmFloorRYOF01",
        "fX"      : 9.0,
        "fY"      : -7.0,
        "fRotation" : 0.0,
        "strID"     : "58a81539-55be-4b38-b77b-9cc2de96d31c",
        "bForceLoad" : false
      },
      {
        "strName" : "ItmFloorRYOF01",
        "fX"      : 9.0,
        "fY"      : -8.0,
        "fRotation" : 0.0,
        "strID"     : "203fdd51-f0f7-4b8a-929a-48591ac2d279",
        "bForceLoad" : false
      },
      {
        "strName" : "ItmFloorRYOF01",
        "fX"      : 9.0,
        "fY"      : -9.0,
        "fRotation" : 0.0,
        "strID"     : "797900c0-321e-4f25-97d7-842974baca77",
        "bForceLoad" : false
      },
      {
        "strName" : "ItmFloorRYOF01",
        "fX"      : 9.0,
        "fY"      : -10.0,
        "fRotation" : 0.0,
        "strID"     : "7db233d6-27c2-486b-b4ec-072ee02f33c2",
        "bForceLoad" : false
      },
      {
        "strName" : "ItmFloorRYOF01",
        "fX"      : 9.0,
        "fY"      : -11.0,
        "fRotation" : 0.0,
        "strID"     : "cbf9076b-e162-47c7-b31a-4ba957ff4219",
        "bForceLoad" : false
      },
      {
        "strName" : "ItmFloorRYOF01",
        "fX"      : 9.0,
        "fY"      : -12.0,
        "fRotation" : 0.0,
        "strID"     : "2a9c7c5b-fca9-4926-ab5b-26bd6b3fd64c",
        "bForceLoad" : false
      },
      {
        "strName" : "ItmRCSCluster01Loose",
        "fX"      : 0.5,
        "fY"      : -11.0,
        "fRotation" : 90.0,
        "strID"     : "d08c331b-7b07-4746-abb8-a8c53fb9af02",
        "bForceLoad" : false
      },
      {
        "strName" : "ItmFloorRYOF01",
        "fX"      : 1.0,
        "fY"      : -7.0,
        "fRotation" : 0.0,
        "strID"     : "b583ef02-e95d-4082-be5b-8dd3a23cc428",
        "bForceLoad" : false
      },
      {
        "strName" : "ItmFloorRYOF01",
        "fX"      : 1.0,
        "fY"      : -8.0,
        "fRotation" : 0.0,
        "strID"     : "5ab85bee-232f-402b-909b-1bc01b1c4acd",
        "bForceLoad" : false
      },
      {
        "strName" : "ItmFloorRYOF01",
        "fX"      : 1.0,
        "fY"      : -9.0,
        "fRotation" : 0.0,
        "strID"     : "c586223f-2aeb-4c91-a672-98624b2d41e7",
        "bForceLoad" : false
      },
      {
        "strName" : "ItmFloorRYOF01",
        "fX"      : 1.0,
        "fY"      : -10.0,
        "fRotation" : 0.0,
        "strID"     : "4838184d-5fc5-4070-94e2-618b351186f5",
        "bForceLoad" : false
      },
      {
        "strName" : "ItmFloorRYOF01",
        "fX"      : 1.0,
        "fY"      : -11.0,
        "fRotation" : 0.0,
        "strID"     : "cdb21b74-234d-4f9d-bac2-283c8d7ffd31",
        "bForceLoad" : false
      },
      {
        "strName" : "ItmFloorRYOF01",
        "fX"      : 1.0,
        "fY"      : -12.0,
        "fRotation" : 0.0,
        "strID"     : "129c90e4-5d3b-49ef-9230-7598c05bf144",
        "bForceLoad" : false
      },
      {
        "strName" : "ItmRCSCluster01Loose",
        "fX"      : 0.5,
        "fY"      : -3.0,
        "fRotation" : 90.0,
        "strID"     : "cb05245f-2a17-4eea-8bdf-46dda3432e29",
        "bForceLoad" : false
      },
      {
        "strName" : "ItmWallRYOB01",
        "fX"      : 9.0,
        "fY"      : -12.0,
        "fRotation" : 0.0,
        "strID"     : "0af70590-78f1-44c9-ba3a-3b3375da2c84",
        "bForceLoad" : false
      },
      {
        "strName" : "ItmWallRYOB01",
        "fX"      : 8.0,
        "fY"      : -12.0,
        "fRotation" : 0.0,
        "strID"     : "f084b9d5-689c-4eda-9dba-8507c5e51490",
        "bForceLoad" : false
      },
      {
        "strName" : "ItmFloorRYOF01",
        "fX"      : 8.0,
        "fY"      : -12.0,
        "fRotation" : 0.0,
        "strID"     : "4207125a-c119-46b3-b5db-17d96a2fb051",
        "bForceLoad" : false
      },
      {
        "strName" : "ItmWallRYOB01",
        "fX"      : 1.0,
        "fY"      : -12.0,
        "fRotation" : 0.0,
        "strID"     : "a3db3709-dba0-4846-8371-aacdd69bbe8c",
        "bForceLoad" : false
      },
      {
        "strName" : "ItmWallRYOB01",
        "fX"      : 9.0,
        "fY"      : -11.0,
        "fRotation" : 0.0,
        "strID"     : "527645f8-493f-4883-b500-9cfbfa39101e",
        "bForceLoad" : false
      },
      {
        "strName" : "ItmConduit01",
        "fX"      : 9.0,
        "fY"      : -10.0,
        "fRotation" : 0.0,
        "strID"     : "0b258341-0035-428e-b442-1f7f38ffdf1a",
        "bForceLoad" : false
      },
      {
        "strName" : "ItmConduit01",
        "fX"      : 2.0,
        "fY"      : -2.0,
        "fRotation" : 0.0,
        "strID"     : "8a7ec23c-7351-45c7-9771-927b6f217b7e",
        "bForceLoad" : false
      },
      {
        "strName" : "ItmConduit01",
        "fX"      : 2.0,
        "fY"      : -1.0,
        "fRotation" : 0.0,
        "strID"     : "d8045d7a-8d02-4726-8a61-2b6307bf36b4",
        "bForceLoad" : false
      },
      {
        "strName" : "ItmConduit01",
        "fX"      : 1.0,
        "fY"      : -12.0,
        "fRotation" : 0.0,
        "strID"     : "c52c7c31-e8ca-4d82-b286-75994c00dd75",
        "bForceLoad" : false
      },
      {
        "strName" : "ItmConduit01",
        "fX"      : 1.0,
        "fY"      : -10.0,
        "fRotation" : 0.0,
        "strID"     : "96d5b8cb-711f-4b6b-9efe-fb1d8f985715",
        "bForceLoad" : false
      },
      {
        "strName" : "ItmConduit01",
        "fX"      : 2.0,
        "fY"      : 0.0,
        "fRotation" : 0.0,
        "strID"     : "c09ef492-a457-48b2-a636-0dae448136c8",
        "bForceLoad" : false
      },
      {
        "strName" : "ItmConduit01",
        "fX"      : 3.0,
        "fY"      : 0.0,
        "fRotation" : 0.0,
        "strID"     : "277b4a50-71d9-479a-9fc4-46335f1245a1",
        "bForceLoad" : false
      },
      {
        "strName" : "ItmConduit01",
        "fX"      : 4.0,
        "fY"      : 0.0,
        "fRotation" : 0.0,
        "strID"     : "cc72297d-e75e-4e35-9e8d-ca15f048c7f2",
        "bForceLoad" : false
      },
      {
        "strName" : "ItmWallRYOB01",
        "fX"      : 9.0,
        "fY"      : -10.0,
        "fRotation" : 0.0,
        "strID"     : "cb8b8019-3c2f-41db-9454-cbc3b4b55769",
        "bForceLoad" : false
      },
      {
        "strName" : "ItmWallRYOB01",
        "fX"      : 9.0,
        "fY"      : -9.0,
        "fRotation" : 0.0,
        "strID"     : "7f2bbbf2-772b-4bb3-8ea5-c7ff45ef7a13",
        "bForceLoad" : false
      },
      {
        "strName" : "ItmWallRYOB01",
        "fX"      : 9.0,
        "fY"      : -8.0,
        "fRotation" : 0.0,
        "strID"     : "bba033d2-82dc-40ab-b023-b7be444179c8",
        "bForceLoad" : false
      },
      {
        "strName" : "ItmConduit01",
        "fX"      : 9.0,
        "fY"      : -2.0,
        "fRotation" : 0.0,
        "strID"     : "2149cf7c-d856-441a-848d-93975a2aaae8",
        "bForceLoad" : false
      },
      {
        "strName" : "ItmConduit01",
        "fX"      : 8.0,
        "fY"      : -2.0,
        "fRotation" : 0.0,
        "strID"     : "381f255f-73e4-4546-8b74-b5f025386eba",
        "bForceLoad" : false
      },
      {
        "strName" : "ItmConduit01",
        "fX"      : 2.0,
        "fY"      : -12.0,
        "fRotation" : 0.0,
        "strID"     : "967be51e-2b8e-45b3-86ff-1549259c8690",
        "bForceLoad" : false
      },
      {
        "strName" : "ItmConduit01",
        "fX"      : 5.0,
        "fY"      : 0.0,
        "fRotation" : 0.0,
        "strID"     : "25cbca61-3ddf-4902-bd9a-21cf4b1bb616",
        "bForceLoad" : false
      },
      {
        "strName" : "ItmConduit01",
        "fX"      : 3.0,
        "fY"      : -12.0,
        "fRotation" : 0.0,
        "strID"     : "7c810104-3877-442b-9d97-2496219e7aad",
        "bForceLoad" : false
      },
      {
        "strName" : "ItmWallRYOB01",
        "fX"      : 1.0,
        "fY"      : -10.0,
        "fRotation" : 0.0,
        "strID"     : "d0c87a2c-0a43-42f9-863f-4073c2bd4954",
        "bForceLoad" : false
      },
      {
        "strName" : "ItmWallRYOB01",
        "fX"      : 1.0,
        "fY"      : -11.0,
        "fRotation" : 0.0,
        "strID"     : "a9ab16e5-198e-41c0-8362-c4aa7d2004a0",
        "bForceLoad" : false
      },
      {
        "strName" : "ItmConduit01",
        "fX"      : 8.0,
        "fY"      : -12.0,
        "fRotation" : 0.0,
        "strID"     : "53e1a83d-6b3b-4a3b-87ad-eb737c10a9ec",
        "bForceLoad" : false
      },
      {
        "strName" : "ItmConduit01",
        "fX"      : 8.0,
        "fY"      : -13.0,
        "fRotation" : 0.0,
        "strID"     : "f6d592ee-0fcf-4cbc-bc16-3da18e251dc9",
        "bForceLoad" : false
      },
      {
        "strName" : "ItmConduit01",
        "fX"      : 9.0,
        "fY"      : -12.0,
        "fRotation" : 0.0,
        "strID"     : "a533233d-95d7-452e-9e4a-696bc0aee63f",
        "bForceLoad" : false
      },
      {
        "strName" : "ItmConduit01",
        "fX"      : 6.0,
        "fY"      : 0.0,
        "fRotation" : 0.0,
        "strID"     : "044bf1a6-f3c5-4832-9661-aef29a68af31",
        "bForceLoad" : false
      },
      {
        "strName" : "ItmWallRYOB01",
        "fX"      : 8.0,
        "fY"      : -14.0,
        "fRotation" : 0.0,
        "strID"     : "36078fae-644b-4449-9b54-af265fab1f65",
        "bForceLoad" : false
      },
      {
        "strName" : "ItmWallRYOB01",
        "fX"      : 7.0,
        "fY"      : -14.0,
        "fRotation" : 0.0,
        "strID"     : "42f8010c-be82-4df1-a3b1-0e72e647267a",
        "bForceLoad" : false
      },
      {
        "strName" : "ItmWallRYOB01",
        "fX"      : 3.0,
        "fY"      : -14.0,
        "fRotation" : 0.0,
        "strID"     : "5a31e187-ee7e-4823-9986-56258f8e0a7b",
        "bForceLoad" : false
      },
      {
        "strName" : "ItmWallRYOB01",
        "fX"      : 2.0,
        "fY"      : -14.0,
        "fRotation" : 0.0,
        "strID"     : "2f2504eb-5717-4592-8723-80928061712f",
        "bForceLoad" : false
      },
      {
        "strName" : "ItmWallRYOB01",
        "fX"      : 1.0,
        "fY"      : -8.0,
        "fRotation" : 0.0,
        "strID"     : "991cea1f-0cde-42f8-88c4-a6ac5c1f4d43",
        "bForceLoad" : false
      },
      {
        "strName" : "ItmConduit01",
        "fX"      : 2.0,
        "fY"      : -13.0,
        "fRotation" : 0.0,
        "strID"     : "0de82714-40b9-4e2b-a81c-2b39b57ac527",
        "bForceLoad" : false
      },
      {
        "strName" : "ItmConduit01",
        "fX"      : 2.0,
        "fY"      : -14.0,
        "fRotation" : 0.0,
        "strID"     : "e6abe64f-9b30-4381-8d89-3e2200cba162",
        "bForceLoad" : false
      },
      {
        "strName" : "ItmConduit01",
        "fX"      : 3.0,
        "fY"      : -14.0,
        "fRotation" : 0.0,
        "strID"     : "7f591756-5378-4c7a-90ae-a06030465fcd",
        "bForceLoad" : false
      },
      {
        "strName" : "ItmConduit01",
        "fX"      : 8.0,
        "fY"      : -14.0,
        "fRotation" : 0.0,
        "strID"     : "12b20470-7de7-4ec4-93df-849039d82c06",
        "bForceLoad" : false
      },
      {
        "strName" : "ItmLitWall1x0Off",
        "fX"      : 4.0,
        "fY"      : -14.0,
        "fRotation" : 90.0,
        "strID"     : "b75fb52d-6411-4fc0-b5b3-62591ed954bd",
        "bForceLoad" : false
      },
      {
        "strName" : "ItmLitWall1x0Off",
        "fX"      : 6.0,
        "fY"      : -14.0,
        "fRotation" : 270.0,
        "strID"     : "87749855-9695-4b12-b046-802f6ca85d50",
        "bForceLoad" : false
      },
      {
        "strName" : "ItmConduit01",
        "fX"      : 7.0,
        "fY"      : 0.0,
        "fRotation" : 0.0,
        "strID"     : "a289f99d-ea57-4875-854b-fdcf387f8c14",
        "bForceLoad" : false
      },
      {
        "strName" : "ItmConduit01",
        "fX"      : 8.0,
        "fY"      : 0.0,
        "fRotation" : 0.0,
        "strID"     : "9d9c071e-86df-400b-84fc-e58dafc94f39",
        "bForceLoad" : false
      },
      {
        "strName" : "ItmConduit01",
        "fX"      : 8.0,
        "fY"      : -1.0,
        "fRotation" : 0.0,
        "strID"     : "32df4414-8db4-4968-b424-50054e777f4f",
        "bForceLoad" : false
      },
      {
        "strName" : "ItmConduit01",
        "fX"      : 9.0,
        "fY"      : -3.0,
        "fRotation" : 0.0,
        "strID"     : "69879a54-de92-4527-98f8-2a6479cb9696",
        "bForceLoad" : false
      },
      {
        "strName" : "ItmWallRYOB01",
        "fX"      : 9.0,
        "fY"      : -7.0,
        "fRotation" : 0.0,
        "strID"     : "77519983-a9f7-4cab-95e6-1ed6e4adfc7b",
        "bForceLoad" : false
      },
      {
        "strName" : "ItmWallRYOB01",
        "fX"      : 9.0,
        "fY"      : -6.0,
        "fRotation" : 0.0,
        "strID"     : "432b6173-f4b2-4caa-8294-c90651402fc0",
        "bForceLoad" : false
      },
      {
        "strName" : "ItmWallRYOB01",
        "fX"      : 9.0,
        "fY"      : -5.0,
        "fRotation" : 0.0,
        "strID"     : "b78a2854-8ffc-467e-a74f-b2703a8ad305",
        "bForceLoad" : false
      },
      {
        "strName" : "ItmWallRYOB01",
        "fX"      : 9.0,
        "fY"      : -4.0,
        "fRotation" : 0.0,
        "strID"     : "ff09ffcd-8a23-48bb-8374-919f9ce330ad",
        "bForceLoad" : false
      },
      {
        "strName" : "ItmWallRYOB01",
        "fX"      : 3.0,
        "fY"      : 0.0,
        "fRotation" : 0.0,
        "strID"     : "2817bf07-cfc4-459d-b426-5bb0fc22a22b",
        "bForceLoad" : false
      },
      {
        "strName" : "ItmWallRYOB01",
        "fX"      : 4.0,
        "fY"      : 0.0,
        "fRotation" : 0.0,
        "strID"     : "8dc7dc4f-f7d0-42e7-a9c0-35607f5bb55e",
        "bForceLoad" : false
      },
      {
        "strName" : "ItmFloorRYOF01",
        "fX"      : 1.0,
        "fY"      : -6.0,
        "fRotation" : 0.0,
        "strID"     : "869e6891-13d3-4bcf-a0b0-0f791df8cbe0",
        "bForceLoad" : false
      },
      {
        "strName" : "ItmFloorRYOF01",
        "fX"      : 9.0,
        "fY"      : -6.0,
        "fRotation" : 0.0,
        "strID"     : "f488efa7-346f-4331-8f19-a159acf1da1d",
        "bForceLoad" : false
      },
      {
        "strName" : "ItmFloorRYOF01",
        "fX"      : 9.0,
        "fY"      : -5.0,
        "fRotation" : 0.0,
        "strID"     : "6cfd926d-8758-4bba-b9b6-01c14da14014",
        "bForceLoad" : false
      },
      {
        "strName" : "ItmFloorRYOF01",
        "fX"      : 8.0,
        "fY"      : -5.0,
        "fRotation" : 0.0,
        "strID"     : "6a69de6c-0b9d-45f3-98fd-81418de648f7",
        "bForceLoad" : false
      },
      {
        "strName" : "ItmFloorRYOF01",
        "fX"      : 7.0,
        "fY"      : -5.0,
        "fRotation" : 0.0,
        "strID"     : "fdfddf12-6a8a-46ef-943d-d43fbae3cbac",
        "bForceLoad" : false
      },
      {
        "strName" : "ItmFloorRYOF01",
        "fX"      : 6.0,
        "fY"      : -5.0,
        "fRotation" : 0.0,
        "strID"     : "7f4335ed-5e64-4c3e-a73a-752c9f03b513",
        "bForceLoad" : false
      },
      {
        "strName" : "ItmFloorRYOF01",
        "fX"      : 5.0,
        "fY"      : -5.0,
        "fRotation" : 0.0,
        "strID"     : "903417c5-526a-4681-b246-3ef515e30743",
        "bForceLoad" : false
      },
      {
        "strName" : "ItmFloorRYOF01",
        "fX"      : 4.0,
        "fY"      : -5.0,
        "fRotation" : 0.0,
        "strID"     : "bfc3aa04-eb44-44d3-aed2-8dc57ccb64a2",
        "bForceLoad" : false
      },
      {
        "strName" : "ItmFloorRYOF01",
        "fX"      : 3.0,
        "fY"      : -5.0,
        "fRotation" : 0.0,
        "strID"     : "b42e2051-b2a0-486b-a696-03817b1de41e",
        "bForceLoad" : false
      },
      {
        "strName" : "ItmFloorRYOF01",
        "fX"      : 2.0,
        "fY"      : -5.0,
        "fRotation" : 0.0,
        "strID"     : "d0828280-f1f4-46d1-8c18-d56b6d3c6262",
        "bForceLoad" : false
      },
      {
        "strName" : "ItmFloorRYOF01",
        "fX"      : 1.0,
        "fY"      : -5.0,
        "fRotation" : 0.0,
        "strID"     : "da21a565-2fd2-42ff-8132-6387c483a616",
        "bForceLoad" : false
      },
      {
        "strName" : "ItmFloorRYOF01",
        "fX"      : 1.0,
        "fY"      : -4.0,
        "fRotation" : 0.0,
        "strID"     : "c6a17a2c-f39e-4d02-8096-1397001f51e3",
        "bForceLoad" : false
      },
      {
        "strName" : "ItmFloorRYOF01",
        "fX"      : 1.0,
        "fY"      : -3.0,
        "fRotation" : 0.0,
        "strID"     : "f97f2dd9-2eeb-468c-a11e-dcf57dbdf7fe",
        "bForceLoad" : false
      },
      {
        "strName" : "ItmFloorRYOF01",
        "fX"      : 1.0,
        "fY"      : -2.0,
        "fRotation" : 0.0,
        "strID"     : "132b55d6-fccb-41c4-b83c-1a785fbe7077",
        "bForceLoad" : false
      },
      {
        "strName" : "ItmConduit01",
        "fX"      : 9.0,
        "fY"      : -4.0,
        "fRotation" : 0.0,
        "strID"     : "ea93819b-79f5-4db3-bbd8-48636a50869e",
        "bForceLoad" : false
      },
      {
        "strName" : "ItmConduit01",
        "fX"      : 9.0,
        "fY"      : -5.0,
        "fRotation" : 0.0,
        "strID"     : "d7161c24-8223-4213-a71c-0b1a4a51eda5",
        "bForceLoad" : false
      },
      {
        "strName" : "ItmConduit01",
        "fX"      : 9.0,
        "fY"      : -6.0,
        "fRotation" : 0.0,
        "strID"     : "71699f12-dee9-4dde-aab7-7289909220b7",
        "bForceLoad" : false
      },
      {
        "strName" : "ItmConduit01",
        "fX"      : 9.0,
        "fY"      : -7.0,
        "fRotation" : 0.0,
        "strID"     : "877dff31-90c3-4c69-ab18-de7db95781d3",
        "bForceLoad" : false
      },
      {
        "strName" : "ItmConduit01",
        "fX"      : 9.0,
        "fY"      : -8.0,
        "fRotation" : 0.0,
        "strID"     : "a02d3d74-0b9c-4565-b14d-772e64ea3950",
        "bForceLoad" : false
      },
      {
        "strName" : "ItmConduit01",
        "fX"      : 9.0,
        "fY"      : -9.0,
        "fRotation" : 0.0,
        "strID"     : "ed2cae6d-bbbb-424a-ae93-72d36688d260",
        "bForceLoad" : false
      },
      {
        "strName" : "ItmConduit01",
        "fX"      : 9.0,
        "fY"      : -11.0,
        "fRotation" : 0.0,
        "strID"     : "75e7e494-5c53-44ca-960e-e1d5bfe34d02",
        "bForceLoad" : false
      },
      {
        "strName" : "ItmConduit01",
        "fX"      : 1.0,
        "fY"      : -3.0,
        "fRotation" : 0.0,
        "strID"     : "4b892944-9752-4d87-8feb-72d95b8e89fe",
        "bForceLoad" : false
      },
      {
        "strName" : "ItmConduit01",
        "fX"      : 1.0,
        "fY"      : -4.0,
        "fRotation" : 0.0,
        "strID"     : "7d5e3a87-a06f-4347-a406-d8038a114375",
        "bForceLoad" : false
      },
      {
        "strName" : "ItmConduit01",
        "fX"      : 1.0,
        "fY"      : -5.0,
        "fRotation" : 0.0,
        "strID"     : "706b3edc-5c60-4659-b3c7-1c04d509b101",
        "bForceLoad" : false
      },
      {
        "strName" : "ItmConduit01",
        "fX"      : 1.0,
        "fY"      : -6.0,
        "fRotation" : 0.0,
        "strID"     : "28d27571-4fe2-4e88-b133-05137bb71113",
        "bForceLoad" : false
      },
      {
        "strName" : "ItmWallRYOB01",
        "fX"      : 2.0,
        "fY"      : 0.0,
        "fRotation" : 0.0,
        "strID"     : "ef13e8fb-0319-4c9d-9582-6a3847510dbb",
        "bForceLoad" : false
      },
      {
        "strName" : "ItmWallRYOB01",
        "fX"      : 2.0,
        "fY"      : -1.0,
        "fRotation" : 0.0,
        "strID"     : "9d51f345-dffb-430c-a7f1-0b77e4a2b489",
        "bForceLoad" : false
      },
      {
        "strName" : "ItmWallRYOB01",
        "fX"      : 9.0,
        "fY"      : -3.0,
        "fRotation" : 0.0,
        "strID"     : "c0c97c90-6e21-4ee1-8886-2f8ab4042656",
        "bForceLoad" : false
      },
      {
        "strName" : "ItmWallRYOB01",
        "fX"      : 1.0,
        "fY"      : -3.0,
        "fRotation" : 0.0,
        "strID"     : "24b7c394-ecdb-40bf-8ef6-3ec56e7a1648",
        "bForceLoad" : false
      },
      {
        "strName" : "ItmWallRYOB01",
        "fX"      : 1.0,
        "fY"      : -4.0,
        "fRotation" : 0.0,
        "strID"     : "a686f827-5435-466d-8155-aec32d1a3e77",
        "bForceLoad" : false
      },
      {
        "strName" : "ItmWallRYOB01",
        "fX"      : 1.0,
        "fY"      : -5.0,
        "fRotation" : 0.0,
        "strID"     : "7cb772a8-6670-4d60-a5fe-1fa56848df62",
        "bForceLoad" : false
      },
      {
        "strName" : "ItmWallRYOB01",
        "fX"      : 1.0,
        "fY"      : -6.0,
        "fRotation" : 0.0,
        "strID"     : "d1c33dd7-e17e-41c4-990f-e62118f4d3e9",
        "bForceLoad" : false
      },
      {
        "strName" : "ItmWallRYOB01",
        "fX"      : 1.0,
        "fY"      : -7.0,
        "fRotation" : 0.0,
        "strID"     : "49652d42-3ddc-4da8-836f-73612d8e4a26",
        "bForceLoad" : false
      },
      {
        "strName" : "ItmFloorRYOF01",
        "fX"      : 8.0,
        "fY"      : -13.0,
        "fRotation" : 0.0,
        "strID"     : "2218b354-c9b6-4348-a855-f4c6979b0a27",
        "bForceLoad" : false
      },
      {
        "strName" : "ItmFloorRYOF01",
        "fX"      : 8.0,
        "fY"      : -14.0,
        "fRotation" : 0.0,
        "strID"     : "5fa351d1-8228-4c5b-b56d-a87061baca15",
        "bForceLoad" : false
      },
      {
        "strName" : "ItmFloorRYOF01",
        "fX"      : 7.0,
        "fY"      : -14.0,
        "fRotation" : 0.0,
        "strID"     : "ccef6de5-b76d-47ad-8775-ed04747975c6",
        "bForceLoad" : false
      },
      {
        "strName" : "ItmFloorRYOF01",
        "fX"      : 3.0,
        "fY"      : -14.0,
        "fRotation" : 0.0,
        "strID"     : "a8bbc8fb-7ed7-4c9b-a3e5-4e5e5bd0b109",
        "bForceLoad" : false
      },
      {
        "strName" : "ItmFloorRYOF01",
        "fX"      : 2.0,
        "fY"      : -14.0,
        "fRotation" : 0.0,
        "strID"     : "e3d3d1fb-e69a-4ff6-b596-9ec5fe97c82f",
        "bForceLoad" : false
      },
      {
        "strName" : "ItmFloorRYOF01",
        "fX"      : 2.0,
        "fY"      : -13.0,
        "fRotation" : 0.0,
        "strID"     : "599999ad-8a19-4f39-a3c8-eb51a70f1e68",
        "bForceLoad" : false
      },
      {
        "strName" : "ItmFloorRYOF01",
        "fX"      : 2.0,
        "fY"      : 0.0,
        "fRotation" : 0.0,
        "strID"     : "cce1a840-ed93-46ba-9857-49280355d53b",
        "bForceLoad" : false
      },
      {
        "strName" : "ItmFloorRYOF01",
        "fX"      : 2.0,
        "fY"      : -1.0,
        "fRotation" : 0.0,
        "strID"     : "9548371f-6774-442b-8f00-042e166f68de",
        "bForceLoad" : false
      },
      {
        "strName" : "ItmFloorRYOF01",
        "fX"      : 2.0,
        "fY"      : -2.0,
        "fRotation" : 0.0,
        "strID"     : "adb5b8cf-6951-4fd6-81cd-fbf7099c2edb",
        "bForceLoad" : false
      },
      {
        "strName" : "ItmFloorRYOF01",
        "fX"      : 2.0,
        "fY"      : -3.0,
        "fRotation" : 0.0,
        "strID"     : "fd6d88e1-8e84-4bb0-9beb-0ffa45b7f7c7",
        "bForceLoad" : false
      },
      {
        "strName" : "ItmFloorRYOF01",
        "fX"      : 2.0,
        "fY"      : -4.0,
        "fRotation" : 0.0,
        "strID"     : "156f731b-71f5-4318-bdd6-b614151813b4",
        "bForceLoad" : false
      },
      {
        "strName" : "ItmFloorRYOF01",
        "fX"      : 3.0,
        "fY"      : -4.0,
        "fRotation" : 0.0,
        "strID"     : "5e4570e9-74fe-49de-832b-ec88d0067864",
        "bForceLoad" : false
      },
      {
        "strName" : "ItmFloorRYOF01",
        "fX"      : 3.0,
        "fY"      : -3.0,
        "fRotation" : 0.0,
        "strID"     : "818fe9d4-b783-4deb-a525-f62bd1b5d71f",
        "bForceLoad" : false
      },
      {
        "strName" : "ItmFloorRYOF01",
        "fX"      : 3.0,
        "fY"      : -2.0,
        "fRotation" : 0.0,
        "strID"     : "8327a934-5c87-408f-a9f5-1e584a988f9d",
        "bForceLoad" : false
      },
      {
        "strName" : "ItmFloorRYOF01",
        "fX"      : 3.0,
        "fY"      : -1.0,
        "fRotation" : 0.0,
        "strID"     : "65295b51-9bc4-4c21-a7bc-12f90dabd0df",
        "bForceLoad" : false
      },
      {
        "strName" : "ItmFloorRYOF01",
        "fX"      : 3.0,
        "fY"      : 0.0,
        "fRotation" : 0.0,
        "strID"     : "3c693491-ab85-4647-87c0-048106268b5a",
        "bForceLoad" : false
      },
      {
        "strName" : "ItmFloorRYOF01",
        "fX"      : 4.0,
        "fY"      : 0.0,
        "fRotation" : 0.0,
        "strID"     : "387237a4-2944-46aa-a022-c6969f7aa2db",
        "bForceLoad" : false
      },
      {
        "strName" : "ItmFloorRYOF01",
        "fX"      : 4.0,
        "fY"      : -1.0,
        "fRotation" : 0.0,
        "strID"     : "0be25edc-8637-4fd5-a2ac-9871a2f50659",
        "bForceLoad" : false
      },
      {
        "strName" : "ItmFloorRYOF01",
        "fX"      : 4.0,
        "fY"      : -2.0,
        "fRotation" : 0.0,
        "strID"     : "7f6ebbab-a010-4167-90e2-5c4fb5bb362f",
        "bForceLoad" : false
      },
      {
        "strName" : "ItmFloorRYOF01",
        "fX"      : 4.0,
        "fY"      : -3.0,
        "fRotation" : 0.0,
        "strID"     : "27bb2ee0-ef53-4b51-aa22-05944814fd47",
        "bForceLoad" : false
      },
      {
        "strName" : "ItmFloorRYOF01",
        "fX"      : 4.0,
        "fY"      : -4.0,
        "fRotation" : 0.0,
        "strID"     : "12aadfb4-b6a3-41e7-acbd-b3cf1cb78a3e",
        "bForceLoad" : false
      },
      {
        "strName" : "ItmFloorRYOF01",
        "fX"      : 5.0,
        "fY"      : -4.0,
        "fRotation" : 0.0,
        "strID"     : "0b36699e-9680-46f6-b2b8-a57b2a328236",
        "bForceLoad" : false
      },
      {
        "strName" : "ItmFloorRYOF01",
        "fX"      : 5.0,
        "fY"      : -3.0,
        "fRotation" : 0.0,
        "strID"     : "4b8220b2-8418-4d89-94a6-bb2829262db0",
        "bForceLoad" : false
      },
      {
        "strName" : "ItmFloorRYOF01",
        "fX"      : 5.0,
        "fY"      : -2.0,
        "fRotation" : 0.0,
        "strID"     : "3113972d-2348-45a7-bb36-9e93278c9d7b",
        "bForceLoad" : false
      },
      {
        "strName" : "ItmFloorRYOF01",
        "fX"      : 5.0,
        "fY"      : -1.0,
        "fRotation" : 0.0,
        "strID"     : "27c6312c-217c-44c3-ba41-b256a8a22471",
        "bForceLoad" : false
      },
      {
        "strName" : "ItmFloorRYOF01",
        "fX"      : 5.0,
        "fY"      : 0.0,
        "fRotation" : 0.0,
        "strID"     : "d3002ce8-a9fa-4145-9c89-c220fe387cd0",
        "bForceLoad" : false
      },
      {
        "strName" : "ItmFloorRYOF01",
        "fX"      : 6.0,
        "fY"      : 0.0,
        "fRotation" : 0.0,
        "strID"     : "20900dbc-a10b-4f94-926a-8e2cd338aacc",
        "bForceLoad" : false
      },
      {
        "strName" : "ItmFloorRYOF01",
        "fX"      : 6.0,
        "fY"      : -1.0,
        "fRotation" : 0.0,
        "strID"     : "e202a123-d94d-4535-8679-2a1bb30bcc82",
        "bForceLoad" : false
      },
      {
        "strName" : "ItmFloorRYOF01",
        "fX"      : 6.0,
        "fY"      : -2.0,
        "fRotation" : 0.0,
        "strID"     : "0c771e6a-9063-4cbb-b515-ae4a8e2576ad",
        "bForceLoad" : false
      },
      {
        "strName" : "ItmFloorRYOF01",
        "fX"      : 6.0,
        "fY"      : -3.0,
        "fRotation" : 0.0,
        "strID"     : "4c3610ce-d7e8-4cc2-ba3f-0ff939a55896",
        "bForceLoad" : false
      },
      {
        "strName" : "ItmFloorRYOF01",
        "fX"      : 6.0,
        "fY"      : -4.0,
        "fRotation" : 0.0,
        "strID"     : "be96899b-b83f-4742-8fd0-15469600dcd1",
        "bForceLoad" : false
      },
      {
        "strName" : "ItmFloorRYOF01",
        "fX"      : 7.0,
        "fY"      : -4.0,
        "fRotation" : 0.0,
        "strID"     : "5041a74b-33d8-402d-b047-6931f3f278e2",
        "bForceLoad" : false
      },
      {
        "strName" : "ItmFloorRYOF01",
        "fX"      : 7.0,
        "fY"      : -3.0,
        "fRotation" : 0.0,
        "strID"     : "c5b1cb70-e1e3-48e2-adb0-bfa3f1e224e3",
        "bForceLoad" : false
      },
      {
        "strName" : "ItmFloorRYOF01",
        "fX"      : 7.0,
        "fY"      : -2.0,
        "fRotation" : 0.0,
        "strID"     : "de6146dc-065d-47c0-a8bf-ad3852138c68",
        "bForceLoad" : false
      },
      {
        "strName" : "ItmFloorRYOF01",
        "fX"      : 7.0,
        "fY"      : -1.0,
        "fRotation" : 0.0,
        "strID"     : "83c5fd5f-f200-4d75-b4fc-aeebec18f4df",
        "bForceLoad" : false
      },
      {
        "strName" : "ItmFloorRYOF01",
        "fX"      : 7.0,
        "fY"      : 0.0,
        "fRotation" : 0.0,
        "strID"     : "f80e661f-a720-4743-8d8c-358abe951837",
        "bForceLoad" : false
      },
      {
        "strName" : "ItmLitWall1x0Off",
        "fX"      : 10.0,
        "fY"      : -5.0,
        "fRotation" : 90.0,
        "strID"     : "5e9514d0-1881-4a5c-b0db-6d42ca53f16d",
        "bForceLoad" : false
      },
      {
        "strName" : "ItmWallRYOB01",
        "fX"      : 9.0,
        "fY"      : -2.0,
        "fRotation" : 0.0,
        "strID"     : "747856e8-8275-41fb-8b23-ed50c1177e44",
        "bForceLoad" : false
      },
      {
        "strName" : "ItmWallRYOB01",
        "fX"      : 8.0,
        "fY"      : -2.0,
        "fRotation" : 0.0,
        "strID"     : "f5001204-4b46-4ebd-92eb-f3c500f44d57",
        "bForceLoad" : false
      },
      {
        "strName" : "ItmWallRYOB01",
        "fX"      : 8.0,
        "fY"      : -1.0,
        "fRotation" : 0.0,
        "strID"     : "5165768e-95b9-4325-a66f-775e9256ae15",
        "bForceLoad" : false
      },
      {
        "strName" : "ItmFloorRYOF01",
        "fX"      : 8.0,
        "fY"      : 0.0,
        "fRotation" : 0.0,
        "strID"     : "ba43e49c-9226-4bee-9884-0f46d74b8179",
        "bForceLoad" : false
      },
      {
        "strName" : "ItmFloorRYOF01",
        "fX"      : 8.0,
        "fY"      : -1.0,
        "fRotation" : 0.0,
        "strID"     : "6778db44-5e9c-4775-a1f8-f6549107453e",
        "bForceLoad" : false
      },
      {
        "strName" : "ItmFloorRYOF01",
        "fX"      : 8.0,
        "fY"      : -2.0,
        "fRotation" : 0.0,
        "strID"     : "b5d5cd2f-1984-414c-99d2-0c6b20779fc3",
        "bForceLoad" : false
      },
      {
        "strName" : "ItmFloorRYOF01",
        "fX"      : 8.0,
        "fY"      : -3.0,
        "fRotation" : 0.0,
        "strID"     : "a81a61ee-f12d-4352-bd0f-ecf55f9b31ae",
        "bForceLoad" : false
      },
      {
        "strName" : "ItmFloorRYOF01",
        "fX"      : 8.0,
        "fY"      : -4.0,
        "fRotation" : 0.0,
        "strID"     : "acc74938-7f6d-4dcd-8829-fbe20f6b489b",
        "bForceLoad" : false
      },
      {
        "strName" : "ItmFloorRYOF01",
        "fX"      : 9.0,
        "fY"      : -4.0,
        "fRotation" : 0.0,
        "strID"     : "1cce54f4-bf96-4372-afa2-f116e721695b",
        "bForceLoad" : false
      },
      {
        "strName" : "ItmFloorRYOF01",
        "fX"      : 9.0,
        "fY"      : -3.0,
        "fRotation" : 0.0,
        "strID"     : "1dbf2392-8d3f-471c-bc96-72507ec3c735",
        "bForceLoad" : false
      },
      {
        "strName" : "ItmFloorRYOF01",
        "fX"      : 9.0,
        "fY"      : -2.0,
        "fRotation" : 0.0,
        "strID"     : "22a633af-9903-43fb-a9ba-9293f254d0dd",
        "bForceLoad" : false
      },
      {
        "strName" : "ItmWallRYOB01",
        "fX"      : 2.0,
        "fY"      : -2.0,
        "fRotation" : 0.0,
        "strID"     : "07e6174b-0d25-437f-8631-baa8e08ee950",
        "bForceLoad" : false
      },
      {
        "strName" : "ItmWallRYOB01",
        "fX"      : 1.0,
        "fY"      : -2.0,
        "fRotation" : 0.0,
        "strID"     : "1b2293df-df4a-490f-a171-02d17d5c75e1",
        "bForceLoad" : false
      },
      {
        "strName" : "ItmWallRYOB01",
        "fX"      : 8.0,
        "fY"      : 0.0,
        "fRotation" : 0.0,
        "strID"     : "e069a109-3f74-47b0-a96b-5971ed219c4e",
        "bForceLoad" : false
      },
      {
        "strName" : "ItmWallRYOB01",
        "fX"      : 7.0,
        "fY"      : 0.0,
        "fRotation" : 0.0,
        "strID"     : "27a23264-8987-440d-9eaf-3e76047f8122",
        "bForceLoad" : false
      },
      {
        "strName" : "ItmWallRYOB01",
        "fX"      : 6.0,
        "fY"      : 0.0,
        "fRotation" : 0.0,
        "strID"     : "7070a686-9173-4373-afce-6ce1eac5edd1",
        "bForceLoad" : false
      },
      {
        "strName" : "ItmWallRYOB01",
        "fX"      : 5.0,
        "fY"      : 0.0,
        "fRotation" : 0.0,
        "strID"     : "701c0ab5-e690-4f3e-8699-3290261493b8",
        "bForceLoad" : false
      },
      {
        "strName" : "Compartment",
        "fX"      : 0.0,
        "fY"      : 0.0,
        "fRotation" : 0.0,
        "strID"     : "ee347eea-1e0e-4119-bc04-80a3c0ce0190",
        "bForceLoad" : false
      },
      {
        "strName" : "Compartment",
        "fX"      : 9.0,
        "fY"      : 0.0,
        "fRotation" : 0.0,
        "strID"     : "f8c48be5-f930-4c26-9d6a-a43364bc23db",
        "bForceLoad" : false
      },
      {
        "strName" : "Compartment",
        "fX"      : 3.0,
        "fY"      : -1.0,
        "fRotation" : 0.0,
        "strID"     : "cafa0a94-729d-4349-8b8a-c579043aaad6",
        "bForceLoad" : false
      },
      {
        "strName" : "Compartment",
        "fX"      : 3.0,
        "fY"      : -13.0,
        "fRotation" : 0.0,
        "strID"     : "4ee5ec4c-e42c-4a69-989b-108b96153082",
        "bForceLoad" : false
      }
    ],
    "aShallowPSpecs"   : [
      {
        "strName" : "SysLootSpawner",
        "fX"      : 5.0,
        "fY"      : -4.0,
        "fRotation" : 0.0,
        "strID"     : "8b17e701-deb1-4b59-be53-459008bd85cf",
        "bForceLoad" : false,
        "aGPMSettings" : [
          {
            "strName" : "Panel A",
            "dictGUIPropMap" : [
              "strGUIPrefab",
              "GUILootSpawn",
              "strFriendlyName",
              "Loot Spawner",
              "strGUIPrefabRight",
              null,
              "strGUIPrefabLeft",
              null,
              "strGUIPrefabUp",
              null,
              "strGUIPrefabDown",
              null,
              "strType",
              "Pspec",
              "strLoot",
              "NotBoarding",
              "strRange",
              "0",
              "strCount",
              "0",
              "strNew",
              "True",
              "strDamaged",
              "True",
              "strDerelict",
              "True"
            ]
          }
        ]
      },
      {
        "strName" : "SysLootSpawner",
        "fX"      : 5.0,
        "fY"      : -14.0,
        "fRotation" : 0.0,
        "strID"     : "deb3a05d-7794-4468-9435-d3103b91e6c4",
        "bForceLoad" : false,
        "aGPMSettings" : [
          {
            "strName" : "Panel A",
            "dictGUIPropMap" : [
              "strGUIPrefab",
              "GUILootSpawn",
              "strFriendlyName",
              "Loot Spawner",
              "strGUIPrefabRight",
              null,
              "strGUIPrefabLeft",
              null,
              "strGUIPrefabUp",
              null,
              "strGUIPrefabDown",
              null,
              "strType",
              "Pspec",
              "strLoot",
              "Boarding",
              "strRange",
              "1",
              "strCount",
              "0",
              "strNew",
              "True",
              "strDamaged",
              "True",
              "strDerelict",
              "True"
            ]
          }
        ]
      }
    ],
    "vShipPos"         : {
      "x" : 5.0,
      "y" : -4.0
    },
    "objSS"            : {
      "boPORShip" : "Sol",
      "vPosx"     : 0.974547879792256,
      "vPosy"     : -1.56512141820738,
      "vBOOffsetx" : 4.05595449115559E-07,
      "vBOOffsety" : -4.52815978047028E-07,
      "vVelX"      : 1.65873947644599E-07,
      "vVelY"      : 1.49358295449993E-08,
      "vAccIn"     : {
        "x" : 0.0,
        "y" : 0.0
      },
      "vAccRCS"    : {
        "x" : 0.0,
        "y" : 0.0
      },
      "vAccEx"     : {
        "x" : -5.975499E-15,
        "y" : 9.971638E-15
      },
      "fRot"       : 1.229762,
      "fW"         : 0.0,
      "fA"         : 0.0,
      "bBOLocked"  : false,
      "bIsBO"      : false,
      "bIsRegion"  : false,
      "bIsNoFees"  : false
    },
    "aRooms"           : [
      {
        "strID" : "ee347eea-1e0e-4119-bc04-80a3c0ce0190",
        "bVoid" : true,
        "aTiles" : [
          0,
          1,
          11,
          12,
          22,
          33,
          44,
          55,
          66,
          77,
          88,
          99,
          110,
          121,
          132,
          143,
          144,
          154,
          155,
          165,
          166,
          176,
          167,
          177,
          178
        ]
      },
      {
        "strID" : "f8c48be5-f930-4c26-9d6a-a43364bc23db",
        "bVoid" : true,
        "aTiles" : [
          9,
          10,
          20,
          21,
          32,
          43,
          54,
          65,
          76,
          87,
          98,
          109,
          120,
          131,
          142,
          153,
          152,
          164,
          163,
          175,
          174,
          186,
          173,
          185,
          184
        ]
      },
      {
        "strID" : "cafa0a94-729d-4349-8b8a-c579043aaad6",
        "bVoid" : false,
        "aTiles" : [
          14,
          15,
          25,
          16,
          26,
          36,
          17,
          27,
          37,
          35,
          47,
          18,
          28,
          38,
          48,
          46,
          58,
          29,
          39,
          49,
          59,
          57,
          69,
          40,
          50,
          60,
          70,
          68,
          80,
          41,
          51,
          61,
          71,
          81,
          79,
          91,
          52,
          62,
          72,
          82,
          92,
          90,
          102,
          63,
          73,
          83,
          93,
          103,
          101,
          113,
          74,
          84,
          94,
          104,
          114,
          112,
          124,
          85,
          95,
          105,
          115,
          125,
          123,
          96,
          106,
          116,
          126,
          107,
          117,
          127,
          137,
          118,
          128,
          129
        ]
      },
      {
        "strID" : "4ee5ec4c-e42c-4a69-989b-108b96153082",
        "bVoid" : false,
        "aTiles" : [
          146,
          147,
          148,
          158,
          149,
          159,
          169,
          150,
          160,
          170,
          171,
          181
        ]
      }
    ],
    "DMGStatus"        : 0,
    "fLastVisit"       : 65627504135.7852,
    "fAIDockingTimer"  : 0.0,
    "fAIPauseTimer"    : 9.15896654129028,
    "bPrefill"         : false,
    "bNoCollisions"    : false,
    "dLastScanTime"    : 0.0,
    "bLocalAuthority"  : false,
    "bAIShip"          : false,
    "make"             : "Ryokka",
    "model"            : "TU-77a",
    "year"             : "2059",
    "origin"           : "Atlantis",
    "designation"      : "Salvage Tug",
    "publicName"       : "Hyperborean Cold Front",
    "dimensions"       : "0.32m x 3.52m",
    "fShallowMass"     : 2702.5,
    "fShallowRCSRemass" : 0.0,
    "fShallowRCSRemassMax" : 0.0,
    "fShallowFusionRemain" : 0.0,
    "fBreakInMultiplier"   : 0.0,
    "nRCSCount"            : 0,
    "nRCSDistroCount"      : 0,
    "nDockCount"           : 1,
    "bFusionTorch"         : false
  }
]