
[
  {
    "strName" : "J-SJ4D",
    "strRegID" : "J-SJ4D",
    "nCurrentWaypoint" : -1,
    "fTimeEngaged"     : 167105.0,
    "aProxIgnores"     : [
      "E-PN6"
    ],
    "aCOs"             : [
      {
        "strID" : "f81bdd6e-4299-48a0-a120-e99290b2d6dc",
        "strCODef" : "SysLootSpawner",
        "bAlive"   : true,
        "aConds"   : [
          "IsNonHighlightable=1.0x1",
          "IsHiddenInv=1.0x1",
          "IsLootSpawner=1.0x1",
          "IsSystem=1.0x1"
        ],
        "strCondID" : "SysLootSpawnerf81bdd6e-4299-48a0-a120-e99290b2d6dc",
        "inventoryX" : 0,
        "inventoryY" : 0,
        "fDGasTemp"  : 0.0,
        "fLastICOUpdate" : 65627525995.2586,
        "nDestTile"      : 0,
        "strIdleAnim"    : "Idle",
        "aMyShips"       : [
          "J-SJ4D"
        ],
        "strIMGPreview"  : "IcoLoot",
        "strFriendlyName" : "SysLootSpawner",
        "strRegIDLast"    : "J-SJ4D"
      },
      {
        "strID" : "f67a07d8-f451-4697-9d99-0e17f3d58280",
        "strCODef" : "SysLootSpawner",
        "bAlive"   : true,
        "aConds"   : [
          "IsNonHighlightable=1.0x1",
          "IsHiddenInv=1.0x1",
          "IsLootSpawner=1.0x1",
          "IsSystem=1.0x1"
        ],
        "strCondID" : "SysLootSpawnerf67a07d8-f451-4697-9d99-0e17f3d58280",
        "inventoryX" : 0,
        "inventoryY" : 0,
        "fDGasTemp"  : 0.0,
        "fLastICOUpdate" : 65627525995.2586,
        "nDestTile"      : 0,
        "strIdleAnim"    : "Idle",
        "aMyShips"       : [
          "J-SJ4D"
        ],
        "strIMGPreview"  : "IcoLoot",
        "strFriendlyName" : "SysLootSpawner",
        "strRegIDLast"    : "J-SJ4D"
      }
    ],
    "aItems"           : [
      {
        "strName" : "ItmFloorMSSLFWhite02",
        "fX"      : 5.0,
        "fY"      : -24.0,
        "fRotation" : 180.0,
        "strID"     : "626af6f7-2bcd-4303-ba46-6b81806f735e",
        "bForceLoad" : false
      },
      {
        "strName" : "ItmFloorMSSLFWhite02",
        "fX"      : 6.0,
        "fY"      : -24.0,
        "fRotation" : 180.0,
        "strID"     : "d5cc85a6-6826-4092-ac28-80ab1a6c7b7d",
        "bForceLoad" : false
      },
      {
        "strName" : "ItmFloorMSSLFWhite02",
        "fX"      : 6.0,
        "fY"      : -25.0,
        "fRotation" : 180.0,
        "strID"     : "2e629e78-75c0-46a9-9ec2-b96caf8b1e03",
        "bForceLoad" : false
      },
      {
        "strName" : "ItmFloorMSSLFWhite02",
        "fX"      : 5.0,
        "fY"      : -25.0,
        "fRotation" : 180.0,
        "strID"     : "7f775b26-75b8-48dd-ab5b-fb366e4f5195",
        "bForceLoad" : false
      },
      {
        "strName" : "ItmFloorMSSLFWhite02",
        "fX"      : 4.0,
        "fY"      : -25.0,
        "fRotation" : 180.0,
        "strID"     : "131a48cd-cef7-488c-8be5-c4b843d51401",
        "bForceLoad" : false
      },
      {
        "strName" : "ItmFloorMSSLFWhite02",
        "fX"      : 4.0,
        "fY"      : -24.0,
        "fRotation" : 180.0,
        "strID"     : "dcb555ca-021a-4e5c-bc6a-4b44fa7fd83c",
        "bForceLoad" : false
      },
      {
        "strName" : "ItmFloorMSSLFWhite02",
        "fX"      : 4.0,
        "fY"      : -23.0,
        "fRotation" : 180.0,
        "strID"     : "4fe93a02-163b-45a6-abaa-5b71bf91abf1",
        "bForceLoad" : false
      },
      {
        "strName" : "ItmFloorMSSLFWhite02",
        "fX"      : 5.0,
        "fY"      : -23.0,
        "fRotation" : 180.0,
        "strID"     : "b724cc76-62fe-4ffb-b54a-cd0a66e00a0f",
        "bForceLoad" : false
      },
      {
        "strName" : "ItmFloorMSSLFWhite02",
        "fX"      : 6.0,
        "fY"      : -23.0,
        "fRotation" : 180.0,
        "strID"     : "fa672101-f57b-4632-ae9d-ee8f91dd3901",
        "bForceLoad" : false
      },
      {
        "strName" : "ItmStationNavLoose",
        "fX"      : 5.0,
        "fY"      : -24.0,
        "fRotation" : 180.0,
        "strID"     : "284797e3-c990-45bc-83da-d6d948c41337",
        "bForceLoad" : false,
        "aGPMSettings" : [
          {
            "strName" : "Panel A",
            "dictGUIPropMap" : [
              "strGUIPrefab",
              "GUIOrbitDraw/GUIOrbitDraw",
              "strFriendlyName",
              "Nav Controls",
              "strGUIPrefabRight",
              "Panel Right",
              "strGUIPrefabLeft",
              null,
              "strGUIPrefabUp",
              null,
              "strGUIPrefabDown",
              null,
              "Contact_H-BVF",
              "H-BVF;Ryokka;TU-77a;2059;Atlantis;Salvage Tug;Hyperborean Cold Front;3.52m x 5.44m",
              "bEngage",
              "false",
              "bRCS",
              "true",
              "bNote",
              "false",
              "nProjSteps",
              "4",
              "fTimeRate",
              "1",
              "nFollow",
              "1",
              "nLabels",
              "3",
              "Contact_OKLG",
              "OKLG;;;2032;K-Leg;Ground Station;K-Leg: Port Azikiwe;17.92m x 16.96m",
              "strPOIShip",
              "E-PN6",
              "Contact_E-6Q31",
              "E-6Q31;Mobile Space Systems;Argute;2060;Qincheng Station;Rapid Courier;Improbable Queen;6.08m x 0.32m",
              "Contact_V-FQWG",
              "V-FQWG;Ryokka;T TU-1a;2056;Qincheng Station;Gas Tug;Nano Rabbit;0.32m x 3.2m",
              "Contact_O-P2YV",
              "O-P2YV;Testudo;Ibex;2062;Fort Simpson;Survey;Impossible Mongoose;2.88m x 7.68m",
              "Contact_J-GUE",
              "J-GUE;Testudo;Ferry Mk. IX;2062;Atlantis;Passenger Shuttle;Invisible Morph;8.32m x 0.32m",
              "Contact_B-Q81",
              "B-Q81;Ryokka;TU-44a;2051;Hangzhou Station;Heavy Tug;Dark Jazz;1.92m x 3.52m",
              "Contact_E-GZ8",
              "E-GZ8;Ryokka;T TU-8a;2060;K-Leg;Gas Tug;Rising Matrix;0.32m x 3.84m",
              "Contact_O-6PD",
              "O-6PD;Testudo;Charon Mk. I;2054;Tharsis Landing;Passenger Shuttle;Lawyer of Large Numbers;5.12m x 4.48m",
              "Contact_O-48Y",
              "O-48Y;Testudo;Tombolo Mk. II;2046;Qincheng Station;Freighter;Noble Salvage Myth;0.96m x 1.92m",
              "Contact_J-L16",
              "J-L16;Farrow Independant Shipwrights;Primigenial;2052;Hangzhou Station;Pleasure Yacht;Agitprop;2.24m x 1.92m",
              "Contact_O-BFX",
              "O-BFX;Mobile Space Systems;Vector Mk. III;2065;K-Leg: Port Azikiwe;Interceptor;NASS Patrol 85;4.16m x 15.68m",
              "Contact_E-PN6",
              "E-PN6;Testudo;Tombolo Mk. II;2046;Calico City;Freighter;Bleak Future;6.72m x 12.48m",
              "Contact_J-14W",
              "J-14W;Custom;Whistler;2071;Cloudbreak Aerostat;n/a;Dreadnaught;0.32m x 3.52m",
              "Contact_J-3RHV",
              "J-3RHV;Ryokka;T TU-1a;2056;Cloudbreak Aerostat;Gas Tug;Telic One;0.32m x 3.2m",
              "Contact_B-7LLZ",
              "B-7LLZ;Testudo;Ocelot;2052;Fort Simpson;Freighter;Gravitas In The Sheets;2.56m x 4.8m",
              "Contact_M-6RV8",
              "M-6RV8;Testudo;Tombolo Mk. II;2046;Voltaire;Freighter;Terrible Terrapin;0.96m x 1.92m"
            ]
          },
          {
            "strName" : "Panel Right",
            "dictGUIPropMap" : [
              "strGUIPrefab",
              "GUIDockSys",
              "strFriendlyName",
              "Docking Controls",
              "strGUIPrefabRight",
              null,
              "strGUIPrefabLeft",
              "Panel A",
              "strGUIPrefabUp",
              null,
              "strGUIPrefabDown",
              null
            ]
          },
          {
            "strName" : "Panel Computer",
            "dictGUIPropMap" : [
              "strGUIPrefab",
              "GUIComputer/GUIComputer2",
              "strFriendlyName",
              "PDA",
              "strGUIPrefabRight",
              null,
              "strGUIPrefabLeft",
              null,
              "strGUIPrefabUp",
              null,
              "strGUIPrefabDown",
              null
            ]
          }
        ]
      },
      {
        "strName" : "ItmFloorMSSLFWhite04",
        "fX"      : 7.0,
        "fY"      : -25.0,
        "fRotation" : 180.0,
        "strID"     : "57e71897-f564-44c1-a4b7-d5bdacdc69e5",
        "bForceLoad" : false
      },
      {
        "strName" : "ItmFloorMSSLFWhite04",
        "fX"      : 7.0,
        "fY"      : -24.0,
        "fRotation" : 180.0,
        "strID"     : "36a0b89f-b782-4103-90d2-145f0d90a05c",
        "bForceLoad" : false
      },
      {
        "strName" : "ItmFloorMSSLFWhite04",
        "fX"      : 7.0,
        "fY"      : -23.0,
        "fRotation" : 180.0,
        "strID"     : "2f32e692-15bd-4466-8b55-f1c8b62d8f79",
        "bForceLoad" : false
      },
      {
        "strName" : "ItmFloorMSSLFWhite04",
        "fX"      : 3.0,
        "fY"      : -25.0,
        "fRotation" : 0.0,
        "strID"     : "a6d0a75f-aa73-4157-9a50-e6fe7245b530",
        "bForceLoad" : false
      },
      {
        "strName" : "ItmFloorMSSLFWhite04",
        "fX"      : 3.0,
        "fY"      : -24.0,
        "fRotation" : 0.0,
        "strID"     : "84733636-4d9a-4e8b-b4e0-773bc91fd87b",
        "bForceLoad" : false
      },
      {
        "strName" : "ItmFloorMSSLFWhite04",
        "fX"      : 3.0,
        "fY"      : -23.0,
        "fRotation" : 0.0,
        "strID"     : "b945cc1f-b62a-47c4-9013-eb2ab13611af",
        "bForceLoad" : false
      },
      {
        "strName" : "ItmFloorMSSLFWhite05",
        "fX"      : 3.0,
        "fY"      : -22.0,
        "fRotation" : 90.0,
        "strID"     : "7b06e2e3-87ad-4a52-9c4e-713e1be73ef9",
        "bForceLoad" : false
      },
      {
        "strName" : "ItmFloorMSSLFWhite03",
        "fX"      : 4.0,
        "fY"      : -22.0,
        "fRotation" : 270.0,
        "strID"     : "66796c55-ae04-4e67-875d-57b58eea3eac",
        "bForceLoad" : false
      },
      {
        "strName" : "ItmFloorMSSLFWhite02",
        "fX"      : 5.0,
        "fY"      : -22.0,
        "fRotation" : 180.0,
        "strID"     : "14f448ce-2849-4f52-bc6e-86711e23564b",
        "bForceLoad" : false
      },
      {
        "strName" : "ItmFloorMSSLFWhite03",
        "fX"      : 6.0,
        "fY"      : -22.0,
        "fRotation" : 180.0,
        "strID"     : "450bbcb1-732f-4d7e-9d3c-34d563b7d544",
        "bForceLoad" : false
      },
      {
        "strName" : "ItmFloorMSSLFWhite05",
        "fX"      : 7.0,
        "fY"      : -22.0,
        "fRotation" : 0.0,
        "strID"     : "eed7415f-b817-4368-9d5b-ee69785bfb00",
        "bForceLoad" : false
      },
      {
        "strName" : "ItmFloorMSSLFWhite04",
        "fX"      : 7.0,
        "fY"      : -26.0,
        "fRotation" : 180.0,
        "strID"     : "f3a6582e-2ad8-4720-87ea-d0dbff98ad03",
        "bForceLoad" : false
      },
      {
        "strName" : "ItmFloorMSSLFWhite02",
        "fX"      : 6.0,
        "fY"      : -26.0,
        "fRotation" : 180.0,
        "strID"     : "e0e625b9-9925-45d3-8783-2fc195053ef8",
        "bForceLoad" : false
      },
      {
        "strName" : "ItmFloorMSSLFWhite04",
        "fX"      : 3.0,
        "fY"      : -26.0,
        "fRotation" : 0.0,
        "strID"     : "12e84dcb-5d1a-4f3b-b8e7-d6f7a8320a82",
        "bForceLoad" : false
      },
      {
        "strName" : "ItmFloorMSSLFWhite02",
        "fX"      : 4.0,
        "fY"      : -26.0,
        "fRotation" : 180.0,
        "strID"     : "e9ed3b76-121f-419c-b0a8-fff4f93d50b9",
        "bForceLoad" : false
      },
      {
        "strName" : "ItmFloorMSSLFWhite04",
        "fX"      : 6.0,
        "fY"      : -21.0,
        "fRotation" : 180.0,
        "strID"     : "3f6ab38f-6f69-4937-87bc-c46ae8c728b2",
        "bForceLoad" : false
      },
      {
        "strName" : "ItmFloorMSSLFWhite02",
        "fX"      : 5.0,
        "fY"      : -21.0,
        "fRotation" : 180.0,
        "strID"     : "6daea931-86ca-4575-a4e7-9eb2728de072",
        "bForceLoad" : false
      },
      {
        "strName" : "ItmFloorMSSLFWhite04",
        "fX"      : 4.0,
        "fY"      : -21.0,
        "fRotation" : 0.0,
        "strID"     : "fc2971f5-7f7d-4ae9-a7ee-6a99dc3de375",
        "bForceLoad" : false
      },
      {
        "strName" : "ItmFloorMSSLFWhite01",
        "fX"      : 3.0,
        "fY"      : -21.0,
        "fRotation" : 180.0,
        "strID"     : "d1671bfd-6331-40cf-90a8-0f8bcb127421",
        "bForceLoad" : false
      },
      {
        "strName" : "ItmFloorMSSLFWhite01",
        "fX"      : 3.0,
        "fY"      : -20.0,
        "fRotation" : 180.0,
        "strID"     : "34e5d452-e4ea-4248-ad74-ee1d57387e57",
        "bForceLoad" : false
      },
      {
        "strName" : "ItmFloorMSSLFWhite04",
        "fX"      : 4.0,
        "fY"      : -20.0,
        "fRotation" : 0.0,
        "strID"     : "e4a08ae9-5386-4d60-b8d7-a4a02ef1ec87",
        "bForceLoad" : false
      },
      {
        "strName" : "ItmFloorMSSLFWhite02",
        "fX"      : 5.0,
        "fY"      : -20.0,
        "fRotation" : 180.0,
        "strID"     : "151f1025-b8d6-4549-8e4a-e2d85300cb02",
        "bForceLoad" : false
      },
      {
        "strName" : "ItmFloorMSSLFWhite01",
        "fX"      : 7.0,
        "fY"      : -20.0,
        "fRotation" : 180.0,
        "strID"     : "64131e2d-1186-4d5a-b72b-0aed28c61286",
        "bForceLoad" : false
      },
      {
        "strName" : "ItmFloorMSSLFWhite01",
        "fX"      : 7.0,
        "fY"      : -19.0,
        "fRotation" : 180.0,
        "strID"     : "bfa90d02-d565-421d-8a89-7d439c913496",
        "bForceLoad" : false
      },
      {
        "strName" : "ItmFloorMSSLFWhite04",
        "fX"      : 6.0,
        "fY"      : -19.0,
        "fRotation" : 180.0,
        "strID"     : "7393e389-f5af-4bfc-8094-29498db1689e",
        "bForceLoad" : false
      },
      {
        "strName" : "ItmFloorMSSLFWhite02",
        "fX"      : 5.0,
        "fY"      : -19.0,
        "fRotation" : 180.0,
        "strID"     : "06d289ed-5d6b-452c-a8ee-4a6712f6f37c",
        "bForceLoad" : false
      },
      {
        "strName" : "ItmFloorMSSLFWhite04",
        "fX"      : 4.0,
        "fY"      : -19.0,
        "fRotation" : 0.0,
        "strID"     : "12b5d8d4-c37f-4cc0-9f4b-be377ea8f147",
        "bForceLoad" : false
      },
      {
        "strName" : "ItmFloorMSSLFWhite01",
        "fX"      : 3.0,
        "fY"      : -19.0,
        "fRotation" : 180.0,
        "strID"     : "0e135c16-fa12-43b5-9e69-f3005b24efaf",
        "bForceLoad" : false
      },
      {
        "strName" : "ItmFloorMSSLFWhite01",
        "fX"      : 2.0,
        "fY"      : -19.0,
        "fRotation" : 180.0,
        "strID"     : "ba124556-7e8b-417f-880a-d0f21e36221f",
        "bForceLoad" : false
      },
      {
        "strName" : "ItmFloorMSSLFWhite01",
        "fX"      : 2.0,
        "fY"      : -20.0,
        "fRotation" : 180.0,
        "strID"     : "aba2d469-e205-4853-b25a-1ede88294e4e",
        "bForceLoad" : false
      },
      {
        "strName" : "ItmFloorMSSLFWhite01",
        "fX"      : 9.0,
        "fY"      : -18.0,
        "fRotation" : 180.0,
        "strID"     : "a80772f5-4797-4ad4-b269-ba95b95f9117",
        "bForceLoad" : false
      },
      {
        "strName" : "ItmConduit01",
        "fX"      : 7.0,
        "fY"      : -18.0,
        "fRotation" : 0.0,
        "strID"     : "efb01e5b-cadf-4903-9da2-7523dd509c10",
        "bForceLoad" : false
      },
      {
        "strName" : "ItmConduit01",
        "fX"      : 8.0,
        "fY"      : -18.0,
        "fRotation" : 0.0,
        "strID"     : "55d707ec-9723-483a-b74d-3c0efd6ae13b",
        "bForceLoad" : false
      },
      {
        "strName" : "ItmFloorMSSLFWhite01",
        "fX"      : 2.0,
        "fY"      : -25.0,
        "fRotation" : 180.0,
        "strID"     : "51204b16-27be-475a-bdb1-672245cfc903",
        "bForceLoad" : false
      },
      {
        "strName" : "ItmFloorMSSLFWhite01",
        "fX"      : 8.0,
        "fY"      : -25.0,
        "fRotation" : 180.0,
        "strID"     : "433feedb-ed64-4ed6-b0c4-9600cc27b42b",
        "bForceLoad" : false
      },
      {
        "strName" : "ItmLitWall1x0Off",
        "fX"      : 8.0,
        "fY"      : -17.0,
        "fRotation" : 180.0,
        "strID"     : "5394b3d8-2f85-482c-9da2-b167fb86525a",
        "bForceLoad" : false
      },
      {
        "strName" : "ItmFloorMSSLFWhite01",
        "fX"      : 8.0,
        "fY"      : -21.0,
        "fRotation" : 180.0,
        "strID"     : "ee50bb33-f454-4911-9638-98fb848c8d81",
        "bForceLoad" : false
      },
      {
        "strName" : "ItmFloorMSSLFWhite01",
        "fX"      : 8.0,
        "fY"      : -20.0,
        "fRotation" : 180.0,
        "strID"     : "7ac13dc4-8b22-4dd1-8275-d6745960ead8",
        "bForceLoad" : false
      },
      {
        "strName" : "ItmFloorMSSLFWhite01",
        "fX"      : 8.0,
        "fY"      : -19.0,
        "fRotation" : 180.0,
        "strID"     : "1c6b130c-6007-4c42-bca7-7242fd573b9a",
        "bForceLoad" : false
      },
      {
        "strName" : "ItmWallMSSLFWhite",
        "fX"      : 8.0,
        "fY"      : -25.0,
        "fRotation" : 0.0,
        "strID"     : "b8820364-cc19-41ec-a2fa-4723872e1d47",
        "bForceLoad" : false
      },
      {
        "strName" : "ItmWallMSSLFWhite",
        "fX"      : 2.0,
        "fY"      : -25.0,
        "fRotation" : 0.0,
        "strID"     : "8b16ce24-3635-4b92-adfc-11f80e182104",
        "bForceLoad" : false
      },
      {
        "strName" : "ItmFloorMSSLFWhite01",
        "fX"      : 8.0,
        "fY"      : -18.0,
        "fRotation" : 180.0,
        "strID"     : "369dbd13-10b3-4be7-92ea-f13a0cf40b8c",
        "bForceLoad" : false
      },
      {
        "strName" : "ItmWallMSSLFWhite",
        "fX"      : 2.0,
        "fY"      : -26.0,
        "fRotation" : 0.0,
        "strID"     : "091ec66c-2fbe-48e5-bfe2-19944ac44751",
        "bForceLoad" : false
      },
      {
        "strName" : "ItmWallMSSLFWhite",
        "fX"      : 3.0,
        "fY"      : -26.0,
        "fRotation" : 0.0,
        "strID"     : "17292949-45fd-473d-9888-f78372dc8d1d",
        "bForceLoad" : false
      },
      {
        "strName" : "ItmFloorMSSLFWhite01",
        "fX"      : 7.0,
        "fY"      : -18.0,
        "fRotation" : 180.0,
        "strID"     : "3b6defbc-036e-4469-ad69-3cd293f8fe74",
        "bForceLoad" : false
      },
      {
        "strName" : "ItmFloorMSSLFWhite04",
        "fX"      : 6.0,
        "fY"      : -18.0,
        "fRotation" : 180.0,
        "strID"     : "e059c50a-1280-48d9-a79d-833b2765a7a5",
        "bForceLoad" : false
      },
      {
        "strName" : "ItmFloorMSSLFWhite02",
        "fX"      : 5.0,
        "fY"      : -18.0,
        "fRotation" : 180.0,
        "strID"     : "a9a66bd9-d7ee-4c6e-9474-fdd2fc876192",
        "bForceLoad" : false
      },
      {
        "strName" : "ItmFloorMSSLFWhite04",
        "fX"      : 4.0,
        "fY"      : -18.0,
        "fRotation" : 0.0,
        "strID"     : "b687358f-e6ba-41c9-a6ca-e208f4482c61",
        "bForceLoad" : false
      },
      {
        "strName" : "ItmFloorMSSLFWhite01",
        "fX"      : 3.0,
        "fY"      : -18.0,
        "fRotation" : 180.0,
        "strID"     : "c0717c60-0a51-4665-b1ac-983f865cf802",
        "bForceLoad" : false
      },
      {
        "strName" : "ItmFloorMSSLFWhite01",
        "fX"      : 2.0,
        "fY"      : -18.0,
        "fRotation" : 180.0,
        "strID"     : "42a697c0-8e45-49f6-893e-8e71b5fa695d",
        "bForceLoad" : false
      },
      {
        "strName" : "ItmDockSys02Closed",
        "fX"      : 5.0,
        "fY"      : -17.5,
        "fRotation" : 0.0,
        "strID"     : "5c967ca7-cfb0-47b4-8102-7754665fb431",
        "bForceLoad" : false
      },
      {
        "strName" : "ItmWallMSSLFWhite",
        "fX"      : 8.0,
        "fY"      : -18.0,
        "fRotation" : 0.0,
        "strID"     : "2d1d95dd-cc57-43fe-8230-393d6ec7007c",
        "bForceLoad" : false
      },
      {
        "strName" : "ItmWallMSSLFWhite",
        "fX"      : 2.0,
        "fY"      : -18.0,
        "fRotation" : 0.0,
        "strID"     : "d17118ba-4349-4409-a121-531f30839e08",
        "bForceLoad" : false
      },
      {
        "strName" : "ItmConduit01",
        "fX"      : 5.0,
        "fY"      : -26.0,
        "fRotation" : 0.0,
        "strID"     : "6ff35e06-b6be-47d8-a582-2ba318ba6621",
        "bForceLoad" : false
      },
      {
        "strName" : "ItmConduit01",
        "fX"      : 4.0,
        "fY"      : -26.0,
        "fRotation" : 0.0,
        "strID"     : "214fc321-66ba-4dc3-b5fb-0e11507b341b",
        "bForceLoad" : false
      },
      {
        "strName" : "ItmConduit01",
        "fX"      : 3.0,
        "fY"      : -26.0,
        "fRotation" : 0.0,
        "strID"     : "4739135d-a2e4-4107-887b-0f10866a785f",
        "bForceLoad" : false
      },
      {
        "strName" : "ItmConduit01",
        "fX"      : 2.0,
        "fY"      : -26.0,
        "fRotation" : 0.0,
        "strID"     : "5aeb6db9-4ed0-4eec-ab00-730e075e2b78",
        "bForceLoad" : false
      },
      {
        "strName" : "ItmConduit01",
        "fX"      : 2.0,
        "fY"      : -25.0,
        "fRotation" : 0.0,
        "strID"     : "05eab7d7-8956-4f13-a528-cf33cf657564",
        "bForceLoad" : false
      },
      {
        "strName" : "ItmConduit01",
        "fX"      : 8.0,
        "fY"      : -25.0,
        "fRotation" : 0.0,
        "strID"     : "2a38ecea-f81b-4236-a3f2-7e25345a2d18",
        "bForceLoad" : false
      },
      {
        "strName" : "ItmConduit01",
        "fX"      : 8.0,
        "fY"      : -26.0,
        "fRotation" : 0.0,
        "strID"     : "00e0e991-8af3-4a7e-86c5-b7ba0e7b29b9",
        "bForceLoad" : false
      },
      {
        "strName" : "ItmConduit01",
        "fX"      : 7.0,
        "fY"      : -26.0,
        "fRotation" : 0.0,
        "strID"     : "458c6204-4a17-41e5-8d64-e8871acc6581",
        "bForceLoad" : false
      },
      {
        "strName" : "ItmConduit01",
        "fX"      : 6.0,
        "fY"      : -26.0,
        "fRotation" : 0.0,
        "strID"     : "573b1a67-8e73-4c74-9209-bd6fe0a9f6c3",
        "bForceLoad" : false
      },
      {
        "strName" : "ItmConduit01",
        "fX"      : 4.0,
        "fY"      : -25.0,
        "fRotation" : 0.0,
        "strID"     : "056a50af-c67e-4113-8a90-cd169d08fd73",
        "bForceLoad" : false
      },
      {
        "strName" : "ItmFloorMSSLFWhite01",
        "fX"      : 9.0,
        "fY"      : -19.0,
        "fRotation" : 180.0,
        "strID"     : "d9c0524a-3e2d-43cb-97ea-fcb3adc0a08a",
        "bForceLoad" : false
      },
      {
        "strName" : "ItmFloorMSSLFWhite01",
        "fX"      : 8.0,
        "fY"      : -22.0,
        "fRotation" : 180.0,
        "strID"     : "bcea7dc7-34c1-4bf6-af2f-f3bce85a67af",
        "bForceLoad" : false
      },
      {
        "strName" : "ItmFloorMSSLFWhite01",
        "fX"      : 8.0,
        "fY"      : -23.0,
        "fRotation" : 180.0,
        "strID"     : "0104b3e5-8421-4a19-b785-d30faee5f2f5",
        "bForceLoad" : false
      },
      {
        "strName" : "ItmFloorMSSLFWhite01",
        "fX"      : 8.0,
        "fY"      : -24.0,
        "fRotation" : 180.0,
        "strID"     : "7ff978d7-f55d-49db-8dce-b57d55cf8fab",
        "bForceLoad" : false
      },
      {
        "strName" : "ItmFloorMSSLFWhite01",
        "fX"      : 8.0,
        "fY"      : -26.0,
        "fRotation" : 180.0,
        "strID"     : "e2bb60e1-1e02-49b9-a005-0e3f21dbb70c",
        "bForceLoad" : false
      },
      {
        "strName" : "ItmFloorMSSLFWhite02",
        "fX"      : 5.0,
        "fY"      : -26.0,
        "fRotation" : 180.0,
        "strID"     : "564bbb03-7f32-4477-a6f4-46746e760587",
        "bForceLoad" : false
      },
      {
        "strName" : "ItmFloorMSSLFWhite01",
        "fX"      : 2.0,
        "fY"      : -26.0,
        "fRotation" : 180.0,
        "strID"     : "6b84bbf0-2ce7-465d-97f7-e53ef642634f",
        "bForceLoad" : false
      },
      {
        "strName" : "ItmFloorMSSLFWhite01",
        "fX"      : 2.0,
        "fY"      : -24.0,
        "fRotation" : 180.0,
        "strID"     : "68be32b8-aa7e-4807-b38c-347f87e4ce2b",
        "bForceLoad" : false
      },
      {
        "strName" : "ItmFloorMSSLFWhite01",
        "fX"      : 2.0,
        "fY"      : -23.0,
        "fRotation" : 180.0,
        "strID"     : "0b3c5791-f611-400b-b502-4a35d7c3a3e9",
        "bForceLoad" : false
      },
      {
        "strName" : "ItmFloorMSSLFWhite01",
        "fX"      : 2.0,
        "fY"      : -22.0,
        "fRotation" : 180.0,
        "strID"     : "58db87a7-dbe7-4240-9b46-5e41eb4cddec",
        "bForceLoad" : false
      },
      {
        "strName" : "ItmFloorMSSLFWhite01",
        "fX"      : 2.0,
        "fY"      : -21.0,
        "fRotation" : 180.0,
        "strID"     : "c68a66e7-3bc6-4136-b20b-6a7c9092ff7c",
        "bForceLoad" : false
      },
      {
        "strName" : "ItmWallMSSLFWhite",
        "fX"      : 4.0,
        "fY"      : -26.0,
        "fRotation" : 0.0,
        "strID"     : "bc5cdbce-7882-4c1c-b697-e19ab9b43c49",
        "bForceLoad" : false
      },
      {
        "strName" : "ItmWallMSSLFWhite",
        "fX"      : 5.0,
        "fY"      : -26.0,
        "fRotation" : 0.0,
        "strID"     : "167f0ab7-f6f5-4e7c-a591-e4b96ef6abf8",
        "bForceLoad" : false
      },
      {
        "strName" : "ItmWallMSSLFWhite",
        "fX"      : 6.0,
        "fY"      : -26.0,
        "fRotation" : 0.0,
        "strID"     : "9be8a3ce-ce70-4078-aa7e-9060700363d3",
        "bForceLoad" : false
      },
      {
        "strName" : "ItmWallMSSLFWhite",
        "fX"      : 7.0,
        "fY"      : -26.0,
        "fRotation" : 0.0,
        "strID"     : "7faddfd6-7997-4b23-9cc6-65c825b7c606",
        "bForceLoad" : false
      },
      {
        "strName" : "ItmWallMSSLFWhite",
        "fX"      : 8.0,
        "fY"      : -26.0,
        "fRotation" : 0.0,
        "strID"     : "1e9a85d3-eec7-4d07-9acf-3773b2f707f4",
        "bForceLoad" : false
      },
      {
        "strName" : "ItmFloorMSSLFWhite01",
        "fX"      : 9.0,
        "fY"      : -20.0,
        "fRotation" : 180.0,
        "strID"     : "08a34bef-db78-4455-b6e1-8365653ed98f",
        "bForceLoad" : false
      },
      {
        "strName" : "ItmFloorMSSLFWhite01",
        "fX"      : 9.0,
        "fY"      : -21.0,
        "fRotation" : 180.0,
        "strID"     : "746e0def-2ca6-4b61-86f1-f19de65be1f9",
        "bForceLoad" : false
      },
      {
        "strName" : "ItmFloorMSSLFWhite01",
        "fX"      : 9.0,
        "fY"      : -22.0,
        "fRotation" : 180.0,
        "strID"     : "5ae4e1a8-d46d-49d0-81eb-42eeed52ebcb",
        "bForceLoad" : false
      },
      {
        "strName" : "ItmFloorMSSLFWhite01",
        "fX"      : 9.0,
        "fY"      : -23.0,
        "fRotation" : 180.0,
        "strID"     : "72c06a61-2b9a-4bac-bdcc-17279b6adb9e",
        "bForceLoad" : false
      },
      {
        "strName" : "ItmFloorMSSLFWhite01",
        "fX"      : 9.0,
        "fY"      : -24.0,
        "fRotation" : 180.0,
        "strID"     : "b0663b16-5e3b-44fa-affa-0c3176ab75ce",
        "bForceLoad" : false
      },
      {
        "strName" : "ItmFloorMSSLFWhite01",
        "fX"      : 1.0,
        "fY"      : -24.0,
        "fRotation" : 180.0,
        "strID"     : "2a1b589a-6738-4781-96be-7d0645cf9162",
        "bForceLoad" : false
      },
      {
        "strName" : "ItmFloorMSSLFWhite01",
        "fX"      : 1.0,
        "fY"      : -23.0,
        "fRotation" : 180.0,
        "strID"     : "5069bf95-48db-4e39-b7fd-8289cf66917a",
        "bForceLoad" : false
      },
      {
        "strName" : "ItmFloorMSSLFWhite01",
        "fX"      : 1.0,
        "fY"      : -22.0,
        "fRotation" : 180.0,
        "strID"     : "f02a4e87-da00-4af8-a6d8-621df46625a9",
        "bForceLoad" : false
      },
      {
        "strName" : "ItmFloorMSSLFWhite01",
        "fX"      : 1.0,
        "fY"      : -21.0,
        "fRotation" : 180.0,
        "strID"     : "68c87530-7d2c-4423-80a2-980b705b8a23",
        "bForceLoad" : false
      },
      {
        "strName" : "ItmFloorMSSLFWhite01",
        "fX"      : 1.0,
        "fY"      : -20.0,
        "fRotation" : 180.0,
        "strID"     : "65866ab6-fae8-4f4d-ae57-5a417dc7e6ae",
        "bForceLoad" : false
      },
      {
        "strName" : "ItmFloorMSSLFWhite01",
        "fX"      : 1.0,
        "fY"      : -19.0,
        "fRotation" : 180.0,
        "strID"     : "74553cab-0421-4c3e-b4c5-b20d9f4ffa40",
        "bForceLoad" : false
      },
      {
        "strName" : "ItmFloorMSSLFWhite01",
        "fX"      : 1.0,
        "fY"      : -18.0,
        "fRotation" : 180.0,
        "strID"     : "fc9f2351-ec29-42ec-8aae-9280cf17245b",
        "bForceLoad" : false
      },
      {
        "strName" : "ItmWallMSSLFWhite",
        "fX"      : 8.0,
        "fY"      : -24.0,
        "fRotation" : 0.0,
        "strID"     : "5af6afe4-34e9-484a-8703-64b03cac7ce0",
        "bForceLoad" : false
      },
      {
        "strName" : "ItmWallMSSLFWhite",
        "fX"      : 9.0,
        "fY"      : -24.0,
        "fRotation" : 0.0,
        "strID"     : "53e4dd85-daaa-44eb-b99c-fb58ce95982c",
        "bForceLoad" : false
      },
      {
        "strName" : "ItmWallMSSLFWhite",
        "fX"      : -3.0,
        "fY"      : -24.0,
        "fRotation" : 0.0,
        "strID"     : "3e66a7d4-2565-4c70-b617-bd2f9f0a7042",
        "bForceLoad" : false
      },
      {
        "strName" : "ItmWallMSSLFWhite",
        "fX"      : -2.0,
        "fY"      : -24.0,
        "fRotation" : 0.0,
        "strID"     : "7d54ad03-a148-4a61-aadc-488c28ab32fc",
        "bForceLoad" : false
      },
      {
        "strName" : "ItmWallMSSLFWhite",
        "fX"      : -1.0,
        "fY"      : -24.0,
        "fRotation" : 0.0,
        "strID"     : "c1381630-f82d-431f-b8b5-45bf84134090",
        "bForceLoad" : false
      },
      {
        "strName" : "ItmWallMSSLFWhite",
        "fX"      : 0.0,
        "fY"      : -24.0,
        "fRotation" : 0.0,
        "strID"     : "12e9c171-86c7-4425-8217-a16f38dce634",
        "bForceLoad" : false
      },
      {
        "strName" : "ItmWallMSSLFWhite",
        "fX"      : 9.0,
        "fY"      : -19.0,
        "fRotation" : 0.0,
        "strID"     : "1cf9336f-46b6-482c-9bb6-33bcebbae1d7",
        "bForceLoad" : false
      },
      {
        "strName" : "ItmWallMSSLFWhite",
        "fX"      : 9.0,
        "fY"      : -18.0,
        "fRotation" : 0.0,
        "strID"     : "6700b0fd-4c98-41cb-b266-4bed3944d53e",
        "bForceLoad" : false
      },
      {
        "strName" : "ItmWallMSSLFWhite",
        "fX"      : 2.0,
        "fY"      : -24.0,
        "fRotation" : 0.0,
        "strID"     : "00732db9-eda2-49b7-abcf-d4eead64bb26",
        "bForceLoad" : false
      },
      {
        "strName" : "ItmWallMSSLFWhite",
        "fX"      : 1.0,
        "fY"      : -24.0,
        "fRotation" : 0.0,
        "strID"     : "0befb778-ddc8-4619-a6a2-718ad933b0ac",
        "bForceLoad" : false
      },
      {
        "strName" : "ItmFloorMSSLFWhite01",
        "fX"      : 10.0,
        "fY"      : -24.0,
        "fRotation" : 180.0,
        "strID"     : "ab1df3a4-920e-45a4-b11d-42f9c1b08d67",
        "bForceLoad" : false
      },
      {
        "strName" : "ItmFloorMSSLFWhite01",
        "fX"      : 11.0,
        "fY"      : -24.0,
        "fRotation" : 180.0,
        "strID"     : "f44c4f7a-9887-455a-a6f7-9547134c051b",
        "bForceLoad" : false
      },
      {
        "strName" : "ItmFloorMSSLFWhite01",
        "fX"      : 12.0,
        "fY"      : -24.0,
        "fRotation" : 180.0,
        "strID"     : "a23bc3ea-316a-4ab2-99bf-ea823803e69a",
        "bForceLoad" : false
      },
      {
        "strName" : "ItmFloorMSSLFWhite01",
        "fX"      : 13.0,
        "fY"      : -24.0,
        "fRotation" : 180.0,
        "strID"     : "92fe18d4-a6e5-44f2-9396-e6b674ded423",
        "bForceLoad" : false
      },
      {
        "strName" : "ItmWallMSSLFWhite",
        "fX"      : 1.0,
        "fY"      : -19.0,
        "fRotation" : 0.0,
        "strID"     : "b54b647d-3550-4f5d-8b1f-8e3e79fbf1bc",
        "bForceLoad" : false
      },
      {
        "strName" : "ItmWallMSSLFWhite",
        "fX"      : 1.0,
        "fY"      : -18.0,
        "fRotation" : 0.0,
        "strID"     : "c5d76b0e-9c3a-4c1f-bfed-023fb69861ea",
        "bForceLoad" : false
      },
      {
        "strName" : "ItmWallMSSLFWhite",
        "fX"      : 10.0,
        "fY"      : -19.0,
        "fRotation" : 0.0,
        "strID"     : "ab5c41c1-fff5-4291-b334-55f1c1cb6f23",
        "bForceLoad" : false
      },
      {
        "strName" : "ItmWallMSSLFWhite",
        "fX"      : 11.0,
        "fY"      : -19.0,
        "fRotation" : 0.0,
        "strID"     : "5873e57c-22fb-4dc0-97a7-ff0ed05d03c2",
        "bForceLoad" : false
      },
      {
        "strName" : "ItmWallMSSLFWhite",
        "fX"      : 12.0,
        "fY"      : -19.0,
        "fRotation" : 0.0,
        "strID"     : "21cd7cff-dd0a-4f37-841b-9a2f7a64ccb6",
        "bForceLoad" : false
      },
      {
        "strName" : "ItmWallMSSLFWhite",
        "fX"      : 13.0,
        "fY"      : -19.0,
        "fRotation" : 0.0,
        "strID"     : "d397a004-e497-4d35-81f2-98ab4a6c5a5c",
        "bForceLoad" : false
      },
      {
        "strName" : "ItmWallMSSLFWhite",
        "fX"      : 14.0,
        "fY"      : -20.0,
        "fRotation" : 0.0,
        "strID"     : "616eda70-c93b-4961-b406-50124eb4671e",
        "bForceLoad" : false
      },
      {
        "strName" : "ItmWallMSSLFWhite",
        "fX"      : 15.0,
        "fY"      : -20.0,
        "fRotation" : 0.0,
        "strID"     : "786fbf9b-538a-490f-9745-0089b603b9ef",
        "bForceLoad" : false
      },
      {
        "strName" : "ItmWallMSSLFWhite",
        "fX"      : 16.0,
        "fY"      : -20.0,
        "fRotation" : 0.0,
        "strID"     : "cb46984b-9110-447e-95b9-f8e8df10e777",
        "bForceLoad" : false
      },
      {
        "strName" : "ItmWallMSSLFWhite",
        "fX"      : 16.0,
        "fY"      : -21.0,
        "fRotation" : 0.0,
        "strID"     : "e6225c9f-c757-4d8f-a0f9-bea346562e8c",
        "bForceLoad" : false
      },
      {
        "strName" : "ItmWallMSSLFWhite",
        "fX"      : 16.0,
        "fY"      : -22.0,
        "fRotation" : 0.0,
        "strID"     : "fd927743-c5d2-4ba8-9c5b-afbdd2a25373",
        "bForceLoad" : false
      },
      {
        "strName" : "ItmWallMSSLFWhite",
        "fX"      : 16.0,
        "fY"      : -23.0,
        "fRotation" : 0.0,
        "strID"     : "63dcdaab-b709-4719-9552-96537a0ac792",
        "bForceLoad" : false
      },
      {
        "strName" : "ItmWallMSSLFWhite",
        "fX"      : 15.0,
        "fY"      : -23.0,
        "fRotation" : 0.0,
        "strID"     : "a6b50cb9-65ae-496c-b93f-0d0388202264",
        "bForceLoad" : false
      },
      {
        "strName" : "ItmWallMSSLFWhite",
        "fX"      : 14.0,
        "fY"      : -23.0,
        "fRotation" : 0.0,
        "strID"     : "db53befb-d39e-4dd7-b9e1-a0e8a45bcb25",
        "bForceLoad" : false
      },
      {
        "strName" : "ItmWallMSSLFWhite",
        "fX"      : 13.0,
        "fY"      : -24.0,
        "fRotation" : 0.0,
        "strID"     : "6eab110b-4b23-4656-b162-5ce957dd34b9",
        "bForceLoad" : false
      },
      {
        "strName" : "ItmWallMSSLFWhite",
        "fX"      : 12.0,
        "fY"      : -24.0,
        "fRotation" : 0.0,
        "strID"     : "b0e3863d-331a-4047-b2d5-eb7e63c04e2a",
        "bForceLoad" : false
      },
      {
        "strName" : "ItmWallMSSLFWhite",
        "fX"      : 11.0,
        "fY"      : -24.0,
        "fRotation" : 0.0,
        "strID"     : "fe5a6294-1c45-4d8d-a00c-1dce571ce42d",
        "bForceLoad" : false
      },
      {
        "strName" : "ItmWallMSSLFWhite",
        "fX"      : 10.0,
        "fY"      : -24.0,
        "fRotation" : 0.0,
        "strID"     : "fc1eabd1-4908-41a3-8bc9-a77bf4f7e666",
        "bForceLoad" : false
      },
      {
        "strName" : "ItmWallMSSLFWhite",
        "fX"      : 13.0,
        "fY"      : -20.0,
        "fRotation" : 0.0,
        "strID"     : "fb781ebd-ead3-415d-9090-f44e0d51ca95",
        "bForceLoad" : false
      },
      {
        "strName" : "ItmWallMSSLFWhite",
        "fX"      : 13.0,
        "fY"      : -23.0,
        "fRotation" : 0.0,
        "strID"     : "6d7c5087-e69c-4766-8df9-62c5e4750a53",
        "bForceLoad" : false
      },
      {
        "strName" : "ItmWallMSSLFWhite",
        "fX"      : -3.0,
        "fY"      : -23.0,
        "fRotation" : 0.0,
        "strID"     : "a795eda0-4c8c-4da0-9d03-d8fc3a52ed79",
        "bForceLoad" : false
      },
      {
        "strName" : "ItmWallMSSLFWhite",
        "fX"      : -4.0,
        "fY"      : -23.0,
        "fRotation" : 0.0,
        "strID"     : "10f5b656-0db2-46d7-93f3-a16cb1024df1",
        "bForceLoad" : false
      },
      {
        "strName" : "ItmWallMSSLFWhite",
        "fX"      : -5.0,
        "fY"      : -23.0,
        "fRotation" : 0.0,
        "strID"     : "b3a44f45-739a-4e91-a065-726c95537ad7",
        "bForceLoad" : false
      },
      {
        "strName" : "ItmWallMSSLFWhite",
        "fX"      : -6.0,
        "fY"      : -23.0,
        "fRotation" : 0.0,
        "strID"     : "0ec45d5c-1159-413f-85f8-c5265b098cf8",
        "bForceLoad" : false
      },
      {
        "strName" : "ItmWallMSSLFWhite",
        "fX"      : -6.0,
        "fY"      : -22.0,
        "fRotation" : 0.0,
        "strID"     : "a6793d06-52c0-4647-9faf-cdfc21b78952",
        "bForceLoad" : false
      },
      {
        "strName" : "ItmWallMSSLFWhite",
        "fX"      : -6.0,
        "fY"      : -21.0,
        "fRotation" : 0.0,
        "strID"     : "1486de5c-bd7e-443e-b600-94854b43e821",
        "bForceLoad" : false
      },
      {
        "strName" : "ItmWallMSSLFWhite",
        "fX"      : -6.0,
        "fY"      : -20.0,
        "fRotation" : 0.0,
        "strID"     : "9e8ce0f6-3a0d-46e0-a355-d2ea4d3652b5",
        "bForceLoad" : false
      },
      {
        "strName" : "ItmWallMSSLFWhite",
        "fX"      : -5.0,
        "fY"      : -20.0,
        "fRotation" : 0.0,
        "strID"     : "22182532-281d-4da3-a5ce-5a33845035a5",
        "bForceLoad" : false
      },
      {
        "strName" : "ItmWallMSSLFWhite",
        "fX"      : -3.0,
        "fY"      : -20.0,
        "fRotation" : 0.0,
        "strID"     : "1be0e465-179c-4393-930f-7b35971a79f7",
        "bForceLoad" : false
      },
      {
        "strName" : "ItmWallMSSLFWhite",
        "fX"      : -3.0,
        "fY"      : -19.0,
        "fRotation" : 0.0,
        "strID"     : "42f41b5c-0d4b-4f55-b1fc-686143759608",
        "bForceLoad" : false
      },
      {
        "strName" : "ItmWallMSSLFWhite",
        "fX"      : -2.0,
        "fY"      : -19.0,
        "fRotation" : 0.0,
        "strID"     : "dbba48e4-06be-41fc-a5b9-e242d4be1f01",
        "bForceLoad" : false
      },
      {
        "strName" : "ItmWallMSSLFWhite",
        "fX"      : -1.0,
        "fY"      : -19.0,
        "fRotation" : 0.0,
        "strID"     : "cf7c9b75-9a19-4a20-b0cc-a883bcfe7c43",
        "bForceLoad" : false
      },
      {
        "strName" : "ItmWallMSSLFWhite",
        "fX"      : 0.0,
        "fY"      : -19.0,
        "fRotation" : 0.0,
        "strID"     : "7912892e-24d9-4169-acee-039f0a2a1672",
        "bForceLoad" : false
      },
      {
        "strName" : "ItmFloorMSSLFWhite01",
        "fX"      : 13.0,
        "fY"      : -23.0,
        "fRotation" : 180.0,
        "strID"     : "177b02e6-578e-4eff-bec5-3f7b169f0494",
        "bForceLoad" : false
      },
      {
        "strName" : "ItmFloorMSSLFWhite01",
        "fX"      : 14.0,
        "fY"      : -23.0,
        "fRotation" : 180.0,
        "strID"     : "e223e4ae-8eef-4a86-9463-ff79164af0ce",
        "bForceLoad" : false
      },
      {
        "strName" : "ItmFloorMSSLFWhite01",
        "fX"      : 15.0,
        "fY"      : -23.0,
        "fRotation" : 180.0,
        "strID"     : "154802d6-6e6d-40b1-b5c5-5504d38dd0ed",
        "bForceLoad" : false
      },
      {
        "strName" : "ItmFloorMSSLFWhite01",
        "fX"      : 16.0,
        "fY"      : -23.0,
        "fRotation" : 180.0,
        "strID"     : "048f47a0-a503-4bc4-8d64-a0e7700bd919",
        "bForceLoad" : false
      },
      {
        "strName" : "ItmFloorMSSLFWhite01",
        "fX"      : 16.0,
        "fY"      : -22.0,
        "fRotation" : 180.0,
        "strID"     : "85f7d1ac-90eb-40a1-a56a-f6981019b6fd",
        "bForceLoad" : false
      },
      {
        "strName" : "ItmFloorMSSLFWhite01",
        "fX"      : 16.0,
        "fY"      : -21.0,
        "fRotation" : 180.0,
        "strID"     : "c975f27d-6b4c-4845-8d0c-6fb2dffb4881",
        "bForceLoad" : false
      },
      {
        "strName" : "ItmFloorMSSLFWhite01",
        "fX"      : 16.0,
        "fY"      : -20.0,
        "fRotation" : 180.0,
        "strID"     : "2c5e67a3-f8b8-4605-9e2a-efc72df0b98f",
        "bForceLoad" : false
      },
      {
        "strName" : "ItmFloorMSSLFWhite01",
        "fX"      : 15.0,
        "fY"      : -20.0,
        "fRotation" : 180.0,
        "strID"     : "35c49b37-a9ff-4338-8ddd-244df3841d7d",
        "bForceLoad" : false
      },
      {
        "strName" : "ItmFloorMSSLFWhite01",
        "fX"      : 14.0,
        "fY"      : -20.0,
        "fRotation" : 180.0,
        "strID"     : "4bf4d445-b219-4d88-9c52-d61cce142a79",
        "bForceLoad" : false
      },
      {
        "strName" : "ItmFloorMSSLFWhite01",
        "fX"      : 13.0,
        "fY"      : -20.0,
        "fRotation" : 180.0,
        "strID"     : "4e47d7d3-4801-45d8-bbf8-c681fad238a7",
        "bForceLoad" : false
      },
      {
        "strName" : "ItmFloorMSSLFWhite01",
        "fX"      : 13.0,
        "fY"      : -19.0,
        "fRotation" : 180.0,
        "strID"     : "00062b8e-c837-4bc0-830b-ab488e92e6d1",
        "bForceLoad" : false
      },
      {
        "strName" : "ItmFloorMSSLFWhite01",
        "fX"      : 12.0,
        "fY"      : -19.0,
        "fRotation" : 180.0,
        "strID"     : "0298cdf3-4779-4dfb-aa3a-4c3581cf3031",
        "bForceLoad" : false
      },
      {
        "strName" : "ItmFloorMSSLFWhite01",
        "fX"      : 11.0,
        "fY"      : -19.0,
        "fRotation" : 180.0,
        "strID"     : "7bb50dc9-9d64-4046-b9ba-b1230e53209e",
        "bForceLoad" : false
      },
      {
        "strName" : "ItmFloorMSSLFWhite01",
        "fX"      : 10.0,
        "fY"      : -19.0,
        "fRotation" : 180.0,
        "strID"     : "4c27f7e5-5469-45a5-95bb-bdc2d65154c2",
        "bForceLoad" : false
      },
      {
        "strName" : "ItmFloorMSSLFWhite01",
        "fX"      : 0.0,
        "fY"      : -19.0,
        "fRotation" : 180.0,
        "strID"     : "a6682736-62b4-413b-870f-6ce43909ca74",
        "bForceLoad" : false
      },
      {
        "strName" : "ItmFloorMSSLFWhite01",
        "fX"      : -1.0,
        "fY"      : -19.0,
        "fRotation" : 180.0,
        "strID"     : "83f1b05c-83fb-478f-94e2-071f0fbd00e1",
        "bForceLoad" : false
      },
      {
        "strName" : "ItmFloorMSSLFWhite01",
        "fX"      : -2.0,
        "fY"      : -19.0,
        "fRotation" : 180.0,
        "strID"     : "ac3ccb2a-7ce6-48ee-ab5f-cf5356236e1d",
        "bForceLoad" : false
      },
      {
        "strName" : "ItmFloorMSSLFWhite01",
        "fX"      : -3.0,
        "fY"      : -19.0,
        "fRotation" : 180.0,
        "strID"     : "95e12c2b-9dad-4ac7-8001-f3bcc9c33ff7",
        "bForceLoad" : false
      },
      {
        "strName" : "ItmFloorMSSLFWhite01",
        "fX"      : -3.0,
        "fY"      : -20.0,
        "fRotation" : 180.0,
        "strID"     : "a287391b-be8d-401f-9d6f-727c9f8e9d33",
        "bForceLoad" : false
      },
      {
        "strName" : "ItmFloorMSSLFWhite01",
        "fX"      : -4.0,
        "fY"      : -20.0,
        "fRotation" : 180.0,
        "strID"     : "40175762-d5c8-4776-bcd2-19961202060d",
        "bForceLoad" : false
      },
      {
        "strName" : "ItmFloorMSSLFWhite01",
        "fX"      : -5.0,
        "fY"      : -20.0,
        "fRotation" : 180.0,
        "strID"     : "c65276a8-f4c8-4227-841f-fbac7a6cec74",
        "bForceLoad" : false
      },
      {
        "strName" : "ItmFloorMSSLFWhite01",
        "fX"      : -6.0,
        "fY"      : -20.0,
        "fRotation" : 180.0,
        "strID"     : "717375f0-606f-45dd-876f-10457724faab",
        "bForceLoad" : false
      },
      {
        "strName" : "ItmFloorMSSLFWhite01",
        "fX"      : -6.0,
        "fY"      : -21.0,
        "fRotation" : 180.0,
        "strID"     : "582644cc-68e8-4aaf-8d3b-eb89d7ca4fdd",
        "bForceLoad" : false
      },
      {
        "strName" : "ItmFloorMSSLFWhite01",
        "fX"      : -6.0,
        "fY"      : -22.0,
        "fRotation" : 180.0,
        "strID"     : "7468117c-2893-4964-a120-3fc29c644b10",
        "bForceLoad" : false
      },
      {
        "strName" : "ItmFloorMSSLFWhite01",
        "fX"      : -6.0,
        "fY"      : -23.0,
        "fRotation" : 180.0,
        "strID"     : "48f4073e-95cd-446a-bdd0-37ac45242903",
        "bForceLoad" : false
      },
      {
        "strName" : "ItmFloorMSSLFWhite01",
        "fX"      : -5.0,
        "fY"      : -23.0,
        "fRotation" : 180.0,
        "strID"     : "4f14cc36-9fd8-42ed-8d33-1b32ca3916b1",
        "bForceLoad" : false
      },
      {
        "strName" : "ItmFloorMSSLFWhite01",
        "fX"      : -4.0,
        "fY"      : -23.0,
        "fRotation" : 180.0,
        "strID"     : "5bedb0c5-ddcc-4f5a-9d91-d6e4856e1666",
        "bForceLoad" : false
      },
      {
        "strName" : "ItmFloorMSSLFWhite01",
        "fX"      : -3.0,
        "fY"      : -23.0,
        "fRotation" : 180.0,
        "strID"     : "ea5bb44d-798e-486d-8329-c7589fd80204",
        "bForceLoad" : false
      },
      {
        "strName" : "ItmFloorMSSLFWhite01",
        "fX"      : -3.0,
        "fY"      : -24.0,
        "fRotation" : 180.0,
        "strID"     : "24b135e8-b69e-4eaf-b391-b6fd98a4208e",
        "bForceLoad" : false
      },
      {
        "strName" : "ItmFloorMSSLFWhite01",
        "fX"      : -2.0,
        "fY"      : -24.0,
        "fRotation" : 180.0,
        "strID"     : "265c607f-8231-4b95-bedb-79a312ffd740",
        "bForceLoad" : false
      },
      {
        "strName" : "ItmFloorMSSLFWhite01",
        "fX"      : -1.0,
        "fY"      : -24.0,
        "fRotation" : 180.0,
        "strID"     : "a0d17a33-c075-4ce7-9095-5138e39c1f6d",
        "bForceLoad" : false
      },
      {
        "strName" : "ItmFloorMSSLFWhite01",
        "fX"      : 0.0,
        "fY"      : -24.0,
        "fRotation" : 180.0,
        "strID"     : "db4cf284-5781-4623-b673-939123f17c9f",
        "bForceLoad" : false
      },
      {
        "strName" : "ItmFloorMSSLFWhite01",
        "fX"      : 10.0,
        "fY"      : -23.0,
        "fRotation" : 180.0,
        "strID"     : "640c1967-d07e-41da-a7c1-cb1a1313c94c",
        "bForceLoad" : false
      },
      {
        "strName" : "ItmFloorMSSLFWhite01",
        "fX"      : 11.0,
        "fY"      : -23.0,
        "fRotation" : 180.0,
        "strID"     : "971adf15-781f-4a27-878e-6023a5750351",
        "bForceLoad" : false
      },
      {
        "strName" : "ItmFloorMSSLFWhite01",
        "fX"      : 12.0,
        "fY"      : -23.0,
        "fRotation" : 180.0,
        "strID"     : "6309f2e9-adc7-4b25-b101-9839ae256a73",
        "bForceLoad" : false
      },
      {
        "strName" : "ItmFloorMSSLFWhite01",
        "fX"      : 12.0,
        "fY"      : -22.0,
        "fRotation" : 180.0,
        "strID"     : "42a704dc-adfa-4d1e-8e6f-9f0e49b231c5",
        "bForceLoad" : false
      },
      {
        "strName" : "ItmFloorMSSLFWhite01",
        "fX"      : 12.0,
        "fY"      : -21.0,
        "fRotation" : 180.0,
        "strID"     : "01ac2a3a-51ea-48a0-bd22-04d3ea9aa675",
        "bForceLoad" : false
      },
      {
        "strName" : "ItmFloorMSSLFWhite01",
        "fX"      : 12.0,
        "fY"      : -20.0,
        "fRotation" : 180.0,
        "strID"     : "bd284b52-75a5-409a-958c-8ec49038e5c6",
        "bForceLoad" : false
      },
      {
        "strName" : "ItmFloorMSSLFWhite01",
        "fX"      : 11.0,
        "fY"      : -20.0,
        "fRotation" : 180.0,
        "strID"     : "e46d6128-a1ba-4a49-a1cd-209a0eb3ecc2",
        "bForceLoad" : false
      },
      {
        "strName" : "ItmFloorMSSLFWhite01",
        "fX"      : 10.0,
        "fY"      : -20.0,
        "fRotation" : 180.0,
        "strID"     : "6d1a3ded-db1d-4b33-a357-0e36accf7c4f",
        "bForceLoad" : false
      },
      {
        "strName" : "ItmFloorMSSLFWhite01",
        "fX"      : 10.0,
        "fY"      : -21.0,
        "fRotation" : 180.0,
        "strID"     : "62285df3-3eaf-43ba-9631-fce85b21268f",
        "bForceLoad" : false
      },
      {
        "strName" : "ItmFloorMSSLFWhite01",
        "fX"      : 10.0,
        "fY"      : -22.0,
        "fRotation" : 180.0,
        "strID"     : "2796efc0-100a-4b16-8181-54ec47ae02bd",
        "bForceLoad" : false
      },
      {
        "strName" : "ItmFloorMSSLFWhite01",
        "fX"      : 11.0,
        "fY"      : -22.0,
        "fRotation" : 180.0,
        "strID"     : "6e852ca7-c8d5-4568-b2e9-6fc22d1a59d5",
        "bForceLoad" : false
      },
      {
        "strName" : "ItmFloorMSSLFWhite01",
        "fX"      : 11.0,
        "fY"      : -21.0,
        "fRotation" : 180.0,
        "strID"     : "3ad85c12-625c-42f7-9ada-6e350dce5ff9",
        "bForceLoad" : false
      },
      {
        "strName" : "ItmFloorMSSLFWhite01",
        "fX"      : 13.0,
        "fY"      : -21.0,
        "fRotation" : 180.0,
        "strID"     : "32fb368d-941a-4c16-b6aa-e424253234e8",
        "bForceLoad" : false
      },
      {
        "strName" : "ItmFloorMSSLFWhite01",
        "fX"      : 14.0,
        "fY"      : -21.0,
        "fRotation" : 180.0,
        "strID"     : "fb1815bc-858c-4e16-8b0a-ed6b0dc5be5d",
        "bForceLoad" : false
      },
      {
        "strName" : "ItmFloorMSSLFWhite01",
        "fX"      : 15.0,
        "fY"      : -21.0,
        "fRotation" : 180.0,
        "strID"     : "b427566f-5e0c-4306-9344-cfe98b039ef5",
        "bForceLoad" : false
      },
      {
        "strName" : "ItmFloorMSSLFWhite01",
        "fX"      : 15.0,
        "fY"      : -22.0,
        "fRotation" : 180.0,
        "strID"     : "c6f49b95-a366-44f2-aeb1-b2b6bc0dad04",
        "bForceLoad" : false
      },
      {
        "strName" : "ItmFloorMSSLFWhite01",
        "fX"      : 14.0,
        "fY"      : -22.0,
        "fRotation" : 180.0,
        "strID"     : "f523d41e-c611-4f85-a8f3-c51b56924440",
        "bForceLoad" : false
      },
      {
        "strName" : "ItmFloorMSSLFWhite01",
        "fX"      : 13.0,
        "fY"      : -22.0,
        "fRotation" : 180.0,
        "strID"     : "cd3b57b7-3bb8-4f18-bfab-ba9fd1e97e31",
        "bForceLoad" : false
      },
      {
        "strName" : "ItmFloorMSSLFWhite01",
        "fX"      : 0.0,
        "fY"      : -20.0,
        "fRotation" : 180.0,
        "strID"     : "a21f8a4a-79ac-4b4e-ad84-6c59f8fd599d",
        "bForceLoad" : false
      },
      {
        "strName" : "ItmFloorMSSLFWhite01",
        "fX"      : 0.0,
        "fY"      : -21.0,
        "fRotation" : 180.0,
        "strID"     : "b9a7de65-029e-4576-81e7-02087d8d685e",
        "bForceLoad" : false
      },
      {
        "strName" : "ItmFloorMSSLFWhite01",
        "fX"      : 0.0,
        "fY"      : -22.0,
        "fRotation" : 180.0,
        "strID"     : "469adf2c-25c8-4643-9587-6789a816f414",
        "bForceLoad" : false
      },
      {
        "strName" : "ItmFloorMSSLFWhite01",
        "fX"      : 0.0,
        "fY"      : -23.0,
        "fRotation" : 180.0,
        "strID"     : "69c05325-b8c3-409c-bf50-cec503a5834a",
        "bForceLoad" : false
      },
      {
        "strName" : "ItmFloorMSSLFWhite01",
        "fX"      : -1.0,
        "fY"      : -23.0,
        "fRotation" : 180.0,
        "strID"     : "5f636b85-6486-48de-8025-7bd2ee1c01f0",
        "bForceLoad" : false
      },
      {
        "strName" : "ItmFloorMSSLFWhite01",
        "fX"      : -2.0,
        "fY"      : -23.0,
        "fRotation" : 180.0,
        "strID"     : "3f5f4fb4-f2cc-4503-8028-deeecee0a4e1",
        "bForceLoad" : false
      },
      {
        "strName" : "ItmFloorMSSLFWhite01",
        "fX"      : -2.0,
        "fY"      : -22.0,
        "fRotation" : 180.0,
        "strID"     : "49ce5754-e506-44cf-a441-f3757f275657",
        "bForceLoad" : false
      },
      {
        "strName" : "ItmFloorMSSLFWhite01",
        "fX"      : -2.0,
        "fY"      : -21.0,
        "fRotation" : 180.0,
        "strID"     : "1f4ccebe-aa84-44d2-8620-193b0ec5b0fe",
        "bForceLoad" : false
      },
      {
        "strName" : "ItmFloorMSSLFWhite01",
        "fX"      : -2.0,
        "fY"      : -20.0,
        "fRotation" : 180.0,
        "strID"     : "56f4fca6-0a9e-458b-8f79-9b4cb03b9990",
        "bForceLoad" : false
      },
      {
        "strName" : "ItmFloorMSSLFWhite01",
        "fX"      : -1.0,
        "fY"      : -20.0,
        "fRotation" : 180.0,
        "strID"     : "b26460f2-895d-4803-9082-b4f3c8e330cf",
        "bForceLoad" : false
      },
      {
        "strName" : "ItmFloorMSSLFWhite01",
        "fX"      : -1.0,
        "fY"      : -21.0,
        "fRotation" : 180.0,
        "strID"     : "78a8503a-54c1-438f-beba-c862a5d95ac2",
        "bForceLoad" : false
      },
      {
        "strName" : "ItmFloorMSSLFWhite01",
        "fX"      : -1.0,
        "fY"      : -22.0,
        "fRotation" : 180.0,
        "strID"     : "5cc3d038-1a44-4017-a201-378f43e169e4",
        "bForceLoad" : false
      },
      {
        "strName" : "ItmFloorMSSLFWhite01",
        "fX"      : -3.0,
        "fY"      : -22.0,
        "fRotation" : 180.0,
        "strID"     : "bc740a13-385f-4f8f-869f-9bdbfc79e9ce",
        "bForceLoad" : false
      },
      {
        "strName" : "ItmFloorMSSLFWhite01",
        "fX"      : -4.0,
        "fY"      : -22.0,
        "fRotation" : 180.0,
        "strID"     : "dbb508f1-ea87-4f85-9bd9-b49a306aa462",
        "bForceLoad" : false
      },
      {
        "strName" : "ItmFloorMSSLFWhite01",
        "fX"      : -5.0,
        "fY"      : -22.0,
        "fRotation" : 180.0,
        "strID"     : "128cb61a-9cbd-437b-98c9-ec85bfaaa63e",
        "bForceLoad" : false
      },
      {
        "strName" : "ItmFloorMSSLFWhite01",
        "fX"      : -5.0,
        "fY"      : -21.0,
        "fRotation" : 180.0,
        "strID"     : "7321cf3f-614b-4021-8429-f4b52f376dca",
        "bForceLoad" : false
      },
      {
        "strName" : "ItmFloorMSSLFWhite01",
        "fX"      : -4.0,
        "fY"      : -21.0,
        "fRotation" : 180.0,
        "strID"     : "8d93f166-64e3-4024-a3c3-8df48577e214",
        "bForceLoad" : false
      },
      {
        "strName" : "ItmFloorMSSLFWhite01",
        "fX"      : -3.0,
        "fY"      : -21.0,
        "fRotation" : 180.0,
        "strID"     : "cc16f450-0d1b-49f8-9f17-567d300f2f1e",
        "bForceLoad" : false
      },
      {
        "strName" : "ItmRCSCluster01Loose",
        "fX"      : 9.0,
        "fY"      : -25.5,
        "fRotation" : 180.0,
        "strID"     : "f2bb0fa0-129b-4ee1-a222-447c05712f19",
        "bForceLoad" : false
      },
      {
        "strName" : "ItmRCSCluster01Loose",
        "fX"      : 10.0,
        "fY"      : -25.5,
        "fRotation" : 180.0,
        "strID"     : "8bd36789-73c4-44ae-8415-19e8ba3b237f",
        "bForceLoad" : false
      },
      {
        "strName" : "ItmRCSCluster01Loose",
        "fX"      : 11.0,
        "fY"      : -25.5,
        "fRotation" : 180.0,
        "strID"     : "c900c49b-6038-4ea6-8644-c7018a2e6925",
        "bForceLoad" : false
      },
      {
        "strName" : "ItmRCSCluster01Loose",
        "fX"      : -6.5,
        "fY"      : -21.0,
        "fRotation" : 90.0,
        "strID"     : "b5e38420-9b47-4f70-911f-dc3f741b0ef2",
        "bForceLoad" : false
      },
      {
        "strName" : "ItmRCSCluster01Loose",
        "fX"      : -6.5,
        "fY"      : -22.0,
        "fRotation" : 90.0,
        "strID"     : "fc664ef1-8c43-42ba-8c8e-832ee8d318e7",
        "bForceLoad" : false
      },
      {
        "strName" : "ItmRCSCluster01Loose",
        "fX"      : -3.0,
        "fY"      : -25.5,
        "fRotation" : 180.0,
        "strID"     : "ac16ca18-7b6b-4ad4-b24f-307babd6d802",
        "bForceLoad" : false
      },
      {
        "strName" : "ItmRCSCluster01Loose",
        "fX"      : -2.0,
        "fY"      : -25.5,
        "fRotation" : 180.0,
        "strID"     : "853c180a-9b64-4804-8562-583b66ad16f9",
        "bForceLoad" : false
      },
      {
        "strName" : "ItmRCSCluster01Loose",
        "fX"      : -1.0,
        "fY"      : -25.5,
        "fRotation" : 180.0,
        "strID"     : "ebc65577-e163-4c29-ac8f-97d03450cb7c",
        "bForceLoad" : false
      },
      {
        "strName" : "ItmConduit01",
        "fX"      : 2.0,
        "fY"      : -24.0,
        "fRotation" : 0.0,
        "strID"     : "508c7653-7381-4b11-9c5c-e02297302eef",
        "bForceLoad" : false
      },
      {
        "strName" : "ItmConduit01",
        "fX"      : 1.0,
        "fY"      : -24.0,
        "fRotation" : 0.0,
        "strID"     : "6bf807fe-4edf-4648-954b-fcc99b135c37",
        "bForceLoad" : false
      },
      {
        "strName" : "ItmConduit01",
        "fX"      : 0.0,
        "fY"      : -24.0,
        "fRotation" : 0.0,
        "strID"     : "d8b8cd5e-7c6c-4658-a5d6-601179f6dddb",
        "bForceLoad" : false
      },
      {
        "strName" : "ItmConduit01",
        "fX"      : -1.0,
        "fY"      : -24.0,
        "fRotation" : 0.0,
        "strID"     : "56edbbb9-104e-42ee-9395-af3686a4d2a5",
        "bForceLoad" : false
      },
      {
        "strName" : "ItmConduit01",
        "fX"      : -2.0,
        "fY"      : -24.0,
        "fRotation" : 0.0,
        "strID"     : "80b344f3-7e78-481a-a06f-a9f7eed1c4ee",
        "bForceLoad" : false
      },
      {
        "strName" : "ItmConduit01",
        "fX"      : -3.0,
        "fY"      : -24.0,
        "fRotation" : 0.0,
        "strID"     : "ea0af517-4015-4426-bc48-9d795a45fb42",
        "bForceLoad" : false
      },
      {
        "strName" : "ItmConduit01",
        "fX"      : -3.0,
        "fY"      : -23.0,
        "fRotation" : 0.0,
        "strID"     : "45fb1155-69ef-4abf-990b-7cf4e9a2b52c",
        "bForceLoad" : false
      },
      {
        "strName" : "ItmConduit01",
        "fX"      : -4.0,
        "fY"      : -23.0,
        "fRotation" : 0.0,
        "strID"     : "60596154-e553-49ac-ab8a-e4462aa845a7",
        "bForceLoad" : false
      },
      {
        "strName" : "ItmConduit01",
        "fX"      : -5.0,
        "fY"      : -23.0,
        "fRotation" : 0.0,
        "strID"     : "50a0a1d9-0f71-4d6b-8820-d1b946e7bab2",
        "bForceLoad" : false
      },
      {
        "strName" : "ItmConduit01",
        "fX"      : -6.0,
        "fY"      : -23.0,
        "fRotation" : 0.0,
        "strID"     : "21f39b30-815a-4c32-b018-0a3245e4e47b",
        "bForceLoad" : false
      },
      {
        "strName" : "ItmConduit01",
        "fX"      : -6.0,
        "fY"      : -22.0,
        "fRotation" : 0.0,
        "strID"     : "3af7b5ae-43b7-45c2-b120-72fd3f900c11",
        "bForceLoad" : false
      },
      {
        "strName" : "ItmConduit01",
        "fX"      : -6.0,
        "fY"      : -21.0,
        "fRotation" : 0.0,
        "strID"     : "96fe8c9d-efae-488f-8927-e230a442065d",
        "bForceLoad" : false
      },
      {
        "strName" : "ItmConduit01",
        "fX"      : -6.0,
        "fY"      : -20.0,
        "fRotation" : 0.0,
        "strID"     : "fd52de97-6656-4a5f-8dd1-8a8cfb2ae331",
        "bForceLoad" : false
      },
      {
        "strName" : "ItmConduit01",
        "fX"      : -5.0,
        "fY"      : -20.0,
        "fRotation" : 0.0,
        "strID"     : "aa20b5b8-0c07-4deb-abe4-6255f867656e",
        "bForceLoad" : false
      },
      {
        "strName" : "ItmConduit01",
        "fX"      : -4.0,
        "fY"      : -20.0,
        "fRotation" : 0.0,
        "strID"     : "4fddf6d0-8a8d-4ed7-a6d3-061582ba4fad",
        "bForceLoad" : false
      },
      {
        "strName" : "ItmConduit01",
        "fX"      : -3.0,
        "fY"      : -20.0,
        "fRotation" : 0.0,
        "strID"     : "f9fb9211-2976-4d86-b7ae-9317b78d9144",
        "bForceLoad" : false
      },
      {
        "strName" : "ItmConduit01",
        "fX"      : -3.0,
        "fY"      : -19.0,
        "fRotation" : 0.0,
        "strID"     : "bf723338-84c6-4725-948c-6621d8b2572f",
        "bForceLoad" : false
      },
      {
        "strName" : "ItmConduit01",
        "fX"      : -2.0,
        "fY"      : -19.0,
        "fRotation" : 0.0,
        "strID"     : "df3fb667-5b12-4705-8965-5fbe2e38b876",
        "bForceLoad" : false
      },
      {
        "strName" : "ItmConduit01",
        "fX"      : -1.0,
        "fY"      : -19.0,
        "fRotation" : 0.0,
        "strID"     : "4f173a4a-b763-4119-8706-c4456e888425",
        "bForceLoad" : false
      },
      {
        "strName" : "ItmConduit01",
        "fX"      : 8.0,
        "fY"      : -24.0,
        "fRotation" : 0.0,
        "strID"     : "0c2d49d1-a08b-446b-bf23-a2752ff762b3",
        "bForceLoad" : false
      },
      {
        "strName" : "ItmConduit01",
        "fX"      : 9.0,
        "fY"      : -24.0,
        "fRotation" : 0.0,
        "strID"     : "05197707-8ecd-408a-899e-6cfc08a5dac9",
        "bForceLoad" : false
      },
      {
        "strName" : "ItmConduit01",
        "fX"      : 10.0,
        "fY"      : -24.0,
        "fRotation" : 0.0,
        "strID"     : "f664dc63-bcd1-4a30-9a1e-d841a491455c",
        "bForceLoad" : false
      },
      {
        "strName" : "ItmConduit01",
        "fX"      : 11.0,
        "fY"      : -24.0,
        "fRotation" : 0.0,
        "strID"     : "ddd2a3b5-79f2-4d31-9851-e8e16f9d337d",
        "bForceLoad" : false
      },
      {
        "strName" : "ItmConduit01",
        "fX"      : 12.0,
        "fY"      : -24.0,
        "fRotation" : 0.0,
        "strID"     : "d27995c7-c0d6-4598-9fc6-98ad399a8eb0",
        "bForceLoad" : false
      },
      {
        "strName" : "ItmConduit01",
        "fX"      : 13.0,
        "fY"      : -24.0,
        "fRotation" : 0.0,
        "strID"     : "efb5880d-28cb-4bd7-be11-9cb67119b876",
        "bForceLoad" : false
      },
      {
        "strName" : "ItmConduit01",
        "fX"      : 13.0,
        "fY"      : -23.0,
        "fRotation" : 0.0,
        "strID"     : "14777a07-ad78-4954-ba86-4e758ebfff21",
        "bForceLoad" : false
      },
      {
        "strName" : "ItmConduit01",
        "fX"      : 14.0,
        "fY"      : -23.0,
        "fRotation" : 0.0,
        "strID"     : "59c6042d-407a-4bd8-b78a-82f97d7888da",
        "bForceLoad" : false
      },
      {
        "strName" : "ItmConduit01",
        "fX"      : 15.0,
        "fY"      : -23.0,
        "fRotation" : 0.0,
        "strID"     : "e78e5866-66c3-4c09-9652-f7dc2ebce786",
        "bForceLoad" : false
      },
      {
        "strName" : "ItmConduit01",
        "fX"      : 16.0,
        "fY"      : -23.0,
        "fRotation" : 0.0,
        "strID"     : "2da53c33-dc12-4aa3-9f18-a9c78b1d7c1e",
        "bForceLoad" : false
      },
      {
        "strName" : "ItmConduit01",
        "fX"      : 16.0,
        "fY"      : -22.0,
        "fRotation" : 0.0,
        "strID"     : "ea0e32f3-bf65-484c-a60c-180f6dbf02d2",
        "bForceLoad" : false
      },
      {
        "strName" : "ItmConduit01",
        "fX"      : 16.0,
        "fY"      : -21.0,
        "fRotation" : 0.0,
        "strID"     : "4f2ebce8-5ea7-41b1-8cda-88ecd30cc94d",
        "bForceLoad" : false
      },
      {
        "strName" : "ItmConduit01",
        "fX"      : 16.0,
        "fY"      : -20.0,
        "fRotation" : 0.0,
        "strID"     : "fe27f3c1-82e9-4c1a-b1fb-97946a434f55",
        "bForceLoad" : false
      },
      {
        "strName" : "ItmConduit01",
        "fX"      : 15.0,
        "fY"      : -20.0,
        "fRotation" : 0.0,
        "strID"     : "7f7eccea-24fe-4137-98b8-f077a30ceed0",
        "bForceLoad" : false
      },
      {
        "strName" : "ItmConduit01",
        "fX"      : 14.0,
        "fY"      : -20.0,
        "fRotation" : 0.0,
        "strID"     : "e9124ad8-204f-431d-943c-de797c449e87",
        "bForceLoad" : false
      },
      {
        "strName" : "ItmConduit01",
        "fX"      : 13.0,
        "fY"      : -20.0,
        "fRotation" : 0.0,
        "strID"     : "ed4d196d-726a-48ef-be19-054f18e67a8e",
        "bForceLoad" : false
      },
      {
        "strName" : "ItmConduit01",
        "fX"      : 13.0,
        "fY"      : -19.0,
        "fRotation" : 0.0,
        "strID"     : "c61b1405-6282-4ad7-894f-c40ca0374123",
        "bForceLoad" : false
      },
      {
        "strName" : "ItmConduit01",
        "fX"      : 12.0,
        "fY"      : -19.0,
        "fRotation" : 0.0,
        "strID"     : "29ba99dc-6055-44b9-afe7-aceae71e7fb3",
        "bForceLoad" : false
      },
      {
        "strName" : "ItmConduit01",
        "fX"      : 11.0,
        "fY"      : -19.0,
        "fRotation" : 0.0,
        "strID"     : "bbe2bc3e-9182-44cd-a21e-9ac5734dc0a9",
        "bForceLoad" : false
      },
      {
        "strName" : "ItmWallMSSLFWhite",
        "fX"      : -3.0,
        "fY"      : -18.0,
        "fRotation" : 0.0,
        "strID"     : "79302160-6e9d-4360-8608-fe08b7dd9a48",
        "bForceLoad" : false
      },
      {
        "strName" : "ItmWallMSSLFWhite",
        "fX"      : -5.0,
        "fY"      : -19.0,
        "fRotation" : 0.0,
        "strID"     : "6a19dcac-aaa9-4aa4-b81a-ca588f1016a4",
        "bForceLoad" : false
      },
      {
        "strName" : "ItmConduit01",
        "fX"      : -3.0,
        "fY"      : -21.0,
        "fRotation" : 0.0,
        "strID"     : "9e6134c4-da8c-4d3f-ac61-de48a15ea920",
        "bForceLoad" : false
      },
      {
        "strName" : "ItmWallMSSLFWhite",
        "fX"      : -4.0,
        "fY"      : -18.0,
        "fRotation" : 0.0,
        "strID"     : "1fe132c5-961f-4ff2-af6f-c354496319ad",
        "bForceLoad" : false
      },
      {
        "strName" : "ItmRTAO2",
        "fX"      : -4.0,
        "fY"      : -19.0,
        "fRotation" : 0.0,
        "strID"     : "c5f83893-6480-43c2-9894-360afc2c17a1",
        "bForceLoad" : false
      },
      {
        "strName" : "ItmWallMSSLFWhite",
        "fX"      : -5.0,
        "fY"      : -18.0,
        "fRotation" : 0.0,
        "strID"     : "7ae79b78-a665-4df7-bf19-5257e024e04f",
        "bForceLoad" : false
      },
      {
        "strName" : "ItmWallMSSLFWhite",
        "fX"      : -4.0,
        "fY"      : -20.0,
        "fRotation" : 0.0,
        "strID"     : "eb69bf20-25bd-4e76-945d-62901fbd27f7",
        "bForceLoad" : false
      },
      {
        "strName" : "ItmFloorMSSLFWhite02",
        "fX"      : -4.0,
        "fY"      : -19.0,
        "fRotation" : 0.0,
        "strID"     : "24ed6e46-b6d8-4a0f-90ae-1702548aae55",
        "bForceLoad" : false
      },
      {
        "strName" : "ItmConduit01",
        "fX"      : 0.0,
        "fY"      : -19.0,
        "fRotation" : 0.0,
        "strID"     : "46c93ddf-7ae2-40f3-8b5f-375cd72d77b8",
        "bForceLoad" : false
      },
      {
        "strName" : "ItmConduit01",
        "fX"      : 10.0,
        "fY"      : -19.0,
        "fRotation" : 0.0,
        "strID"     : "1cee1dda-ef54-44af-99fb-980c7267d7b4",
        "bForceLoad" : false
      },
      {
        "strName" : "ItmLitWall1x0Off",
        "fX"      : 7.0,
        "fY"      : -25.0,
        "fRotation" : 180.0,
        "strID"     : "88c008b3-15a1-445d-b043-e0947158b1b8",
        "bForceLoad" : false
      },
      {
        "strName" : "ItmScrapTrash",
        "fX"      : 2.0,
        "fY"      : -22.0,
        "fRotation" : 0.0,
        "strID"     : "eb54c580-9779-4c4d-abe7-f20439fb76b4",
        "bForceLoad" : false
      },
      {
        "strName" : "ItmScrapTrash",
        "fX"      : 6.0,
        "fY"      : -22.0,
        "fRotation" : 0.0,
        "strID"     : "45224070-b268-489f-93cf-c32d165723fd",
        "strParentID" : "ca6d421b-12df-4794-8bd9-631704f86c60",
        "bForceLoad"  : false
      },
      {
        "strName" : "ItmScrapTrash",
        "fX"      : 9.0,
        "fY"      : -21.0,
        "fRotation" : 0.0,
        "strID"     : "bf41798d-9d99-40da-b467-34292fc8bdae",
        "strParentID" : "0116818e-5330-45ac-ab7c-afeaa9a006d8",
        "bForceLoad"  : false
      },
      {
        "strName" : "ItmScrapTrash",
        "fX"      : 1.0,
        "fY"      : -22.0,
        "fRotation" : 0.0,
        "strID"     : "6e493c13-eece-41e1-892c-144982c87410",
        "strParentID" : "0b78a2da-9d5d-4fa4-8460-9fb9ceede5a5",
        "bForceLoad"  : false
      },
      {
        "strName" : "ItmScrapTrash",
        "fX"      : 1.0,
        "fY"      : -22.0,
        "fRotation" : 0.0,
        "strID"     : "ef3595bf-822d-4e02-9c7f-07abac35911c",
        "strParentID" : "0b78a2da-9d5d-4fa4-8460-9fb9ceede5a5",
        "bForceLoad"  : false
      },
      {
        "strName" : "ItmScrapTrash",
        "fX"      : 1.0,
        "fY"      : -22.0,
        "fRotation" : 180.0,
        "strID"     : "0b78a2da-9d5d-4fa4-8460-9fb9ceede5a5",
        "bForceLoad" : false
      },
      {
        "strName" : "ItmScrapTrash",
        "fX"      : 3.0,
        "fY"      : -21.0,
        "fRotation" : 180.0,
        "strID"     : "5666587d-ca05-42d5-9589-30b2d2c2c000",
        "strParentID" : "66b983dd-8de5-4e20-adec-d3dbfebdd304",
        "bForceLoad"  : false
      },
      {
        "strName" : "ItmScrapTrash",
        "fX"      : 2.0,
        "fY"      : -21.0,
        "fRotation" : 0.0,
        "strID"     : "15b6b7b2-370e-4b4b-967f-5c0e54e1ecef",
        "strParentID" : "5d7c4182-87b1-46ce-bf9e-6abd4eeb1ccf",
        "bForceLoad"  : false
      },
      {
        "strName" : "ItmScrapTrash",
        "fX"      : 2.0,
        "fY"      : -21.0,
        "fRotation" : 0.0,
        "strID"     : "8d3533e8-620b-4776-92fd-81ec9df20b21",
        "strParentID" : "5d7c4182-87b1-46ce-bf9e-6abd4eeb1ccf",
        "bForceLoad"  : false
      },
      {
        "strName" : "ItmScrapTrash",
        "fX"      : 2.0,
        "fY"      : -21.0,
        "fRotation" : 180.0,
        "strID"     : "5d7c4182-87b1-46ce-bf9e-6abd4eeb1ccf",
        "bForceLoad" : false
      },
      {
        "strName" : "ItmScrapTrash",
        "fX"      : 1.0,
        "fY"      : -21.0,
        "fRotation" : 0.0,
        "strID"     : "434ebd9f-8cf3-4664-9b78-df650da4c518",
        "strParentID" : "17ce6b75-93e5-4abe-a0ee-92df592d23b8",
        "bForceLoad"  : false
      },
      {
        "strName" : "ItmScrapTrash",
        "fX"      : 1.0,
        "fY"      : -21.0,
        "fRotation" : 0.0,
        "strID"     : "c8474458-3128-4300-80e5-b1f17e5f49f3",
        "strParentID" : "17ce6b75-93e5-4abe-a0ee-92df592d23b8",
        "bForceLoad"  : false
      },
      {
        "strName" : "ItmScrapTrash",
        "fX"      : 1.0,
        "fY"      : -21.0,
        "fRotation" : 180.0,
        "strID"     : "17ce6b75-93e5-4abe-a0ee-92df592d23b8",
        "bForceLoad" : false
      },
      {
        "strName" : "ItmScrapTrash",
        "fX"      : 6.0,
        "fY"      : -22.0,
        "fRotation" : 0.0,
        "strID"     : "90a1c207-9cff-42ab-be02-50ea2e0aa732",
        "strParentID" : "ca6d421b-12df-4794-8bd9-631704f86c60",
        "bForceLoad"  : false
      },
      {
        "strName" : "ItmScrapTrash",
        "fX"      : 6.0,
        "fY"      : -22.0,
        "fRotation" : 0.0,
        "strID"     : "ca6d421b-12df-4794-8bd9-631704f86c60",
        "bForceLoad" : false
      },
      {
        "strName" : "ItmScrapTrash",
        "fX"      : 3.0,
        "fY"      : -21.0,
        "fRotation" : 0.0,
        "strID"     : "df334914-d4ea-4be0-8f8b-086b9c8d3f53",
        "strParentID" : "66b983dd-8de5-4e20-adec-d3dbfebdd304",
        "bForceLoad"  : false
      },
      {
        "strName" : "ItmScrapTrash",
        "fX"      : 3.0,
        "fY"      : -21.0,
        "fRotation" : 0.0,
        "strID"     : "66b983dd-8de5-4e20-adec-d3dbfebdd304",
        "bForceLoad" : false
      },
      {
        "strName" : "ItmScrapTrash",
        "fX"      : 9.0,
        "fY"      : -21.0,
        "fRotation" : 0.0,
        "strID"     : "70bf3083-701b-4891-9fb1-3fd7341c20ba",
        "strParentID" : "0116818e-5330-45ac-ab7c-afeaa9a006d8",
        "bForceLoad"  : false
      },
      {
        "strName" : "ItmScrapTrash",
        "fX"      : 9.0,
        "fY"      : -21.0,
        "fRotation" : 0.0,
        "strID"     : "0116818e-5330-45ac-ab7c-afeaa9a006d8",
        "bForceLoad" : false
      },
      {
        "strName" : "ItmScrapTrash",
        "fX"      : 9.0,
        "fY"      : -20.0,
        "fRotation" : 0.0,
        "strID"     : "9fffff04-80f6-4e44-870f-6fea66b8f2ba",
        "strParentID" : "75cd06b6-9e28-46ee-baf8-cabbbfd5d91b",
        "bForceLoad"  : false
      },
      {
        "strName" : "ItmScrapTrash",
        "fX"      : 9.0,
        "fY"      : -20.0,
        "fRotation" : 0.0,
        "strID"     : "75cd06b6-9e28-46ee-baf8-cabbbfd5d91b",
        "bForceLoad" : false
      },
      {
        "strName" : "Compartment",
        "fX"      : -7.0,
        "fY"      : -17.0,
        "fRotation" : 0.0,
        "strID"     : "33433703-da52-420a-9b88-ffffa3dd41c7",
        "bForceLoad" : false
      },
      {
        "strName" : "Compartment",
        "fX"      : 8.0,
        "fY"      : -17.0,
        "fRotation" : 0.0,
        "strID"     : "30adf97c-4fe6-4505-ab2d-4a1ee35ec712",
        "bForceLoad" : false
      },
      {
        "strName" : "Compartment",
        "fX"      : 4.0,
        "fY"      : -18.0,
        "fRotation" : 0.0,
        "strID"     : "d95a831b-2d7e-4a9f-bb11-9eb3ec72e38b",
        "bForceLoad" : false
      },
      {
        "strName" : "Compartment",
        "fX"      : -4.0,
        "fY"      : -19.0,
        "fRotation" : 0.0,
        "strID"     : "77656549-2beb-4ac5-a1d3-2c7884e804d3",
        "bForceLoad" : false
      },
      {
        "strName" : "Compartment",
        "fX"      : 14.0,
        "fY"      : -24.0,
        "fRotation" : 0.0,
        "strID"     : "4471fea8-129f-4b43-a4b5-c80513489773",
        "bForceLoad" : false
      }
    ],
    "aShallowPSpecs"   : [
      {
        "strName" : "SysLootSpawner",
        "fX"      : 5.0,
        "fY"      : -20.0,
        "fRotation" : 180.0,
        "strID"     : "f81bdd6e-4299-48a0-a120-e99290b2d6dc",
        "bForceLoad" : false,
        "aGPMSettings" : [
          {
            "strName" : "Panel A",
            "dictGUIPropMap" : [
              "strGUIPrefab",
              "GUILootSpawn",
              "strFriendlyName",
              "Loot Spawner",
              "strGUIPrefabRight",
              null,
              "strGUIPrefabLeft",
              null,
              "strGUIPrefabUp",
              null,
              "strGUIPrefabDown",
              null,
              "strType",
              "Pspec",
              "strLoot",
              "NotBoarding",
              "strRange",
              "1",
              "strCount",
              "0",
              "strNew",
              "True",
              "strDamaged",
              "True",
              "strDerelict",
              "True"
            ]
          }
        ]
      },
      {
        "strName" : "SysLootSpawner",
        "fX"      : 5.0,
        "fY"      : -18.0,
        "fRotation" : 180.0,
        "strID"     : "f67a07d8-f451-4697-9d99-0e17f3d58280",
        "bForceLoad" : false,
        "aGPMSettings" : [
          {
            "strName" : "Panel A",
            "dictGUIPropMap" : [
              "strGUIPrefab",
              "GUILootSpawn",
              "strFriendlyName",
              "Loot Spawner",
              "strGUIPrefabRight",
              null,
              "strGUIPrefabLeft",
              null,
              "strGUIPrefabUp",
              null,
              "strGUIPrefabDown",
              null,
              "strType",
              "Pspec",
              "strLoot",
              "Boarding",
              "strRange",
              "0",
              "strCount",
              "0",
              "strNew",
              "True",
              "strDamaged",
              "True",
              "strDerelict",
              "True"
            ]
          }
        ]
      }
    ],
    "vShipPos"         : {
      "x" : 5.0,
      "y" : -18.0
    },
    "objSS"            : {
      "boPORShip" : "Sol",
      "vPosx"     : 0.974715829695275,
      "vPosy"     : -1.5649667655192,
      "vBOOffsetx" : -5.97233929422458E-07,
      "vBOOffsety" : -2.35012013405367E-07,
      "vVelX"      : 1.67110698401795E-07,
      "vVelY"      : 1.61409221265489E-08,
      "vAccIn"     : {
        "x" : 0.0,
        "y" : 0.0
      },
      "vAccRCS"    : {
        "x" : 0.0,
        "y" : 0.0
      },
      "vAccEx"     : {
        "x" : -6.016527E-15,
        "y" : 9.934137E-15
      },
      "fRot"       : 3.040813,
      "fW"         : 0.0,
      "fA"         : 0.0,
      "bBOLocked"  : false,
      "bIsBO"      : false,
      "bIsRegion"  : false,
      "bIsNoFees"  : false
    },
    "aRooms"           : [
      {
        "strID" : "33433703-da52-420a-9b88-ffffa3dd41c7",
        "bVoid" : true,
        "aTiles" : [
          0,
          1,
          24,
          2,
          25,
          48,
          3,
          49,
          72,
          4,
          96,
          5,
          120,
          6,
          29,
          144,
          7,
          30,
          168,
          8,
          31,
          169,
          192,
          9,
          170,
          193,
          216,
          171,
          194,
          217,
          195,
          218,
          196,
          219,
          197,
          220,
          198,
          221,
          199,
          222,
          200,
          223,
          224
        ]
      },
      {
        "strID" : "30adf97c-4fe6-4505-ab2d-4a1ee35ec712",
        "bVoid" : true,
        "aTiles" : [
          15,
          16,
          17,
          18,
          41,
          19,
          42,
          20,
          43,
          21,
          44,
          22,
          45,
          23,
          46,
          69,
          47,
          70,
          71
        ]
      },
      {
        "strID" : "d95a831b-2d7e-4a9f-bb11-9eb3ec72e38b",
        "bVoid" : true,
        "aTiles" : [
          35,
          36,
          59,
          12,
          37,
          60,
          58,
          83,
          61,
          84,
          57,
          82,
          107,
          62,
          85,
          108,
          81,
          106,
          131,
          63,
          86,
          109,
          132,
          80,
          105,
          130,
          155,
          87,
          110,
          133,
          156,
          79,
          104,
          129,
          154,
          179,
          88,
          111,
          134,
          157,
          180,
          78,
          103,
          128,
          153,
          178,
          203,
          89,
          112,
          135,
          158,
          181,
          204,
          77,
          102,
          127,
          152,
          202,
          90,
          113,
          136,
          159,
          182,
          205,
          101,
          126,
          151,
          91,
          114,
          137,
          160,
          206,
          100,
          125,
          150,
          115,
          138,
          161,
          99,
          124,
          149,
          116,
          139,
          162,
          98,
          123,
          117,
          140,
          163,
          122,
          118,
          141,
          142
        ]
      },
      {
        "strID" : "77656549-2beb-4ac5-a1d3-2c7884e804d3",
        "bVoid" : false,
        "aTiles" : [
          51
        ]
      },
      {
        "strID" : "4471fea8-129f-4b43-a4b5-c80513489773",
        "bVoid" : true,
        "aTiles" : [
          189,
          190,
          213,
          191,
          214,
          212,
          237,
          215,
          238,
          211,
          236,
          239,
          210,
          235,
          209,
          234,
          208,
          233,
          232
        ]
      }
    ],
    "DMGStatus"        : 1,
    "fLastVisit"       : 65627543381.2946,
    "fAIDockingTimer"  : 0.0,
    "fAIPauseTimer"    : 9.55295324325562,
    "bPrefill"         : false,
    "bNoCollisions"    : false,
    "dLastScanTime"    : 65627520111.5737,
    "bLocalAuthority"  : false,
    "bAIShip"          : false,
    "make"             : "Custom",
    "model"            : "Coffin",
    "year"             : "2063",
    "origin"           : "Calico City",
    "designation"      : "n/a",
    "publicName"       : "Nuclear Avenger",
    "dimensions"       : "0.32m x 0.96m",
    "fShallowMass"     : 3061.5,
    "fShallowRCSRemass" : 0.0,
    "fShallowRCSRemassMax" : 0.0,
    "fShallowFusionRemain" : 0.0,
    "fBreakInMultiplier"   : 0.06297874,
    "nRCSCount"            : 0,
    "nRCSDistroCount"      : 0,
    "nDockCount"           : 1,
    "bFusionTorch"         : false
  }
]