
[
  {
    "strName" : "E-GZ8",
    "strRegID" : "E-GZ8",
    "nCurrentWaypoint" : -1,
    "fTimeEngaged"     : 162854.1,
    "aCOs"             : [
      {
        "strID" : "871e0894-09fd-4135-b47a-2e788b06587e",
        "strCODef" : "SysLootSpawner",
        "bAlive"   : true,
        "aConds"   : [
          "IsNonHighlightable=1.0x1",
          "IsHiddenInv=1.0x1",
          "IsLootSpawner=1.0x1",
          "IsSystem=1.0x1"
        ],
        "strCondID" : "SysLootSpawner871e0894-09fd-4135-b47a-2e788b06587e",
        "inventoryX" : 0,
        "inventoryY" : 0,
        "fDGasTemp"  : 0.0,
        "fLastICOUpdate" : 65627515150.3867,
        "nDestTile"      : 0,
        "strIdleAnim"    : "Idle",
        "aMyShips"       : [
          "E-GZ8"
        ],
        "strIMGPreview"  : "IcoLoot",
        "strFriendlyName" : "SysLootSpawner",
        "strRegIDLast"    : "E-GZ8"
      },
      {
        "strID" : "3a57bfab-53d3-44c4-b543-6d5914c7476a",
        "strCODef" : "SysLootSpawner",
        "bAlive"   : true,
        "aConds"   : [
          "IsNonHighlightable=1.0x1",
          "IsHiddenInv=1.0x1",
          "IsLootSpawner=1.0x1",
          "IsSystem=1.0x1"
        ],
        "strCondID" : "SysLootSpawner3a57bfab-53d3-44c4-b543-6d5914c7476a",
        "inventoryX" : 0,
        "inventoryY" : 0,
        "fDGasTemp"  : 0.0,
        "fLastICOUpdate" : 65627515150.3867,
        "nDestTile"      : 0,
        "strIdleAnim"    : "Idle",
        "aMyShips"       : [
          "E-GZ8"
        ],
        "strIMGPreview"  : "IcoLoot",
        "strFriendlyName" : "SysLootSpawner",
        "strRegIDLast"    : "E-GZ8"
      }
    ],
    "aItems"           : [
      {
        "strName" : "ItmScrapAluminum",
        "fX"      : 3.0,
        "fY"      : -7.0,
        "fRotation" : 0.0,
        "strID"     : "14900d8d-c77c-40db-956a-f18a5345192a",
        "strParentID" : "73ac28e4-51d7-4141-9766-a8da360bf227",
        "bForceLoad"  : false
      },
      {
        "strName" : "ItmPartsMechSmall01",
        "fX"      : 2.0,
        "fY"      : -8.0,
        "fRotation" : 0.0,
        "strID"     : "73729d46-1452-4e4b-8821-0cc4cb9ccd12",
        "strParentID" : "19bd1c63-d36d-4f70-bd07-7f4bc4a27eeb",
        "bForceLoad"  : false
      },
      {
        "strName" : "ItmPartsMechSmall01",
        "fX"      : 2.0,
        "fY"      : -8.0,
        "fRotation" : 0.0,
        "strID"     : "154b92ea-0e7a-401a-b15d-e78b37294b62",
        "strParentID" : "19bd1c63-d36d-4f70-bd07-7f4bc4a27eeb",
        "bForceLoad"  : false
      },
      {
        "strName" : "ItmScrapTrash",
        "fX"      : 4.0,
        "fY"      : -4.0,
        "fRotation" : 0.0,
        "strID"     : "8d0d6b80-c234-490e-abe6-ca5de7400b3d",
        "bForceLoad" : false
      },
      {
        "strName" : "ItmFloorRYOF01",
        "fX"      : 4.0,
        "fY"      : -12.0,
        "fRotation" : 0.0,
        "strID"     : "8501001b-9d13-4ae0-bf6f-549c88eae34f",
        "bForceLoad" : false
      },
      {
        "strName" : "ItmFloorRYOF01",
        "fX"      : 5.0,
        "fY"      : -12.0,
        "fRotation" : 0.0,
        "strID"     : "041acd16-2ee4-41c7-b2e0-740d5f150173",
        "bForceLoad" : false
      },
      {
        "strName" : "ItmFloorRYOF01",
        "fX"      : 6.0,
        "fY"      : -12.0,
        "fRotation" : 0.0,
        "strID"     : "9f2ff6a2-f974-473d-811e-f1e35eada381",
        "bForceLoad" : false
      },
      {
        "strName" : "ItmScrapTrash",
        "fX"      : 4.0,
        "fY"      : -6.0,
        "fRotation" : 0.0,
        "strID"     : "5c4b1039-b99c-49eb-95ea-fd246e6385df",
        "strParentID" : "b9e18077-ff4c-4c43-9204-b3317d5440f5",
        "bForceLoad"  : false
      },
      {
        "strName" : "ItmScrapTrash",
        "fX"      : 4.0,
        "fY"      : -6.0,
        "fRotation" : 0.0,
        "strID"     : "2b8f83c8-2aad-49be-b359-b48f93f9dfba",
        "strParentID" : "b9e18077-ff4c-4c43-9204-b3317d5440f5",
        "bForceLoad"  : false
      },
      {
        "strName" : "ItmScrapTrash",
        "fX"      : 4.0,
        "fY"      : -6.0,
        "fRotation" : 0.0,
        "strID"     : "b9e18077-ff4c-4c43-9204-b3317d5440f5",
        "bForceLoad" : false
      },
      {
        "strName" : "ItmFloorRYOF01",
        "fX"      : 5.0,
        "fY"      : -14.0,
        "fRotation" : 0.0,
        "strID"     : "9d94b2bd-446f-454e-ba28-6de1aa20d078",
        "bForceLoad" : false
      },
      {
        "strName" : "ItmFloorRYOF01",
        "fX"      : 6.0,
        "fY"      : -14.0,
        "fRotation" : 0.0,
        "strID"     : "454a41eb-6b97-43a9-960a-d3e0a720a512",
        "bForceLoad" : false
      },
      {
        "strName" : "ItmFloorRYOF01",
        "fX"      : 4.0,
        "fY"      : -14.0,
        "fRotation" : 0.0,
        "strID"     : "e096645b-3d74-4edc-b46a-7364174248b1",
        "bForceLoad" : false
      },
      {
        "strName" : "ItmDockSys02Closed",
        "fX"      : 5.0,
        "fY"      : -15.5,
        "fRotation" : 180.0,
        "strID"     : "ac09f84f-f992-4cde-a3ba-1257808c7ce0",
        "bForceLoad" : false
      },
      {
        "strName" : "ItmFloorRYOF01",
        "fX"      : 3.0,
        "fY"      : -12.0,
        "fRotation" : 0.0,
        "strID"     : "db214cd2-7045-4a17-b6eb-9b2fb98d033d",
        "bForceLoad" : false
      },
      {
        "strName" : "ItmFloorRYOF01",
        "fX"      : 7.0,
        "fY"      : -12.0,
        "fRotation" : 0.0,
        "strID"     : "022b4d58-f450-42e5-bc02-6049e5c4bb23",
        "bForceLoad" : false
      },
      {
        "strName" : "ItmFloorRYOF01",
        "fX"      : 2.0,
        "fY"      : -12.0,
        "fRotation" : 0.0,
        "strID"     : "719e7f51-dcc3-472b-9dbb-6cc2e22bb2d6",
        "bForceLoad" : false
      },
      {
        "strName" : "ItmFloorRYOF01",
        "fX"      : 2.0,
        "fY"      : -11.0,
        "fRotation" : 0.0,
        "strID"     : "ab5584fc-7f7e-42c7-b5c5-cf4f2a39b1c2",
        "bForceLoad" : false
      },
      {
        "strName" : "ItmFloorRYOF01",
        "fX"      : 7.0,
        "fY"      : -14.0,
        "fRotation" : 0.0,
        "strID"     : "4aaf844c-09d3-4547-97cf-489efe015cf7",
        "bForceLoad" : false
      },
      {
        "strName" : "ItmFloorRYOF01",
        "fX"      : 3.0,
        "fY"      : -14.0,
        "fRotation" : 0.0,
        "strID"     : "f8a233c4-a20e-4b21-878c-20328422e7d6",
        "bForceLoad" : false
      },
      {
        "strName" : "ItmFloorRYOF01",
        "fX"      : 8.0,
        "fY"      : -12.0,
        "fRotation" : 0.0,
        "strID"     : "c401196b-3fe0-4882-8603-29f6b2bdea7a",
        "bForceLoad" : false
      },
      {
        "strName" : "ItmFloorRYOF01",
        "fX"      : 8.0,
        "fY"      : -11.0,
        "fRotation" : 0.0,
        "strID"     : "764d878e-23fa-480f-9932-f5efe26aa9db",
        "bForceLoad" : false
      },
      {
        "strName" : "ItmFloorRYOF04",
        "fX"      : 2.0,
        "fY"      : -10.0,
        "fRotation" : 90.0,
        "strID"     : "0551cda8-b524-4a07-a31b-a31460eb2c4e",
        "bForceLoad" : false
      },
      {
        "strName" : "ItmFloorRYOF04",
        "fX"      : 3.0,
        "fY"      : -10.0,
        "fRotation" : 90.0,
        "strID"     : "d8ab178b-3c4a-4bd9-af9b-044fdc625d85",
        "bForceLoad" : false
      },
      {
        "strName" : "ItmFloorRYOF05",
        "fX"      : 3.0,
        "fY"      : -9.0,
        "fRotation" : 0.0,
        "strID"     : "26e4e410-0fbb-4d44-ae03-9131bcb38eee",
        "bForceLoad" : false
      },
      {
        "strName" : "ItmFloorRYOF05",
        "fX"      : 2.0,
        "fY"      : -9.0,
        "fRotation" : 0.0,
        "strID"     : "11deb63d-1ded-4706-8320-e1b563214a0b",
        "bForceLoad" : false
      },
      {
        "strName" : "ItmWallRYOB01",
        "fX"      : 1.0,
        "fY"      : -12.0,
        "fRotation" : 0.0,
        "strID"     : "56c98cb0-f158-465f-b137-74d8f39df7a3",
        "bForceLoad" : false
      },
      {
        "strName" : "ItmFloorRYOF01",
        "fX"      : 9.0,
        "fY"      : -10.0,
        "fRotation" : 0.0,
        "strID"     : "dcc7072e-5938-4bbc-8cb0-ffe815960696",
        "bForceLoad" : false
      },
      {
        "strName" : "ItmFloorRYOF04",
        "fX"      : 9.0,
        "fY"      : -9.0,
        "fRotation" : 180.0,
        "strID"     : "6c8c8ea7-9f36-4115-8cd4-4f422ef713ef",
        "bForceLoad" : false
      },
      {
        "strName" : "ItmFloorRYOF04",
        "fX"      : 9.0,
        "fY"      : -8.0,
        "fRotation" : 180.0,
        "strID"     : "870849a2-078f-4e85-9c57-5d25944b6204",
        "bForceLoad" : false
      },
      {
        "strName" : "ItmFloorRYOF04",
        "fX"      : 9.0,
        "fY"      : -7.0,
        "fRotation" : 180.0,
        "strID"     : "73411686-75b6-4206-99a3-b75b5dd09d59",
        "bForceLoad" : false
      },
      {
        "strName" : "ItmFloorRYOF01",
        "fX"      : 9.0,
        "fY"      : -6.0,
        "fRotation" : 0.0,
        "strID"     : "8c4deb8c-ccd2-4362-a61c-e010e0fdd3d8",
        "bForceLoad" : false
      },
      {
        "strName" : "ItmFloorRYOF04",
        "fX"      : 9.0,
        "fY"      : -5.0,
        "fRotation" : 180.0,
        "strID"     : "a3c7daa0-d823-4765-a2e5-0aa5c1a95238",
        "bForceLoad" : false
      },
      {
        "strName" : "ItmFloorRYOF01",
        "fX"      : 9.0,
        "fY"      : -4.0,
        "fRotation" : 0.0,
        "strID"     : "00900ee5-23de-462d-aa42-5c8a69d640de",
        "bForceLoad" : false
      },
      {
        "strName" : "ItmFloorRYOF01",
        "fX"      : 9.0,
        "fY"      : -3.0,
        "fRotation" : 0.0,
        "strID"     : "c5b295a4-b89d-450e-b65f-772df3f25416",
        "bForceLoad" : false
      },
      {
        "strName" : "ItmFloorRYOF01",
        "fX"      : 8.0,
        "fY"      : -4.0,
        "fRotation" : 0.0,
        "strID"     : "995e8016-cea2-45b2-bb1e-2f10414af620",
        "bForceLoad" : false
      },
      {
        "strName" : "ItmFloorRYOF01",
        "fX"      : 8.0,
        "fY"      : -5.0,
        "fRotation" : 0.0,
        "strID"     : "e308fa28-d916-4d42-9f51-a9ab9624f3cb",
        "bForceLoad" : false
      },
      {
        "strName" : "ItmFloorRYOF04",
        "fX"      : 8.0,
        "fY"      : -6.0,
        "fRotation" : 270.0,
        "strID"     : "f6c96bca-9ba5-4ecc-96d5-826bdcf3eb09",
        "bForceLoad" : false
      },
      {
        "strName" : "ItmFloorRYOF01",
        "fX"      : 3.0,
        "fY"      : -11.0,
        "fRotation" : 0.0,
        "strID"     : "53ffe459-3544-4ca6-a445-172338512fa6",
        "bForceLoad" : false
      },
      {
        "strName" : "ItmFloorRYOF04",
        "fX"      : 8.0,
        "fY"      : -10.0,
        "fRotation" : 90.0,
        "strID"     : "8cc1a76e-2437-46f5-871a-542edbb15e17",
        "bForceLoad" : false
      },
      {
        "strName" : "ItmFloorRYOF04",
        "fX"      : 7.0,
        "fY"      : -10.0,
        "fRotation" : 90.0,
        "strID"     : "6a91dba2-cae9-411a-9ad0-5bd6fee1dc68",
        "bForceLoad" : false
      },
      {
        "strName" : "ItmFloorRYOF05",
        "fX"      : 8.0,
        "fY"      : -7.0,
        "fRotation" : 0.0,
        "strID"     : "c9ea7ba9-9867-4ca7-a196-7d49700844b1",
        "bForceLoad" : false
      },
      {
        "strName" : "ItmFloorRYOF05",
        "fX"      : 8.0,
        "fY"      : -8.0,
        "fRotation" : 0.0,
        "strID"     : "9685c891-4cf7-4d85-8f23-b7984a4a107a",
        "bForceLoad" : false
      },
      {
        "strName" : "ItmFloorRYOF04",
        "fX"      : 3.0,
        "fY"      : -6.0,
        "fRotation" : 270.0,
        "strID"     : "98538490-4bfe-447d-8fb6-c808a3748f3a",
        "bForceLoad" : false
      },
      {
        "strName" : "ItmFloorRYOF01",
        "fX"      : 7.0,
        "fY"      : -11.0,
        "fRotation" : 0.0,
        "strID"     : "d05b9e62-7f9e-49a9-93f3-419ab1c8c5be",
        "bForceLoad" : false
      },
      {
        "strName" : "ItmFloorRYOF05Dmg",
        "fX"      : 2.0,
        "fY"      : -8.0,
        "fRotation" : 0.0,
        "strID"     : "23d72b96-d13e-4de7-921d-0ccca49a7cfc",
        "bForceLoad" : false
      },
      {
        "strName" : "ItmFloorRYOF05Dmg",
        "fX"      : 3.0,
        "fY"      : -8.0,
        "fRotation" : 0.0,
        "strID"     : "a340cf40-ba0f-4b6e-996c-2392bba94475",
        "bForceLoad" : false
      },
      {
        "strName" : "ItmFloorRYOF05",
        "fX"      : 3.0,
        "fY"      : -7.0,
        "fRotation" : 0.0,
        "strID"     : "5ed201ca-d48f-4d59-a8f4-2cd75ede395e",
        "bForceLoad" : false
      },
      {
        "strName" : "ItmPartsMechSmall01",
        "fX"      : 3.0,
        "fY"      : -8.0,
        "fRotation" : 0.0,
        "strID"     : "aec7aec6-1989-4b14-891d-78b277ed2bd9",
        "bForceLoad" : false
      },
      {
        "strName" : "ItmFloorRYOF04",
        "fX"      : 7.0,
        "fY"      : -6.0,
        "fRotation" : 270.0,
        "strID"     : "770795f5-54c8-4435-a01d-83ad9f8e11cb",
        "bForceLoad" : false
      },
      {
        "strName" : "ItmFloorRYOF01",
        "fX"      : 7.0,
        "fY"      : -5.0,
        "fRotation" : 0.0,
        "strID"     : "89c6cb42-521b-41bb-aa33-8711ff03a158",
        "bForceLoad" : false
      },
      {
        "strName" : "ItmFloorRYOF01",
        "fX"      : 7.0,
        "fY"      : -4.0,
        "fRotation" : 0.0,
        "strID"     : "1327871b-a8ab-4c47-acc9-3c4675ef5d53",
        "bForceLoad" : false
      },
      {
        "strName" : "ItmFloorRYOF01",
        "fX"      : 6.0,
        "fY"      : -4.0,
        "fRotation" : 0.0,
        "strID"     : "d6106251-8136-499b-909c-a5bd10fc0254",
        "bForceLoad" : false
      },
      {
        "strName" : "ItmFloorRYOF01",
        "fX"      : 5.0,
        "fY"      : -4.0,
        "fRotation" : 0.0,
        "strID"     : "67cd757e-0259-4127-ae82-803f8bc045c4",
        "bForceLoad" : false
      },
      {
        "strName" : "ItmFloorRYOF01",
        "fX"      : 4.0,
        "fY"      : -4.0,
        "fRotation" : 0.0,
        "strID"     : "5665ef96-ca90-4fd8-84c9-d6c829ec8ad9",
        "bForceLoad" : false
      },
      {
        "strName" : "ItmFloorRYOF01",
        "fX"      : 3.0,
        "fY"      : -4.0,
        "fRotation" : 0.0,
        "strID"     : "eb63a63f-3da6-4813-a9e1-d54bba5106b4",
        "bForceLoad" : false
      },
      {
        "strName" : "ItmFloorRYOF01",
        "fX"      : 3.0,
        "fY"      : -5.0,
        "fRotation" : 0.0,
        "strID"     : "2c383452-1852-46fa-aa6b-48b6f6b0a9c3",
        "bForceLoad" : false
      },
      {
        "strName" : "ItmFloorRYOF04",
        "fX"      : 4.0,
        "fY"      : -7.0,
        "fRotation" : 180.0,
        "strID"     : "b4c9eec3-0294-487d-a65d-e4c8890efc55",
        "bForceLoad" : false
      },
      {
        "strName" : "ItmFloorRYOF04",
        "fX"      : 4.0,
        "fY"      : -8.0,
        "fRotation" : 180.0,
        "strID"     : "643c8227-7370-4116-9b12-888a4010df38",
        "bForceLoad" : false
      },
      {
        "strName" : "ItmFloorRYOF01",
        "fX"      : 5.0,
        "fY"      : -9.0,
        "fRotation" : 0.0,
        "strID"     : "f39e62b1-f8e3-4bde-8b10-22e869022f15",
        "bForceLoad" : false
      },
      {
        "strName" : "ItmFloorRYOF01",
        "fX"      : 5.0,
        "fY"      : -8.0,
        "fRotation" : 0.0,
        "strID"     : "083e0cdd-9c9f-4ba8-a243-3222381da095",
        "bForceLoad" : false
      },
      {
        "strName" : "ItmFloorRYOF01",
        "fX"      : 5.0,
        "fY"      : -7.0,
        "fRotation" : 0.0,
        "strID"     : "7887e89c-7097-44d4-a4e8-62c334bf7c43",
        "bForceLoad" : false
      },
      {
        "strName" : "ItmFloorRYOF01",
        "fX"      : 5.0,
        "fY"      : -6.0,
        "fRotation" : 0.0,
        "strID"     : "5cd4a364-0dce-4192-87df-8bdae4f3bb96",
        "bForceLoad" : false
      },
      {
        "strName" : "ItmFloorRYOF01",
        "fX"      : 4.0,
        "fY"      : -5.0,
        "fRotation" : 0.0,
        "strID"     : "a3ffcd2c-3760-40f2-a844-60b90a24be90",
        "bForceLoad" : false
      },
      {
        "strName" : "ItmFloorRYOF01",
        "fX"      : 4.0,
        "fY"      : -6.0,
        "fRotation" : 0.0,
        "strID"     : "11ed481b-4a20-4d9a-b16d-c4b6fca85300",
        "bForceLoad" : false
      },
      {
        "strName" : "ItmFloorRYOF04",
        "fX"      : 4.0,
        "fY"      : -9.0,
        "fRotation" : 180.0,
        "strID"     : "53210018-73ab-4031-a67f-fed1732097ca",
        "bForceLoad" : false
      },
      {
        "strName" : "ItmFloorRYOF01",
        "fX"      : 5.0,
        "fY"      : -10.0,
        "fRotation" : 0.0,
        "strID"     : "6dde25ca-d27d-443b-bb76-ef10a18f38d7",
        "bForceLoad" : false
      },
      {
        "strName" : "ItmFloorRYOF04",
        "fX"      : 6.0,
        "fY"      : -9.0,
        "fRotation" : 0.0,
        "strID"     : "05a6167c-e280-419b-a334-ca6b3c85b9a9",
        "bForceLoad" : false
      },
      {
        "strName" : "ItmFloorRYOF04",
        "fX"      : 6.0,
        "fY"      : -8.0,
        "fRotation" : 0.0,
        "strID"     : "2eab8127-e4f3-4844-8100-0b684f9ce0eb",
        "bForceLoad" : false
      },
      {
        "strName" : "ItmFloorRYOF04",
        "fX"      : 6.0,
        "fY"      : -7.0,
        "fRotation" : 0.0,
        "strID"     : "f3ce97f9-fd83-4b6b-a598-ff43c5217035",
        "bForceLoad" : false
      },
      {
        "strName" : "ItmFloorRYOF01",
        "fX"      : 6.0,
        "fY"      : -6.0,
        "fRotation" : 0.0,
        "strID"     : "f2bef9eb-ebd4-487f-b1fd-52442e15c6d3",
        "bForceLoad" : false
      },
      {
        "strName" : "ItmFloorRYOF01",
        "fX"      : 6.0,
        "fY"      : -5.0,
        "fRotation" : 0.0,
        "strID"     : "10cbcbd9-510a-497f-81c4-aad0d16419c2",
        "bForceLoad" : false
      },
      {
        "strName" : "ItmFloorRYOF01",
        "fX"      : 5.0,
        "fY"      : -5.0,
        "fRotation" : 0.0,
        "strID"     : "b89ba149-5f1c-41a0-8d40-fcb88a831984",
        "bForceLoad" : false
      },
      {
        "strName" : "ItmFloorRYOF01",
        "fX"      : 6.0,
        "fY"      : -10.0,
        "fRotation" : 0.0,
        "strID"     : "7fafb52e-df06-4ae1-b748-0032b82da59d",
        "bForceLoad" : false
      },
      {
        "strName" : "ItmFloorRYOF01",
        "fX"      : 6.0,
        "fY"      : -11.0,
        "fRotation" : 0.0,
        "strID"     : "d13faee7-587c-40a4-bc98-871edb27579d",
        "bForceLoad" : false
      },
      {
        "strName" : "ItmFloorRYOF01",
        "fX"      : 4.0,
        "fY"      : -10.0,
        "fRotation" : 0.0,
        "strID"     : "e1813024-7f2a-4ce4-b054-4b172cdc3791",
        "bForceLoad" : false
      },
      {
        "strName" : "ItmFloorRYOF01",
        "fX"      : 5.0,
        "fY"      : -11.0,
        "fRotation" : 0.0,
        "strID"     : "311e9bf2-3dc3-47d4-a762-82e53078bf1e",
        "bForceLoad" : false
      },
      {
        "strName" : "ItmFloorRYOF01",
        "fX"      : 4.0,
        "fY"      : -11.0,
        "fRotation" : 0.0,
        "strID"     : "3e6005e6-984a-435e-a8e1-4cd9d914c8b6",
        "bForceLoad" : false
      },
      {
        "strName" : "ItmFloorRYOF05",
        "fX"      : 8.0,
        "fY"      : -9.0,
        "fRotation" : 0.0,
        "strID"     : "7b7a0597-7bc8-42dc-bf6e-b1f218e2442e",
        "bForceLoad" : false
      },
      {
        "strName" : "ItmFloorRYOF05",
        "fX"      : 7.0,
        "fY"      : -9.0,
        "fRotation" : 0.0,
        "strID"     : "3d8e0898-c3f6-4cdb-b08f-20f56ca4b125",
        "bForceLoad" : false
      },
      {
        "strName" : "ItmFloorRYOF05",
        "fX"      : 7.0,
        "fY"      : -8.0,
        "fRotation" : 0.0,
        "strID"     : "146c9d8d-28a7-4f60-90ab-db6644fdcfba",
        "bForceLoad" : false
      },
      {
        "strName" : "ItmFloorRYOF05",
        "fX"      : 7.0,
        "fY"      : -7.0,
        "fRotation" : 0.0,
        "strID"     : "cd928118-03a6-4a48-b15b-51ca6cccced6",
        "bForceLoad" : false
      },
      {
        "strName" : "ItmFloorRYOF04Dmg",
        "fX"      : 2.0,
        "fY"      : -6.0,
        "fRotation" : 270.0,
        "strID"     : "a846e739-4666-4c64-9725-a982a7e25bef",
        "bForceLoad" : false
      },
      {
        "strName" : "ItmFloorRYOF01Dmg",
        "fX"      : 2.0,
        "fY"      : -5.0,
        "fRotation" : 0.0,
        "strID"     : "888e25ab-da25-4ab1-a862-525edd721918",
        "bForceLoad" : false
      },
      {
        "strName" : "ItmFloorRYOF01",
        "fX"      : 2.0,
        "fY"      : -4.0,
        "fRotation" : 0.0,
        "strID"     : "40b465d4-d8b2-4c1f-8f2d-0d204d41cb80",
        "bForceLoad" : false
      },
      {
        "strName" : "ItmFloorRYOF01",
        "fX"      : 9.0,
        "fY"      : -12.0,
        "fRotation" : 0.0,
        "strID"     : "4b4bf4c1-1626-4bb5-96e9-1fe2cf213e33",
        "bForceLoad" : false
      },
      {
        "strName" : "ItmFloorRYOF01",
        "fX"      : 1.0,
        "fY"      : -10.0,
        "fRotation" : 0.0,
        "strID"     : "03b47db1-f2e4-43aa-ab54-fb3209fdd433",
        "bForceLoad" : false
      },
      {
        "strName" : "ItmFloorRYOF04",
        "fX"      : 1.0,
        "fY"      : -9.0,
        "fRotation" : 0.0,
        "strID"     : "5dfd9973-cbf1-4710-8567-a6b7fa5727aa",
        "bForceLoad" : false
      },
      {
        "strName" : "ItmFloorRYOF04",
        "fX"      : 1.0,
        "fY"      : -8.0,
        "fRotation" : 0.0,
        "strID"     : "80a9d39c-22fb-4658-9f8e-8c0ddead662a",
        "bForceLoad" : false
      },
      {
        "strName" : "ItmFloorRYOF04Dmg",
        "fX"      : 1.0,
        "fY"      : -7.0,
        "fRotation" : 0.0,
        "strID"     : "5b2e2e06-66f8-42c1-bd74-b518971fa507",
        "bForceLoad" : false
      },
      {
        "strName" : "ItmFloorRYOF01Dmg",
        "fX"      : 1.0,
        "fY"      : -6.0,
        "fRotation" : 0.0,
        "strID"     : "8ce5a1f2-991a-4575-8d36-df20d17084e6",
        "bForceLoad" : false
      },
      {
        "strName" : "ItmFloorRYOF04Dmg",
        "fX"      : 1.0,
        "fY"      : -5.0,
        "fRotation" : 0.0,
        "strID"     : "098b1856-9625-4ca9-b74d-cad652a11645",
        "bForceLoad" : false
      },
      {
        "strName" : "ItmFloorRYOF01Dmg",
        "fX"      : 1.0,
        "fY"      : -4.0,
        "fRotation" : 0.0,
        "strID"     : "9298131f-693d-4c9f-b2a0-57369dbaa8e7",
        "bForceLoad" : false
      },
      {
        "strName" : "ItmFloorRYOF01",
        "fX"      : 1.0,
        "fY"      : -3.0,
        "fRotation" : 0.0,
        "strID"     : "5e3f9712-b5e6-4d17-80a2-3b956b678f39",
        "bForceLoad" : false
      },
      {
        "strName" : "ItmFloorRYOF01",
        "fX"      : 8.0,
        "fY"      : -3.0,
        "fRotation" : 0.0,
        "strID"     : "84bcf1c3-7bbf-4860-aeae-24136d826986",
        "bForceLoad" : false
      },
      {
        "strName" : "ItmFloorRYOF01",
        "fX"      : 7.0,
        "fY"      : -3.0,
        "fRotation" : 0.0,
        "strID"     : "e1cd4654-7422-4bdc-93e4-499b6c21eeeb",
        "bForceLoad" : false
      },
      {
        "strName" : "ItmFloorRYOF01",
        "fX"      : 6.0,
        "fY"      : -3.0,
        "fRotation" : 0.0,
        "strID"     : "bf878529-0ff1-4fe9-8c6b-015da88a7b89",
        "bForceLoad" : false
      },
      {
        "strName" : "ItmFloorRYOF01",
        "fX"      : 5.0,
        "fY"      : -3.0,
        "fRotation" : 0.0,
        "strID"     : "f191a8fb-35a2-41c1-a792-810fe026dc55",
        "bForceLoad" : false
      },
      {
        "strName" : "ItmFloorRYOF01",
        "fX"      : 4.0,
        "fY"      : -3.0,
        "fRotation" : 0.0,
        "strID"     : "5f75f426-bee1-401d-9f78-62e42b4afb09",
        "bForceLoad" : false
      },
      {
        "strName" : "ItmFloorRYOF01",
        "fX"      : 3.0,
        "fY"      : -3.0,
        "fRotation" : 0.0,
        "strID"     : "fcd8df99-c213-4473-87cd-1fc0c80baa29",
        "bForceLoad" : false
      },
      {
        "strName" : "ItmFloorRYOF01",
        "fX"      : 2.0,
        "fY"      : -3.0,
        "fRotation" : 0.0,
        "strID"     : "6d11a89f-64b8-4867-b9ff-baf68ab2c19c",
        "bForceLoad" : false
      },
      {
        "strName" : "ItmFloorRYOF01",
        "fX"      : 8.0,
        "fY"      : -2.0,
        "fRotation" : 0.0,
        "strID"     : "204399ab-4e1b-48c7-a086-25b5f7c3aa7c",
        "bForceLoad" : false
      },
      {
        "strName" : "ItmFloorRYOF01",
        "fX"      : 7.0,
        "fY"      : -2.0,
        "fRotation" : 0.0,
        "strID"     : "9c2d085e-cbd0-42b5-beb6-dd851653eb64",
        "bForceLoad" : false
      },
      {
        "strName" : "ItmFloorRYOF01",
        "fX"      : 6.0,
        "fY"      : -2.0,
        "fRotation" : 0.0,
        "strID"     : "41353b8b-4549-4971-86a8-9fc624b917ef",
        "bForceLoad" : false
      },
      {
        "strName" : "ItmFloorRYOF01",
        "fX"      : 6.0,
        "fY"      : -1.0,
        "fRotation" : 0.0,
        "strID"     : "d048f5ac-2c05-4d81-8333-da5d29a01fac",
        "bForceLoad" : false
      },
      {
        "strName" : "ItmFloorRYOF01",
        "fX"      : 7.0,
        "fY"      : -1.0,
        "fRotation" : 0.0,
        "strID"     : "e57e8fe2-3b64-4b4f-888b-2ce9ad7df277",
        "bForceLoad" : false
      },
      {
        "strName" : "ItmFloorRYOF01",
        "fX"      : 8.0,
        "fY"      : -1.0,
        "fRotation" : 0.0,
        "strID"     : "070e52a3-5b0b-4cfc-a192-bee55aa91682",
        "bForceLoad" : false
      },
      {
        "strName" : "ItmFloorRYOF01",
        "fX"      : 9.0,
        "fY"      : -2.0,
        "fRotation" : 0.0,
        "strID"     : "a7e28ff2-6498-425f-9670-e0cfc98adc37",
        "bForceLoad" : false
      },
      {
        "strName" : "ItmFloorRYOF01",
        "fX"      : 9.0,
        "fY"      : -1.0,
        "fRotation" : 0.0,
        "strID"     : "ba1e89aa-1336-4e3c-9aea-37a4cfb7ab0b",
        "bForceLoad" : false
      },
      {
        "strName" : "ItmFloorRYOF01",
        "fX"      : 9.0,
        "fY"      : 0.0,
        "fRotation" : 0.0,
        "strID"     : "a43111c4-4bca-4435-87a2-d77b787e48c7",
        "bForceLoad" : false
      },
      {
        "strName" : "ItmFloorRYOF01",
        "fX"      : 8.0,
        "fY"      : 0.0,
        "fRotation" : 0.0,
        "strID"     : "ab1cdc96-a30d-4bae-937a-0bf44bc469f4",
        "bForceLoad" : false
      },
      {
        "strName" : "ItmFloorRYOF01",
        "fX"      : 7.0,
        "fY"      : 0.0,
        "fRotation" : 0.0,
        "strID"     : "2ff664f1-085c-4884-84ef-17257e04f18b",
        "bForceLoad" : false
      },
      {
        "strName" : "ItmFloorRYOF01",
        "fX"      : 6.0,
        "fY"      : 0.0,
        "fRotation" : 0.0,
        "strID"     : "6338db7c-7104-488a-8a31-ca586876f720",
        "bForceLoad" : false
      },
      {
        "strName" : "ItmFloorRYOF01",
        "fX"      : 5.0,
        "fY"      : 0.0,
        "fRotation" : 0.0,
        "strID"     : "3c18e46c-2dde-41bd-94e1-88b3b0f5fd19",
        "bForceLoad" : false
      },
      {
        "strName" : "ItmFloorRYOF01",
        "fX"      : 5.0,
        "fY"      : -1.0,
        "fRotation" : 0.0,
        "strID"     : "87a0b130-3c69-4821-be08-8b85808a5365",
        "bForceLoad" : false
      },
      {
        "strName" : "ItmFloorRYOF01",
        "fX"      : 5.0,
        "fY"      : -2.0,
        "fRotation" : 0.0,
        "strID"     : "e4de78aa-f38e-42aa-886d-160c79390b60",
        "bForceLoad" : false
      },
      {
        "strName" : "ItmFloorRYOF01",
        "fX"      : 4.0,
        "fY"      : -2.0,
        "fRotation" : 0.0,
        "strID"     : "83521ce2-2b3c-4435-8476-3ec3c8198323",
        "bForceLoad" : false
      },
      {
        "strName" : "ItmFloorRYOF01",
        "fX"      : 3.0,
        "fY"      : -2.0,
        "fRotation" : 0.0,
        "strID"     : "7c828ed8-b0eb-4b91-aeb0-c8b6e3f39d14",
        "bForceLoad" : false
      },
      {
        "strName" : "ItmFloorRYOF01",
        "fX"      : 2.0,
        "fY"      : -2.0,
        "fRotation" : 0.0,
        "strID"     : "6020ec95-14a0-4d83-89c9-1e8dc5727cb8",
        "bForceLoad" : false
      },
      {
        "strName" : "ItmFloorRYOF01",
        "fX"      : 1.0,
        "fY"      : -2.0,
        "fRotation" : 0.0,
        "strID"     : "c82ae03f-5d51-44ee-9776-838576a51135",
        "bForceLoad" : false
      },
      {
        "strName" : "ItmConduit01",
        "fX"      : 3.0,
        "fY"      : -5.0,
        "fRotation" : 0.0,
        "strID"     : "1927ab91-89c2-40eb-b14f-86e2d38e9820",
        "bForceLoad" : false
      },
      {
        "strName" : "ItmFloorRYOF01",
        "fX"      : 3.0,
        "fY"      : -13.0,
        "fRotation" : 0.0,
        "strID"     : "7c16d09b-750b-45a5-9754-ab771f714b45",
        "bForceLoad" : false
      },
      {
        "strName" : "ItmFloorRYOF04",
        "fX"      : 9.0,
        "fY"      : -11.0,
        "fRotation" : 180.0,
        "strID"     : "6aacefd6-df0b-4e32-a966-74062ecd02e3",
        "bForceLoad" : false
      },
      {
        "strName" : "ItmConduit01",
        "fX"      : 8.0,
        "fY"      : -14.0,
        "fRotation" : 0.0,
        "strID"     : "238f2aab-2307-4f32-8fd3-ba4152322c00",
        "bForceLoad" : false
      },
      {
        "strName" : "ItmConduit01",
        "fX"      : 7.0,
        "fY"      : -15.0,
        "fRotation" : 0.0,
        "strID"     : "3735c4b2-ed0f-4cd1-8bd1-f19ea5d2a055",
        "bForceLoad" : false
      },
      {
        "strName" : "ItmScrapCarbonFiber",
        "fX"      : 2.0,
        "fY"      : -5.0,
        "fRotation" : 0.0,
        "strID"     : "113bdef5-214c-4e97-842a-34d0c9a6faad",
        "strParentID" : "e774b01f-9e62-478d-b82b-64e006d50492",
        "bForceLoad"  : false
      },
      {
        "strName" : "ItmConduit01",
        "fX"      : 10.0,
        "fY"      : -8.0,
        "fRotation" : 0.0,
        "strID"     : "f26ffc1c-d640-41f6-b6e9-bb01bbb87474",
        "bForceLoad" : false
      },
      {
        "strName" : "ItmConduit01",
        "fX"      : 10.0,
        "fY"      : -7.0,
        "fRotation" : 0.0,
        "strID"     : "5fe3e0f6-d096-4683-adbd-954a439d87d0",
        "bForceLoad" : false
      },
      {
        "strName" : "ItmConduit01",
        "fX"      : 10.0,
        "fY"      : -5.0,
        "fRotation" : 0.0,
        "strID"     : "1f7963e1-6a0f-4f03-9eb8-66765bfe840d",
        "bForceLoad" : false
      },
      {
        "strName" : "ItmConduit01",
        "fX"      : 9.0,
        "fY"      : -5.0,
        "fRotation" : 0.0,
        "strID"     : "7a0ccf7f-833b-48df-b679-c61c22cb2ca7",
        "bForceLoad" : false
      },
      {
        "strName" : "ItmWallRYOB01",
        "fX"      : 9.0,
        "fY"      : -4.0,
        "fRotation" : 0.0,
        "strID"     : "b11591d8-8133-40db-bf07-a9c1e146164a",
        "bForceLoad" : false
      },
      {
        "strName" : "ItmWallRYOB01",
        "fX"      : 9.0,
        "fY"      : -3.0,
        "fRotation" : 0.0,
        "strID"     : "22405e6f-9a2b-4a2f-bcbc-ddca0d724048",
        "bForceLoad" : false
      },
      {
        "strName" : "ItmWallRYOB01",
        "fX"      : 9.0,
        "fY"      : -2.0,
        "fRotation" : 0.0,
        "strID"     : "3db5dec2-cb9b-4838-8949-25c7afbc1d1f",
        "bForceLoad" : false
      },
      {
        "strName" : "ItmWallRYOB01",
        "fX"      : 9.0,
        "fY"      : -1.0,
        "fRotation" : 0.0,
        "strID"     : "a35bdf4c-b5d2-422a-b1b2-a9c69525db02",
        "bForceLoad" : false
      },
      {
        "strName" : "ItmFloorRYOF01",
        "fX"      : 8.0,
        "fY"      : 1.0,
        "fRotation" : 0.0,
        "strID"     : "ba84c713-6337-4719-9c08-5019ecfdb2ba",
        "bForceLoad" : false
      },
      {
        "strName" : "ItmFloorRYOF01",
        "fX"      : 7.0,
        "fY"      : 1.0,
        "fRotation" : 0.0,
        "strID"     : "4acecc08-3991-4646-b1db-9f6cdc0b8c34",
        "bForceLoad" : false
      },
      {
        "strName" : "ItmFloorRYOF01",
        "fX"      : 6.0,
        "fY"      : 1.0,
        "fRotation" : 0.0,
        "strID"     : "e9e16af9-3567-4d1e-be7a-d075d267f962",
        "bForceLoad" : false
      },
      {
        "strName" : "ItmFloorRYOF01",
        "fX"      : 5.0,
        "fY"      : 1.0,
        "fRotation" : 0.0,
        "strID"     : "51bcbcf6-452f-4894-b38b-9c3f0f856770",
        "bForceLoad" : false
      },
      {
        "strName" : "ItmScrapAluminum",
        "fX"      : 3.0,
        "fY"      : -7.0,
        "fRotation" : 0.0,
        "strID"     : "6e8e3d92-355f-47d4-ab53-9578ee6c37b7",
        "strParentID" : "73ac28e4-51d7-4141-9766-a8da360bf227",
        "bForceLoad"  : false
      },
      {
        "strName" : "ItmPartsMechSmall01",
        "fX"      : 2.0,
        "fY"      : -8.0,
        "fRotation" : 0.0,
        "strID"     : "7b61693e-1496-4f87-b420-f34995dc4d4a",
        "strParentID" : "19bd1c63-d36d-4f70-bd07-7f4bc4a27eeb",
        "bForceLoad"  : false
      },
      {
        "strName" : "ItmPartsMechSmall01",
        "fX"      : 2.0,
        "fY"      : -8.0,
        "fRotation" : 0.0,
        "strID"     : "129e1889-7d2f-407a-bf06-3a6c13ca1743",
        "strParentID" : "19bd1c63-d36d-4f70-bd07-7f4bc4a27eeb",
        "bForceLoad"  : false
      },
      {
        "strName" : "ItmWallRYOB01",
        "fX"      : 1.0,
        "fY"      : 1.0,
        "fRotation" : 0.0,
        "strID"     : "0b71c93a-65e6-4683-a2ed-2ad43f9c2433",
        "bForceLoad" : false
      },
      {
        "strName" : "ItmWallRYOB01",
        "fX"      : 1.0,
        "fY"      : -1.0,
        "fRotation" : 0.0,
        "strID"     : "3ce4aeb4-fc08-4387-856c-d7dacddd1e7e",
        "bForceLoad" : false
      },
      {
        "strName" : "ItmWallRYOB01",
        "fX"      : 1.0,
        "fY"      : -2.0,
        "fRotation" : 0.0,
        "strID"     : "f774e4fe-c066-4c82-ba3e-421fb90498ec",
        "bForceLoad" : false
      },
      {
        "strName" : "ItmWallRYOB01",
        "fX"      : 1.0,
        "fY"      : -3.0,
        "fRotation" : 0.0,
        "strID"     : "83a421c5-eebb-4ddc-a7c7-07489685caf8",
        "bForceLoad" : false
      },
      {
        "strName" : "ItmWallRYOB01Dmg",
        "fX"      : 1.0,
        "fY"      : -4.0,
        "fRotation" : 0.0,
        "strID"     : "a009e6cc-d3a3-483a-946f-540b5a5af4f7",
        "bForceLoad" : false
      },
      {
        "strName" : "ItmConduit01",
        "fX"      : 9.0,
        "fY"      : -12.0,
        "fRotation" : 0.0,
        "strID"     : "2cc3fd69-83bf-4beb-81d1-b68b3cdf4ad1",
        "bForceLoad" : false
      },
      {
        "strName" : "ItmScrapCarbonFiber",
        "fX"      : 2.0,
        "fY"      : -5.0,
        "fRotation" : 0.0,
        "strID"     : "5eb02986-2b39-4d33-982a-0339ea2b0d84",
        "strParentID" : "e774b01f-9e62-478d-b82b-64e006d50492",
        "bForceLoad"  : false
      },
      {
        "strName" : "ItmScrapAluminum",
        "fX"      : 3.0,
        "fY"      : -7.0,
        "fRotation" : 0.0,
        "strID"     : "5c61c397-76a9-496d-bf19-6788486c6af2",
        "strParentID" : "73ac28e4-51d7-4141-9766-a8da360bf227",
        "bForceLoad"  : false
      },
      {
        "strName" : "ItmPartsMechSmall01",
        "fX"      : 2.0,
        "fY"      : -3.0,
        "fRotation" : 0.0,
        "strID"     : "07ca97f1-ce85-4950-a898-832c4df70eac",
        "strParentID" : "3402a9d5-a6b4-444f-97e0-8de37b019298",
        "bForceLoad"  : false
      },
      {
        "strName" : "ItmFloorRYOF04",
        "fX"      : 1.0,
        "fY"      : -11.0,
        "fRotation" : 0.0,
        "strID"     : "d0838202-29b9-4be3-9619-cc09f81a5f0e",
        "bForceLoad" : false
      },
      {
        "strName" : "ItmConduit01",
        "fX"      : 8.0,
        "fY"      : -13.0,
        "fRotation" : 0.0,
        "strID"     : "8ce90c0f-d020-4e2e-ab12-d0a311e998b2",
        "bForceLoad" : false
      },
      {
        "strName" : "ItmWallRYOB01",
        "fX"      : 10.0,
        "fY"      : -10.0,
        "fRotation" : 0.0,
        "strID"     : "f3b1b87f-4a1b-487e-b08a-b413a25cc556",
        "bForceLoad" : false
      },
      {
        "strName" : "ItmWallRYOB01",
        "fX"      : 8.0,
        "fY"      : -13.0,
        "fRotation" : 0.0,
        "strID"     : "bc67a268-accd-409d-bab2-4858cd8ba27b",
        "bForceLoad" : false
      },
      {
        "strName" : "ItmPartsMechSmall01",
        "fX"      : 2.0,
        "fY"      : -3.0,
        "fRotation" : 0.0,
        "strID"     : "9594cd4e-45ca-48d0-a652-179f0154690a",
        "strParentID" : "3402a9d5-a6b4-444f-97e0-8de37b019298",
        "bForceLoad"  : false
      },
      {
        "strName" : "ItmConduit01",
        "fX"      : 4.0,
        "fY"      : -4.0,
        "fRotation" : 0.0,
        "strID"     : "52218aa2-8959-45f8-a495-0c241a36c939",
        "bForceLoad" : false
      },
      {
        "strName" : "ItmScrapTrash",
        "fX"      : 2.0,
        "fY"      : -7.0,
        "fRotation" : 0.0,
        "strID"     : "5ea51d7b-457b-4872-b0b4-f4ee9d455be7",
        "strParentID" : "06215418-d99f-4bc2-b452-21b61111b012",
        "bForceLoad"  : false
      },
      {
        "strName" : "ItmScrapTrash",
        "fX"      : 2.0,
        "fY"      : -7.0,
        "fRotation" : 0.0,
        "strID"     : "aaee1fb9-23ee-443b-b73b-3304e616b0a0",
        "strParentID" : "06215418-d99f-4bc2-b452-21b61111b012",
        "bForceLoad"  : false
      },
      {
        "strName" : "ItmScrapTrash",
        "fX"      : 2.0,
        "fY"      : -7.0,
        "fRotation" : 0.0,
        "strID"     : "06215418-d99f-4bc2-b452-21b61111b012",
        "bForceLoad" : false
      },
      {
        "strName" : "ItmFloorRYOF01",
        "fX"      : 9.0,
        "fY"      : 1.0,
        "fRotation" : 0.0,
        "strID"     : "d8b24a92-7a5d-4bb2-90bd-9887f492075f",
        "bForceLoad" : false
      },
      {
        "strName" : "ItmWallRYOB01",
        "fX"      : 1.0,
        "fY"      : 0.0,
        "fRotation" : 0.0,
        "strID"     : "786dd6e4-016d-411e-8790-9e71d312b11c",
        "bForceLoad" : false
      },
      {
        "strName" : "ItmScrapAluminum",
        "fX"      : 3.0,
        "fY"      : -7.0,
        "fRotation" : 0.0,
        "strID"     : "c7914e4b-60c3-416d-be56-566a13042184",
        "strParentID" : "73ac28e4-51d7-4141-9766-a8da360bf227",
        "bForceLoad"  : false
      },
      {
        "strName" : "ItmWallRYOB01",
        "fX"      : 3.0,
        "fY"      : 1.0,
        "fRotation" : 0.0,
        "strID"     : "8e45f1b2-8e89-4fde-9e73-6e09dfd5d70e",
        "bForceLoad" : false
      },
      {
        "strName" : "ItmConduit01",
        "fX"      : 4.0,
        "fY"      : -5.0,
        "fRotation" : 0.0,
        "strID"     : "f7ea4383-55d6-4c12-93b7-48848aae5e2d",
        "bForceLoad" : false
      },
      {
        "strName" : "ItmFloorRYOF01",
        "fX"      : 0.0,
        "fY"      : -11.0,
        "fRotation" : 0.0,
        "strID"     : "05229cd6-5d6f-4a5c-a8fd-c4147636d4d0",
        "bForceLoad" : false
      },
      {
        "strName" : "ItmConduit01Dmg",
        "fX"      : 2.0,
        "fY"      : -5.0,
        "fRotation" : 0.0,
        "strID"     : "f2a87e26-3f3e-4ea0-ac2e-b8cdd263044c",
        "bForceLoad" : false
      },
      {
        "strName" : "ItmFloorRYOF01",
        "fX"      : 8.0,
        "fY"      : -14.0,
        "fRotation" : 0.0,
        "strID"     : "e45ab590-ca68-4b96-8276-40b086fc1a92",
        "bForceLoad" : false
      },
      {
        "strName" : "ItmWallRYOB01",
        "fX"      : 10.0,
        "fY"      : -9.0,
        "fRotation" : 0.0,
        "strID"     : "8fcd03b0-1b90-4581-8c27-fd67d5e6e6a9",
        "bForceLoad" : false
      },
      {
        "strName" : "ItmFloorRYOF01",
        "fX"      : 3.0,
        "fY"      : 1.0,
        "fRotation" : 0.0,
        "strID"     : "6d294f77-0b8c-4657-968a-6435fb626baa",
        "bForceLoad" : false
      },
      {
        "strName" : "ItmWallRYOB01Dmg",
        "fX"      : 0.0,
        "fY"      : -5.0,
        "fRotation" : 0.0,
        "strID"     : "7706a0ed-f737-490c-bfa0-19aa611894c1",
        "bForceLoad" : false
      },
      {
        "strName" : "ItmWallRYOB01Dmg",
        "fX"      : 0.0,
        "fY"      : -6.0,
        "fRotation" : 0.0,
        "strID"     : "3e774d33-2699-42c8-8b6d-5d7d6c00db80",
        "bForceLoad" : false
      },
      {
        "strName" : "ItmWallRYOB01",
        "fX"      : 0.0,
        "fY"      : -7.0,
        "fRotation" : 0.0,
        "strID"     : "1fbf870c-efef-47c9-82a8-2d732bc19702",
        "bForceLoad" : false
      },
      {
        "strName" : "ItmConduit01",
        "fX"      : 0.0,
        "fY"      : -7.0,
        "fRotation" : 0.0,
        "strID"     : "1f792e2b-bcbc-40ae-bcf5-d3462e8004af",
        "bForceLoad" : false
      },
      {
        "strName" : "ItmWallRYOB01",
        "fX"      : 2.0,
        "fY"      : -13.0,
        "fRotation" : 0.0,
        "strID"     : "b8dcec50-4947-4bec-85d4-d38940c00c46",
        "bForceLoad" : false
      },
      {
        "strName" : "ItmConduit01",
        "fX"      : 8.0,
        "fY"      : -12.0,
        "fRotation" : 0.0,
        "strID"     : "d0433588-c8b9-4781-bdbb-0d45acaec1cc",
        "bForceLoad" : false
      },
      {
        "strName" : "ItmFloorRYOF05Loose",
        "fX"      : 2.0,
        "fY"      : -1.0,
        "fRotation" : 0.0,
        "strID"     : "f6e6af65-3669-4489-bda9-9f56048cc2b1",
        "strParentID" : "354c156f-ae30-4686-9dbf-a4bb0e3ce68b",
        "bForceLoad"  : false
      },
      {
        "strName" : "ItmWallRYOB01",
        "fX"      : 2.0,
        "fY"      : 1.0,
        "fRotation" : 0.0,
        "strID"     : "e47b6e2c-54aa-45fe-9862-a61c804dacaa",
        "bForceLoad" : false
      },
      {
        "strName" : "ItmScrapCarbonFiber",
        "fX"      : 2.0,
        "fY"      : -5.0,
        "fRotation" : 0.0,
        "strID"     : "b91d3f78-244d-4ffc-9be6-a81940374797",
        "strParentID" : "e774b01f-9e62-478d-b82b-64e006d50492",
        "bForceLoad"  : false
      },
      {
        "strName" : "ItmWallRYOB01",
        "fX"      : 0.0,
        "fY"      : -12.0,
        "fRotation" : 0.0,
        "strID"     : "a7a77515-3e5e-4729-8dbd-992f5d2e92b6",
        "bForceLoad" : false
      },
      {
        "strName" : "ItmScrapAluminum",
        "fX"      : 3.0,
        "fY"      : -7.0,
        "fRotation" : 0.0,
        "strID"     : "83c8d63c-1836-46dc-9ab2-4fd8ff360a6c",
        "strParentID" : "73ac28e4-51d7-4141-9766-a8da360bf227",
        "bForceLoad"  : false
      },
      {
        "strName" : "ItmWallRYOB01",
        "fX"      : 5.0,
        "fY"      : 1.0,
        "fRotation" : 0.0,
        "strID"     : "2800ce12-48ad-4cdd-b909-d725ef296e39",
        "bForceLoad" : false
      },
      {
        "strName" : "ItmScrapTrash",
        "fX"      : 3.0,
        "fY"      : -5.0,
        "fRotation" : 0.0,
        "strID"     : "7a415999-4bd5-4a6e-90b4-4f3e528e9b83",
        "strParentID" : "e3a7ace8-f198-4d7b-bef7-504ee2f2faaf",
        "bForceLoad"  : false
      },
      {
        "strName" : "ItmScrapTrash",
        "fX"      : 3.0,
        "fY"      : -5.0,
        "fRotation" : 0.0,
        "strID"     : "153c2e86-543b-4a50-b410-d8f61a26d1e4",
        "strParentID" : "e3a7ace8-f198-4d7b-bef7-504ee2f2faaf",
        "bForceLoad"  : false
      },
      {
        "strName" : "ItmScrapTrash",
        "fX"      : 3.0,
        "fY"      : -5.0,
        "fRotation" : 0.0,
        "strID"     : "e3a7ace8-f198-4d7b-bef7-504ee2f2faaf",
        "bForceLoad" : false
      },
      {
        "strName" : "ItmFloorRYOF01",
        "fX"      : 9.0,
        "fY"      : 2.0,
        "fRotation" : 0.0,
        "strID"     : "bbe2b494-e2d1-4dfd-b783-d7dab991e607",
        "bForceLoad" : false
      },
      {
        "strName" : "ItmWallRYOB01",
        "fX"      : 9.0,
        "fY"      : 1.0,
        "fRotation" : 0.0,
        "strID"     : "79f97a10-f123-4343-a06e-3b8b09cb7987",
        "bForceLoad" : false
      },
      {
        "strName" : "ItmWallRYOB01",
        "fX"      : 9.0,
        "fY"      : 0.0,
        "fRotation" : 0.0,
        "strID"     : "9396508c-1e70-4c48-812f-719571d42712",
        "bForceLoad" : false
      },
      {
        "strName" : "ItmFloorRYOF01",
        "fX"      : 4.0,
        "fY"      : -1.0,
        "fRotation" : 0.0,
        "strID"     : "23a06f2b-4b6d-4818-9110-bcd155690fef",
        "bForceLoad" : false
      },
      {
        "strName" : "ItmFloorRYOF01",
        "fX"      : 3.0,
        "fY"      : -1.0,
        "fRotation" : 0.0,
        "strID"     : "3efb090c-16a1-4768-96b3-e802bd7fbc73",
        "bForceLoad" : false
      },
      {
        "strName" : "ItmFloorRYOF01",
        "fX"      : 2.0,
        "fY"      : -1.0,
        "fRotation" : 0.0,
        "strID"     : "aeb2be23-0979-4869-914c-ac3eacb0652a",
        "bForceLoad" : false
      },
      {
        "strName" : "ItmFloorRYOF01",
        "fX"      : 1.0,
        "fY"      : -1.0,
        "fRotation" : 0.0,
        "strID"     : "8dbc1b0e-a150-4f48-af6c-dfe5f291cb27",
        "bForceLoad" : false
      },
      {
        "strName" : "ItmScrapCarbonFiber",
        "fX"      : 2.0,
        "fY"      : -5.0,
        "fRotation" : 0.0,
        "strID"     : "76498bf5-cc64-4b00-bc1c-0a7673e7e80e",
        "strParentID" : "e774b01f-9e62-478d-b82b-64e006d50492",
        "bForceLoad"  : false
      },
      {
        "strName" : "ItmScrapAluminum",
        "fX"      : 2.0,
        "fY"      : -2.0,
        "fRotation" : 0.0,
        "strID"     : "cdf794e0-9867-480f-83fc-7e9c4e6df013",
        "strParentID" : "24f192f8-8858-4610-bee1-61eff3f4428c",
        "bForceLoad"  : false
      },
      {
        "strName" : "ItmPartsMechSmall01",
        "fX"      : 2.0,
        "fY"      : -3.0,
        "fRotation" : 0.0,
        "strID"     : "3c8cc842-98c3-4e6d-91d9-afbe87d30a8e",
        "strParentID" : "3402a9d5-a6b4-444f-97e0-8de37b019298",
        "bForceLoad"  : false
      },
      {
        "strName" : "ItmFloorRYOF01",
        "fX"      : 2.0,
        "fY"      : 0.0,
        "fRotation" : 0.0,
        "strID"     : "1dbf577b-61ed-4949-a9e8-2b058f56abc6",
        "bForceLoad" : false
      },
      {
        "strName" : "ItmFloorRYOF01",
        "fX"      : 1.0,
        "fY"      : 0.0,
        "fRotation" : 0.0,
        "strID"     : "c266b6a9-6e81-4d65-b807-c67c013c45d3",
        "bForceLoad" : false
      },
      {
        "strName" : "ItmWallRYOB01",
        "fX"      : 5.0,
        "fY"      : 2.0,
        "fRotation" : 0.0,
        "strID"     : "56585852-b8f4-48e9-b231-61361e52580d",
        "bForceLoad" : false
      },
      {
        "strName" : "ItmWallRYOB01",
        "fX"      : 6.0,
        "fY"      : 2.0,
        "fRotation" : 0.0,
        "strID"     : "6a338ae3-332f-4547-89b0-710d12ba0404",
        "bForceLoad" : false
      },
      {
        "strName" : "ItmWallRYOB01",
        "fX"      : 7.0,
        "fY"      : 2.0,
        "fRotation" : 0.0,
        "strID"     : "404ff1c5-4ee4-43df-b63d-a9b2d4456be4",
        "bForceLoad" : false
      },
      {
        "strName" : "ItmWallRYOB01",
        "fX"      : 8.0,
        "fY"      : 2.0,
        "fRotation" : 0.0,
        "strID"     : "757a1064-267b-4ff5-ba27-c07461a2b5b4",
        "bForceLoad" : false
      },
      {
        "strName" : "ItmWallRYOB01",
        "fX"      : 9.0,
        "fY"      : 2.0,
        "fRotation" : 0.0,
        "strID"     : "b14a6eca-0323-45ac-8cc0-c3657b76b043",
        "bForceLoad" : false
      },
      {
        "strName" : "ItmFloorRYOF01",
        "fX"      : 3.0,
        "fY"      : 0.0,
        "fRotation" : 0.0,
        "strID"     : "d832f1ae-0a8c-4684-90d2-9f15389ba67b",
        "bForceLoad" : false
      },
      {
        "strName" : "ItmFloorRYOF01",
        "fX"      : 4.0,
        "fY"      : 0.0,
        "fRotation" : 0.0,
        "strID"     : "89b85d99-9f3a-49ee-a063-6de26d666372",
        "bForceLoad" : false
      },
      {
        "strName" : "ItmFloorRYOF01",
        "fX"      : 5.0,
        "fY"      : 2.0,
        "fRotation" : 0.0,
        "strID"     : "17a47bc2-e914-46d4-849a-eb8e19ad184c",
        "bForceLoad" : false
      },
      {
        "strName" : "ItmFloorRYOF01",
        "fX"      : 6.0,
        "fY"      : 2.0,
        "fRotation" : 0.0,
        "strID"     : "996988e9-664b-4579-9f50-38579fd0be0e",
        "bForceLoad" : false
      },
      {
        "strName" : "ItmFloorRYOF01",
        "fX"      : 7.0,
        "fY"      : 2.0,
        "fRotation" : 0.0,
        "strID"     : "84f233a7-4d15-4c65-affe-6f0b2d36cb68",
        "bForceLoad" : false
      },
      {
        "strName" : "ItmFloorRYOF01",
        "fX"      : 8.0,
        "fY"      : 2.0,
        "fRotation" : 0.0,
        "strID"     : "f5acdd4d-8b90-47ec-ac97-6693a5a901df",
        "bForceLoad" : false
      },
      {
        "strName" : "ItmPartsMechSmall01",
        "fX"      : 2.0,
        "fY"      : -3.0,
        "fRotation" : 0.0,
        "strID"     : "1f54ca35-e9a3-479b-99df-7d8a70e69b2f",
        "strParentID" : "3402a9d5-a6b4-444f-97e0-8de37b019298",
        "bForceLoad"  : false
      },
      {
        "strName" : "ItmWallRYOB01",
        "fX"      : 8.0,
        "fY"      : -12.0,
        "fRotation" : 0.0,
        "strID"     : "99107a0b-247f-46ea-b43f-f0b7133d264e",
        "bForceLoad" : false
      },
      {
        "strName" : "ItmConduit01",
        "fX"      : 9.0,
        "fY"      : -4.0,
        "fRotation" : 0.0,
        "strID"     : "e42d217d-9606-43d7-8b96-587038b74342",
        "bForceLoad" : false
      },
      {
        "strName" : "ItmWallRYOB01",
        "fX"      : 4.0,
        "fY"      : 1.0,
        "fRotation" : 0.0,
        "strID"     : "686e27d6-b378-4ec4-b1b4-a5219d72cdab",
        "bForceLoad" : false
      },
      {
        "strName" : "ItmFloorRYOF01",
        "fX"      : 4.0,
        "fY"      : 1.0,
        "fRotation" : 0.0,
        "strID"     : "1a430c8d-a231-4a10-ac8e-1ce60bd081aa",
        "bForceLoad" : false
      },
      {
        "strName" : "ItmFloorRYOF01",
        "fX"      : 2.0,
        "fY"      : 1.0,
        "fRotation" : 0.0,
        "strID"     : "a43b2127-faa5-4d7c-b453-004f5f6a486f",
        "bForceLoad" : false
      },
      {
        "strName" : "ItmFloorRYOF01",
        "fX"      : 1.0,
        "fY"      : 1.0,
        "fRotation" : 0.0,
        "strID"     : "b4049e6d-19b9-4db6-bc9d-68b8926f12ed",
        "bForceLoad" : false
      },
      {
        "strName" : "ItmConduit01",
        "fX"      : 8.0,
        "fY"      : -5.0,
        "fRotation" : 0.0,
        "strID"     : "3d34e693-8d5f-4047-a400-db468a065acc",
        "bForceLoad" : false
      },
      {
        "strName" : "ItmScrapTrash",
        "fX"      : 2.0,
        "fY"      : -4.0,
        "fRotation" : 0.0,
        "strID"     : "08a831cf-3468-4336-9e52-ae3dec36a2dc",
        "strParentID" : "be9fd1b0-9f96-4b24-8369-41008ecad350",
        "bForceLoad"  : false
      },
      {
        "strName" : "ItmScrapTrash",
        "fX"      : 2.0,
        "fY"      : -4.0,
        "fRotation" : 0.0,
        "strID"     : "6e75d6c6-171d-4317-9814-58b99e4ec9be",
        "strParentID" : "be9fd1b0-9f96-4b24-8369-41008ecad350",
        "bForceLoad"  : false
      },
      {
        "strName" : "ItmScrapTrash",
        "fX"      : 2.0,
        "fY"      : -4.0,
        "fRotation" : 0.0,
        "strID"     : "be9fd1b0-9f96-4b24-8369-41008ecad350",
        "bForceLoad" : false
      },
      {
        "strName" : "ItmConduit01",
        "fX"      : 7.0,
        "fY"      : -14.0,
        "fRotation" : 0.0,
        "strID"     : "3d1cc0af-9cf0-43d3-9443-aa9af428c6b9",
        "bForceLoad" : false
      },
      {
        "strName" : "ItmConduit01",
        "fX"      : 3.0,
        "fY"      : -15.0,
        "fRotation" : 0.0,
        "strID"     : "becb1055-7b9a-488f-838f-7922de603810",
        "bForceLoad" : false
      },
      {
        "strName" : "ItmConduit01",
        "fX"      : 10.0,
        "fY"      : -10.0,
        "fRotation" : 0.0,
        "strID"     : "20f9d438-0e97-4c7d-955a-fab19720b0f2",
        "bForceLoad" : false
      },
      {
        "strName" : "ItmConduit01",
        "fX"      : 10.0,
        "fY"      : -9.0,
        "fRotation" : 0.0,
        "strID"     : "9489c58d-b9a3-44f6-a113-bb9cbae2c792",
        "bForceLoad" : false
      },
      {
        "strName" : "ItmConduit01",
        "fX"      : 10.0,
        "fY"      : -6.0,
        "fRotation" : 0.0,
        "strID"     : "e551f905-0792-4f03-8b97-c787e9782004",
        "bForceLoad" : false
      },
      {
        "strName" : "ItmConduit01",
        "fX"      : 10.0,
        "fY"      : -4.0,
        "fRotation" : 0.0,
        "strID"     : "b773b9ee-cf70-49d5-b64e-131e6221c848",
        "bForceLoad" : false
      },
      {
        "strName" : "ItmWallRYOB01",
        "fX"      : 10.0,
        "fY"      : -4.0,
        "fRotation" : 0.0,
        "strID"     : "fd25d860-a1b8-4d53-852d-c105ecde1693",
        "bForceLoad" : false
      },
      {
        "strName" : "ItmConduit01",
        "fX"      : 9.0,
        "fY"      : -3.0,
        "fRotation" : 0.0,
        "strID"     : "d4966662-fa64-41d1-b94a-afa776e628b4",
        "bForceLoad" : false
      },
      {
        "strName" : "ItmConduit01",
        "fX"      : 9.0,
        "fY"      : -2.0,
        "fRotation" : 0.0,
        "strID"     : "1d5e010a-a583-410c-a2bb-090d8e8ee2f3",
        "bForceLoad" : false
      },
      {
        "strName" : "ItmConduit01",
        "fX"      : 9.0,
        "fY"      : -1.0,
        "fRotation" : 0.0,
        "strID"     : "6530213f-31e7-45c4-8b99-f18e93448d2c",
        "bForceLoad" : false
      },
      {
        "strName" : "ItmConduit01",
        "fX"      : 9.0,
        "fY"      : 0.0,
        "fRotation" : 0.0,
        "strID"     : "84580899-538c-49f0-80da-b74e56e8d0d0",
        "bForceLoad" : false
      },
      {
        "strName" : "ItmConduit01",
        "fX"      : 9.0,
        "fY"      : 1.0,
        "fRotation" : 0.0,
        "strID"     : "447754df-496d-4d88-8b7b-4dffe494cd3e",
        "bForceLoad" : false
      },
      {
        "strName" : "ItmConduit01",
        "fX"      : 9.0,
        "fY"      : 2.0,
        "fRotation" : 0.0,
        "strID"     : "864caa19-fdbe-4b66-9939-054a8dc893a1",
        "bForceLoad" : false
      },
      {
        "strName" : "ItmConduit01",
        "fX"      : 6.0,
        "fY"      : 2.0,
        "fRotation" : 0.0,
        "strID"     : "9553bf56-1bb0-42c4-ba9f-fde9c6984a0b",
        "bForceLoad" : false
      },
      {
        "strName" : "ItmConduit01",
        "fX"      : 7.0,
        "fY"      : 2.0,
        "fRotation" : 0.0,
        "strID"     : "ef7967e5-4d5f-4ae5-8375-c6dee0ce6740",
        "bForceLoad" : false
      },
      {
        "strName" : "ItmConduit01",
        "fX"      : 8.0,
        "fY"      : 2.0,
        "fRotation" : 0.0,
        "strID"     : "f53505b6-e871-4b12-98b4-f57000a253be",
        "bForceLoad" : false
      },
      {
        "strName" : "ItmConduit01",
        "fX"      : 5.0,
        "fY"      : 2.0,
        "fRotation" : 0.0,
        "strID"     : "6fa8a21d-8aab-40bd-ac11-ef2bb51445c6",
        "bForceLoad" : false
      },
      {
        "strName" : "ItmConduit01",
        "fX"      : 5.0,
        "fY"      : 1.0,
        "fRotation" : 0.0,
        "strID"     : "6e77e1fd-3294-499b-af90-68471a994996",
        "bForceLoad" : false
      },
      {
        "strName" : "ItmConduit01",
        "fX"      : 4.0,
        "fY"      : 1.0,
        "fRotation" : 0.0,
        "strID"     : "ff235ab6-478d-4725-ad5e-481013e11976",
        "bForceLoad" : false
      },
      {
        "strName" : "ItmConduit01",
        "fX"      : 3.0,
        "fY"      : 1.0,
        "fRotation" : 0.0,
        "strID"     : "96439518-c677-4357-b88c-06344b239c5d",
        "bForceLoad" : false
      },
      {
        "strName" : "ItmConduit01",
        "fX"      : 2.0,
        "fY"      : 1.0,
        "fRotation" : 0.0,
        "strID"     : "0d842203-a4f8-4dc8-880e-cdae4cbd98bb",
        "bForceLoad" : false
      },
      {
        "strName" : "ItmConduit01",
        "fX"      : 1.0,
        "fY"      : 1.0,
        "fRotation" : 0.0,
        "strID"     : "53ca42b7-f7e8-4804-b840-c8562eb07d93",
        "bForceLoad" : false
      },
      {
        "strName" : "ItmConduit01",
        "fX"      : 1.0,
        "fY"      : 0.0,
        "fRotation" : 0.0,
        "strID"     : "b1d07738-fb6d-4e2a-a06f-b50dc38db8df",
        "bForceLoad" : false
      },
      {
        "strName" : "ItmConduit01",
        "fX"      : 1.0,
        "fY"      : -1.0,
        "fRotation" : 0.0,
        "strID"     : "c48cc021-b3dd-4a8d-9f17-4fef71297507",
        "bForceLoad" : false
      },
      {
        "strName" : "ItmConduit01",
        "fX"      : 1.0,
        "fY"      : -2.0,
        "fRotation" : 0.0,
        "strID"     : "2c4f4933-6c12-42c9-a6fe-ca1053e6dc66",
        "bForceLoad" : false
      },
      {
        "strName" : "ItmConduit01",
        "fX"      : 1.0,
        "fY"      : -3.0,
        "fRotation" : 0.0,
        "strID"     : "c3f7888b-8359-4d94-8ae9-3ac2dacbcfd4",
        "bForceLoad" : false
      },
      {
        "strName" : "ItmConduit01Dmg",
        "fX"      : 1.0,
        "fY"      : -4.0,
        "fRotation" : 0.0,
        "strID"     : "7421712b-937e-470d-8b04-d403e49bd310",
        "bForceLoad" : false
      },
      {
        "strName" : "ItmConduit01",
        "fX"      : 0.0,
        "fY"      : -8.0,
        "fRotation" : 0.0,
        "strID"     : "a6eff1c4-9228-4ced-947f-017ac8bb568d",
        "bForceLoad" : false
      },
      {
        "strName" : "ItmConduit01Dmg",
        "fX"      : 0.0,
        "fY"      : -6.0,
        "fRotation" : 0.0,
        "strID"     : "c45e9039-1ae1-43d3-92f1-3a7c868cf521",
        "bForceLoad" : false
      },
      {
        "strName" : "ItmConduit01Dmg",
        "fX"      : 0.0,
        "fY"      : -5.0,
        "fRotation" : 0.0,
        "strID"     : "bdf61a84-29e8-432f-9f30-236de9689ef2",
        "bForceLoad" : false
      },
      {
        "strName" : "ItmScrapTrash",
        "fX"      : 0.0,
        "fY"      : -4.0,
        "fRotation" : 0.0,
        "strID"     : "3855204d-f809-4368-8f04-0956bf360153",
        "strParentID" : "d46ad9ba-7ff8-43fb-8adf-7f1cabf81977",
        "bForceLoad"  : false
      },
      {
        "strName" : "ItmScrapCarbonFiber",
        "fX"      : 2.0,
        "fY"      : -5.0,
        "fRotation" : 0.0,
        "strID"     : "5a5a5042-444f-4d72-a403-101c31616cc1",
        "strParentID" : "e774b01f-9e62-478d-b82b-64e006d50492",
        "bForceLoad"  : false
      },
      {
        "strName" : "ItmFloorRYOF01",
        "fX"      : 0.0,
        "fY"      : -12.0,
        "fRotation" : 0.0,
        "strID"     : "ad96c6e6-ebbe-402e-ad46-5212dd71ab7a",
        "bForceLoad" : false
      },
      {
        "strName" : "ItmWallRYOB01",
        "fX"      : 7.0,
        "fY"      : -14.0,
        "fRotation" : 0.0,
        "strID"     : "5775b0e1-068c-45fc-b2bf-9df5cd6f8827",
        "bForceLoad" : false
      },
      {
        "strName" : "ItmScrapAluminum",
        "fX"      : 2.0,
        "fY"      : -2.0,
        "fRotation" : 0.0,
        "strID"     : "8e786bf6-073a-4f95-a297-8fef46d6004b",
        "strParentID" : "24f192f8-8858-4610-bee1-61eff3f4428c",
        "bForceLoad"  : false
      },
      {
        "strName" : "ItmFloorRYOF01",
        "fX"      : 2.0,
        "fY"      : -13.0,
        "fRotation" : 0.0,
        "strID"     : "a77a8ce4-5b15-452f-bd8d-bf3c2515f1ec",
        "bForceLoad" : false
      },
      {
        "strName" : "ItmFloorRYOF01",
        "fX"      : 1.0,
        "fY"      : -12.0,
        "fRotation" : 0.0,
        "strID"     : "a1fcd329-a5aa-4df2-b36f-7ab44ee15806",
        "bForceLoad" : false
      },
      {
        "strName" : "ItmConduit01",
        "fX"      : 2.0,
        "fY"      : -3.0,
        "fRotation" : 0.0,
        "strID"     : "cefe1832-6c3e-41c1-aa52-48c5406ca4f9",
        "bForceLoad" : false
      },
      {
        "strName" : "ItmConduit01",
        "fX"      : 10.0,
        "fY"      : -12.0,
        "fRotation" : 0.0,
        "strID"     : "cc7eda4f-75ea-4713-8e4f-99aa9b5c2503",
        "bForceLoad" : false
      },
      {
        "strName" : "ItmPartsMechSmall01",
        "fX"      : 2.0,
        "fY"      : -3.0,
        "fRotation" : 0.0,
        "strID"     : "1789f125-7f15-47e6-8cca-3d027afb366f",
        "strParentID" : "3402a9d5-a6b4-444f-97e0-8de37b019298",
        "bForceLoad"  : false
      },
      {
        "strName" : "ItmConduit01",
        "fX"      : 8.0,
        "fY"      : -2.0,
        "fRotation" : 0.0,
        "strID"     : "cd4bec24-f509-4579-ba2a-588c75309653",
        "bForceLoad" : false
      },
      {
        "strName" : "ItmPartsMechSmall01",
        "fX"      : 2.0,
        "fY"      : -3.0,
        "fRotation" : 0.0,
        "strID"     : "96c674e4-ec64-4b8b-8be8-d386efccb1b8",
        "strParentID" : "3402a9d5-a6b4-444f-97e0-8de37b019298",
        "bForceLoad"  : false
      },
      {
        "strName" : "ItmWallRYOB01",
        "fX"      : 6.0,
        "fY"      : -4.0,
        "fRotation" : 0.0,
        "strID"     : "5a1b45f6-2d56-4e0d-bc68-7e88b1c586d0",
        "bForceLoad" : false
      },
      {
        "strName" : "ItmConduit01",
        "fX"      : 6.0,
        "fY"      : -4.0,
        "fRotation" : 0.0,
        "strID"     : "06b48d62-f673-4844-96bf-fa50f03380a0",
        "bForceLoad" : false
      },
      {
        "strName" : "ItmConduit01",
        "fX"      : 7.0,
        "fY"      : -4.0,
        "fRotation" : 0.0,
        "strID"     : "7efa7b71-97f8-44d4-b259-cd7f5ce9dd02",
        "bForceLoad" : false
      },
      {
        "strName" : "ItmConduit01",
        "fX"      : 7.0,
        "fY"      : -5.0,
        "fRotation" : 0.0,
        "strID"     : "ba315b55-6fd1-4a95-ace6-591b33b22d0c",
        "bForceLoad" : false
      },
      {
        "strName" : "ItmScrapCarbonFiber",
        "fX"      : 2.0,
        "fY"      : -5.0,
        "fRotation" : 0.0,
        "strID"     : "e9867f61-766d-4809-8872-e3674a5c8e77",
        "strParentID" : "e774b01f-9e62-478d-b82b-64e006d50492",
        "bForceLoad"  : false
      },
      {
        "strName" : "ItmConduit01",
        "fX"      : 7.0,
        "fY"      : -12.0,
        "fRotation" : 0.0,
        "strID"     : "51d24f7c-3f05-4779-9d6d-2015eb3c1bc9",
        "bForceLoad" : false
      },
      {
        "strName" : "ItmWallRYOB01",
        "fX"      : 2.0,
        "fY"      : -12.0,
        "fRotation" : 0.0,
        "strID"     : "56919972-0675-4505-9ddf-c8c3447fa951",
        "bForceLoad" : false
      },
      {
        "strName" : "ItmFloorRYOF01",
        "fX"      : 2.0,
        "fY"      : -14.0,
        "fRotation" : 0.0,
        "strID"     : "fd85d32f-1297-4168-bd4e-30e18d19cb81",
        "bForceLoad" : false
      },
      {
        "strName" : "ItmWallRYOB01",
        "fX"      : 10.0,
        "fY"      : -5.0,
        "fRotation" : 0.0,
        "strID"     : "d643e0d3-fa06-4c5f-9fcf-e0af1f1aba57",
        "bForceLoad" : false
      },
      {
        "strName" : "ItmWallRYOB01",
        "fX"      : 10.0,
        "fY"      : -6.0,
        "fRotation" : 0.0,
        "strID"     : "91dd29d6-9818-475b-9a6e-e7e2d4c8bffd",
        "bForceLoad" : false
      },
      {
        "strName" : "ItmWallRYOB01",
        "fX"      : 10.0,
        "fY"      : -7.0,
        "fRotation" : 0.0,
        "strID"     : "bc93a588-b50d-44ac-82be-aeb11d7d878c",
        "bForceLoad" : false
      },
      {
        "strName" : "ItmWallRYOB01",
        "fX"      : 10.0,
        "fY"      : -8.0,
        "fRotation" : 0.0,
        "strID"     : "3b00b1de-2fa1-476d-80cd-8a746b755951",
        "bForceLoad" : false
      },
      {
        "strName" : "ItmPartsMechSmall01",
        "fX"      : 0.0,
        "fY"      : -4.0,
        "fRotation" : 0.0,
        "strID"     : "673a453b-1ba4-4eb8-9543-ad3d243af5aa",
        "strParentID" : "66741666-318f-4dff-b023-dc58da755956",
        "bForceLoad"  : false
      },
      {
        "strName" : "ItmWallRYOB01",
        "fX"      : 0.0,
        "fY"      : -8.0,
        "fRotation" : 0.0,
        "strID"     : "1c53c5eb-1e6b-4a53-ba9f-4a665565610b",
        "bForceLoad" : false
      },
      {
        "strName" : "ItmWallRYOB01",
        "fX"      : 0.0,
        "fY"      : -9.0,
        "fRotation" : 0.0,
        "strID"     : "870228f3-a2a7-4a65-9d50-2eacd739e3dc",
        "bForceLoad" : false
      },
      {
        "strName" : "ItmWallRYOB01",
        "fX"      : 0.0,
        "fY"      : -10.0,
        "fRotation" : 0.0,
        "strID"     : "4f93031f-adef-4e6b-833a-c1e5bf244b5e",
        "bForceLoad" : false
      },
      {
        "strName" : "ItmFloorRYOF01",
        "fX"      : 0.0,
        "fY"      : -10.0,
        "fRotation" : 0.0,
        "strID"     : "aa32f361-7378-45e1-b49d-579896148ae1",
        "bForceLoad" : false
      },
      {
        "strName" : "ItmFloorRYOF01",
        "fX"      : 0.0,
        "fY"      : -9.0,
        "fRotation" : 0.0,
        "strID"     : "6e83fbac-ab99-40c2-bd9f-90e476515a36",
        "bForceLoad" : false
      },
      {
        "strName" : "ItmFloorRYOF01",
        "fX"      : 0.0,
        "fY"      : -8.0,
        "fRotation" : 0.0,
        "strID"     : "3fb65d58-888c-438e-8875-e9721ffaae26",
        "bForceLoad" : false
      },
      {
        "strName" : "ItmFloorRYOF01",
        "fX"      : 0.0,
        "fY"      : -7.0,
        "fRotation" : 0.0,
        "strID"     : "30dbe45b-1a13-4ccb-90a9-4174b7ed4ef5",
        "bForceLoad" : false
      },
      {
        "strName" : "ItmFloorRYOF01Dmg",
        "fX"      : 0.0,
        "fY"      : -6.0,
        "fRotation" : 0.0,
        "strID"     : "9e18e551-92c7-4e5d-ba13-add85cc7cd30",
        "bForceLoad" : false
      },
      {
        "strName" : "ItmFloorRYOF01Dmg",
        "fX"      : 0.0,
        "fY"      : -5.0,
        "fRotation" : 0.0,
        "strID"     : "0722584e-afc8-4a57-8052-2a06bf317c91",
        "bForceLoad" : false
      },
      {
        "strName" : "ItmPartsMechSmall01",
        "fX"      : 0.0,
        "fY"      : -4.0,
        "fRotation" : 0.0,
        "strID"     : "68b8180d-8de7-448c-b31e-068eda450b79",
        "strParentID" : "b4d3eb6c-0bbd-4cdb-bee3-6f27b72c0675",
        "bForceLoad"  : false
      },
      {
        "strName" : "ItmFloorRYOF01",
        "fX"      : 10.0,
        "fY"      : -10.0,
        "fRotation" : 0.0,
        "strID"     : "94835cce-3324-4007-b090-b52ca7899788",
        "bForceLoad" : false
      },
      {
        "strName" : "ItmFloorRYOF01",
        "fX"      : 10.0,
        "fY"      : -9.0,
        "fRotation" : 0.0,
        "strID"     : "849f8e89-8c42-4058-8d07-d614b19cbefd",
        "bForceLoad" : false
      },
      {
        "strName" : "ItmFloorRYOF01",
        "fX"      : 10.0,
        "fY"      : -8.0,
        "fRotation" : 0.0,
        "strID"     : "e054f401-9417-4378-94c6-f41f8d429138",
        "bForceLoad" : false
      },
      {
        "strName" : "ItmFloorRYOF01",
        "fX"      : 10.0,
        "fY"      : -7.0,
        "fRotation" : 0.0,
        "strID"     : "6b912195-438d-4806-a1f7-487364b63a55",
        "bForceLoad" : false
      },
      {
        "strName" : "ItmFloorRYOF01",
        "fX"      : 10.0,
        "fY"      : -6.0,
        "fRotation" : 0.0,
        "strID"     : "598d8e76-97eb-4846-8916-0395cd8e3e08",
        "bForceLoad" : false
      },
      {
        "strName" : "ItmFloorRYOF01",
        "fX"      : 10.0,
        "fY"      : -5.0,
        "fRotation" : 0.0,
        "strID"     : "6878909f-26cc-4b4c-afba-ee4de4854eba",
        "bForceLoad" : false
      },
      {
        "strName" : "ItmFloorRYOF01",
        "fX"      : 10.0,
        "fY"      : -4.0,
        "fRotation" : 0.0,
        "strID"     : "9bbe3d59-612d-45c7-8c07-3f1a78f62fa6",
        "bForceLoad" : false
      },
      {
        "strName" : "ItmConduit01Dmg",
        "fX"      : 1.0,
        "fY"      : -5.0,
        "fRotation" : 0.0,
        "strID"     : "174575ce-3119-413e-b8d1-876ff5bf40fc",
        "bForceLoad" : false
      },
      {
        "strName" : "ItmScrapAluminum",
        "fX"      : 2.0,
        "fY"      : -2.0,
        "fRotation" : 0.0,
        "strID"     : "13080864-f597-497c-bc15-cdbdd9a0a753",
        "strParentID" : "24f192f8-8858-4610-bee1-61eff3f4428c",
        "bForceLoad"  : false
      },
      {
        "strName" : "ItmConduit01",
        "fX"      : 0.0,
        "fY"      : -10.0,
        "fRotation" : 0.0,
        "strID"     : "f93631ad-ff86-4300-ad8e-8c93dd79d84c",
        "bForceLoad" : false
      },
      {
        "strName" : "ItmConduit01",
        "fX"      : 0.0,
        "fY"      : -9.0,
        "fRotation" : 0.0,
        "strID"     : "589ae142-ded4-448a-b0bc-4760444818ea",
        "bForceLoad" : false
      },
      {
        "strName" : "ItmFloorRYOF01Loose",
        "fX"      : 3.0,
        "fY"      : -1.0,
        "fRotation" : 0.0,
        "strID"     : "4bda48b0-948c-4d60-abad-d0a6ee01a322",
        "strParentID" : "5ab78246-e559-495a-855f-4c3d7e046d68",
        "bForceLoad"  : false
      },
      {
        "strName" : "ItmFloorRYOF04",
        "fX"      : 6.0,
        "fY"      : -15.0,
        "fRotation" : 270.0,
        "strID"     : "e74825f1-3b6d-41d5-946b-1a1c570243f7",
        "bForceLoad" : false
      },
      {
        "strName" : "ItmFloorRYOF04",
        "fX"      : 5.0,
        "fY"      : -15.0,
        "fRotation" : 270.0,
        "strID"     : "da6724f2-a6da-4ab0-abea-67e0b287e6c8",
        "bForceLoad" : false
      },
      {
        "strName" : "ItmFloorRYOF04",
        "fX"      : 4.0,
        "fY"      : -15.0,
        "fRotation" : 270.0,
        "strID"     : "61a56d72-2fc7-4483-a55a-16c7ad9b06cc",
        "bForceLoad" : false
      },
      {
        "strName" : "ItmFloorRYOF04",
        "fX"      : 4.0,
        "fY"      : -13.0,
        "fRotation" : 90.0,
        "strID"     : "9ac41b12-6afd-4d69-805c-011a4bb56f0a",
        "bForceLoad" : false
      },
      {
        "strName" : "ItmFloorRYOF04",
        "fX"      : 5.0,
        "fY"      : -13.0,
        "fRotation" : 90.0,
        "strID"     : "901c9fd0-e8f9-4f7b-a828-e47e37dd8268",
        "bForceLoad" : false
      },
      {
        "strName" : "ItmFloorRYOF04",
        "fX"      : 6.0,
        "fY"      : -13.0,
        "fRotation" : 90.0,
        "strID"     : "27602ef4-215e-495f-a466-a0e1bf99456f",
        "bForceLoad" : false
      },
      {
        "strName" : "ItmWallRYOB01",
        "fX"      : 3.0,
        "fY"      : -14.0,
        "fRotation" : 0.0,
        "strID"     : "1dce7a28-42d8-4ca1-ac0b-eb8921eda933",
        "bForceLoad" : false
      },
      {
        "strName" : "ItmWallRYOB01",
        "fX"      : 2.0,
        "fY"      : -14.0,
        "fRotation" : 0.0,
        "strID"     : "3471561e-95b8-4db6-a263-9f70f04ac58a",
        "bForceLoad" : false
      },
      {
        "strName" : "ItmWallRYOB01",
        "fX"      : 8.0,
        "fY"      : -14.0,
        "fRotation" : 0.0,
        "strID"     : "8b2b2327-a432-4436-8e71-1ed3efe0e309",
        "bForceLoad" : false
      },
      {
        "strName" : "ItmPartsMechSmall01",
        "fX"      : 2.0,
        "fY"      : -3.0,
        "fRotation" : 0.0,
        "strID"     : "e715da5b-288f-4ef1-a46e-b616fe107d76",
        "strParentID" : "3402a9d5-a6b4-444f-97e0-8de37b019298",
        "bForceLoad"  : false
      },
      {
        "strName" : "ItmPartsMechSmall01",
        "fX"      : 2.0,
        "fY"      : -3.0,
        "fRotation" : 0.0,
        "strID"     : "c639ef8e-0870-4b39-bd93-678b0dac247c",
        "strParentID" : "3402a9d5-a6b4-444f-97e0-8de37b019298",
        "bForceLoad"  : false
      },
      {
        "strName" : "ItmFloorRYOF01",
        "fX"      : 8.0,
        "fY"      : -13.0,
        "fRotation" : 0.0,
        "strID"     : "2a4bbb37-c344-4fd4-9104-6d15e9f25340",
        "bForceLoad" : false
      },
      {
        "strName" : "ItmFloorRYOF01",
        "fX"      : 7.0,
        "fY"      : -13.0,
        "fRotation" : 0.0,
        "strID"     : "5aab0268-e560-4050-b5c8-01337b81f126",
        "bForceLoad" : false
      },
      {
        "strName" : "ItmWallRYOB01",
        "fX"      : 0.0,
        "fY"      : -11.0,
        "fRotation" : 0.0,
        "strID"     : "b3434237-41ba-43c0-8657-77c2c1fa7ad7",
        "bForceLoad" : false
      },
      {
        "strName" : "ItmFloorRYOF01",
        "fX"      : 10.0,
        "fY"      : -11.0,
        "fRotation" : 0.0,
        "strID"     : "a2100843-f8ad-4bef-9e9e-3e44323356f0",
        "bForceLoad" : false
      },
      {
        "strName" : "ItmFloorRYOF01",
        "fX"      : 10.0,
        "fY"      : -12.0,
        "fRotation" : 0.0,
        "strID"     : "32d3f079-75c1-46f6-9de5-57c23eea03e5",
        "bForceLoad" : false
      },
      {
        "strName" : "ItmWallRYOB01",
        "fX"      : 9.0,
        "fY"      : -12.0,
        "fRotation" : 0.0,
        "strID"     : "f9c7fb71-d3d0-4ed4-8ca0-06eaa8cf3cda",
        "bForceLoad" : false
      },
      {
        "strName" : "ItmWallRYOB01",
        "fX"      : 10.0,
        "fY"      : -12.0,
        "fRotation" : 0.0,
        "strID"     : "82658e85-7a71-4868-a8a5-72967d8d62df",
        "bForceLoad" : false
      },
      {
        "strName" : "ItmWallRYOB01",
        "fX"      : 10.0,
        "fY"      : -11.0,
        "fRotation" : 0.0,
        "strID"     : "ed870ed4-8a6e-47cf-8a31-2ef8ffea291e",
        "bForceLoad" : false
      },
      {
        "strName" : "ItmConduit01",
        "fX"      : 3.0,
        "fY"      : -14.0,
        "fRotation" : 0.0,
        "strID"     : "ec02535e-5e36-41a6-a2ff-3d06ac8dc469",
        "bForceLoad" : false
      },
      {
        "strName" : "ItmConduit01",
        "fX"      : 2.0,
        "fY"      : -14.0,
        "fRotation" : 0.0,
        "strID"     : "10e729c2-eb08-46b6-b983-a2e6c6d008de",
        "bForceLoad" : false
      },
      {
        "strName" : "ItmConduit01",
        "fX"      : 2.0,
        "fY"      : -13.0,
        "fRotation" : 0.0,
        "strID"     : "76b98a9c-523b-466c-bf9b-2d7ca0ed24b7",
        "bForceLoad" : false
      },
      {
        "strName" : "ItmConduit01",
        "fX"      : 2.0,
        "fY"      : -12.0,
        "fRotation" : 0.0,
        "strID"     : "ac145188-5328-45fe-9bb0-d8e525f04b26",
        "bForceLoad" : false
      },
      {
        "strName" : "ItmConduit01",
        "fX"      : 3.0,
        "fY"      : -12.0,
        "fRotation" : 0.0,
        "strID"     : "97b3f553-15fe-4275-9713-039c4cd471f0",
        "bForceLoad" : false
      },
      {
        "strName" : "ItmConduit01",
        "fX"      : 1.0,
        "fY"      : -12.0,
        "fRotation" : 0.0,
        "strID"     : "6b843cfc-549a-480f-b143-1429e8a3a36e",
        "bForceLoad" : false
      },
      {
        "strName" : "ItmConduit01",
        "fX"      : 0.0,
        "fY"      : -12.0,
        "fRotation" : 0.0,
        "strID"     : "6d0806cd-29ab-4c7d-8419-51b09bccf79e",
        "bForceLoad" : false
      },
      {
        "strName" : "ItmConduit01",
        "fX"      : 0.0,
        "fY"      : -11.0,
        "fRotation" : 0.0,
        "strID"     : "56d2e194-c691-4e79-b1e4-01ed03e0132a",
        "bForceLoad" : false
      },
      {
        "strName" : "ItmScrapTrash",
        "fX"      : 1.0,
        "fY"      : -5.0,
        "fRotation" : 0.0,
        "strID"     : "fa22a42a-2388-4560-841a-b77b9f0df71c",
        "strParentID" : "87c78e78-060b-41fa-b01c-590dcd5b6d0b",
        "bForceLoad"  : false
      },
      {
        "strName" : "ItmScrapTrash",
        "fX"      : 1.0,
        "fY"      : -5.0,
        "fRotation" : 0.0,
        "strID"     : "ec1ce550-0c06-48af-adb0-02a09bd7a3d4",
        "strParentID" : "87c78e78-060b-41fa-b01c-590dcd5b6d0b",
        "bForceLoad"  : false
      },
      {
        "strName" : "ItmScrapTrash",
        "fX"      : 1.0,
        "fY"      : -5.0,
        "fRotation" : 0.0,
        "strID"     : "87c78e78-060b-41fa-b01c-590dcd5b6d0b",
        "bForceLoad" : false
      },
      {
        "strName" : "ItmConduit01",
        "fX"      : 10.0,
        "fY"      : -11.0,
        "fRotation" : 0.0,
        "strID"     : "4507a61e-4ff3-41b5-b993-577fb002d6df",
        "bForceLoad" : false
      },
      {
        "strName" : "ItmScrapCarbonFiber",
        "fX"      : 2.0,
        "fY"      : -5.0,
        "fRotation" : 0.0,
        "strID"     : "e3b599bc-ff94-410c-8704-19e3b2aafa79",
        "strParentID" : "e774b01f-9e62-478d-b82b-64e006d50492",
        "bForceLoad"  : false
      },
      {
        "strName" : "ItmScrapAluminum",
        "fX"      : 2.0,
        "fY"      : -2.0,
        "fRotation" : 0.0,
        "strID"     : "8b24edee-7f66-4602-b633-4faa44e29c1d",
        "strParentID" : "24f192f8-8858-4610-bee1-61eff3f4428c",
        "bForceLoad"  : false
      },
      {
        "strName" : "ItmPartsMechSmall01",
        "fX"      : 2.0,
        "fY"      : -3.0,
        "fRotation" : 0.0,
        "strID"     : "40474e06-48f8-4773-9a42-d697e757032b",
        "strParentID" : "3402a9d5-a6b4-444f-97e0-8de37b019298",
        "bForceLoad"  : false
      },
      {
        "strName" : "ItmWallRYOB01Loose",
        "fX"      : 1.0,
        "fY"      : -8.0,
        "fRotation" : 0.0,
        "strID"     : "c374533f-379f-4932-aeeb-1c1b89f6aa00",
        "bForceLoad" : false
      },
      {
        "strName" : "ItmPartsMechSmall01",
        "fX"      : 2.0,
        "fY"      : -3.0,
        "fRotation" : 0.0,
        "strID"     : "92163bf3-34b7-44db-9f48-87c8b7714d02",
        "strParentID" : "3402a9d5-a6b4-444f-97e0-8de37b019298",
        "bForceLoad"  : false
      },
      {
        "strName" : "ItmFloorRYOF05Loose",
        "fX"      : 2.0,
        "fY"      : -1.0,
        "fRotation" : 0.0,
        "strID"     : "354c156f-ae30-4686-9dbf-a4bb0e3ce68b",
        "bForceLoad" : false
      },
      {
        "strName" : "ItmFloorRYOF01Loose",
        "fX"      : 3.0,
        "fY"      : -1.0,
        "fRotation" : 0.0,
        "strID"     : "60d20897-08fc-4d1d-a5fc-30af9147ea61",
        "strParentID" : "5ab78246-e559-495a-855f-4c3d7e046d68",
        "bForceLoad"  : false
      },
      {
        "strName" : "ItmFloorRYOF01Loose",
        "fX"      : 3.0,
        "fY"      : -1.0,
        "fRotation" : 0.0,
        "strID"     : "a4163bf9-b854-4b3b-9534-fb41e2c67fe9",
        "strParentID" : "5ab78246-e559-495a-855f-4c3d7e046d68",
        "bForceLoad"  : false
      },
      {
        "strName" : "ItmFloorRYOF01Loose",
        "fX"      : 3.0,
        "fY"      : -1.0,
        "fRotation" : 0.0,
        "strID"     : "5ab78246-e559-495a-855f-4c3d7e046d68",
        "bForceLoad" : false
      },
      {
        "strName" : "ItmWallRYOB01Loose",
        "fX"      : 2.0,
        "fY"      : -6.0,
        "fRotation" : 0.0,
        "strID"     : "e5fd8970-f7d3-4448-87dd-a5bf5b0e44d3",
        "bForceLoad" : false
      },
      {
        "strName" : "ItmWallRYOB01Loose",
        "fX"      : 1.0,
        "fY"      : -7.0,
        "fRotation" : 0.0,
        "strID"     : "7bd90841-fdb5-4cd2-a80a-2e8e9369fa67",
        "bForceLoad" : false
      },
      {
        "strName" : "ItmWallRYOB01Loose",
        "fX"      : 1.0,
        "fY"      : -6.0,
        "fRotation" : 0.0,
        "strID"     : "63ce724a-5ce3-46f4-b1d0-f8f98fde4ac6",
        "bForceLoad" : false
      },
      {
        "strName" : "ItmWallRYOB01Loose",
        "fX"      : 3.0,
        "fY"      : -6.0,
        "fRotation" : 0.0,
        "strID"     : "cd682a85-11af-4480-9d37-2f62523c490e",
        "bForceLoad" : false
      },
      {
        "strName" : "ItmScrapCarbonFiber",
        "fX"      : 2.0,
        "fY"      : -5.0,
        "fRotation" : 0.0,
        "strID"     : "f68fe409-0e30-4216-9e0f-627da307791e",
        "strParentID" : "e774b01f-9e62-478d-b82b-64e006d50492",
        "bForceLoad"  : false
      },
      {
        "strName" : "ItmScrapTrash",
        "fX"      : 3.0,
        "fY"      : -9.0,
        "fRotation" : 0.0,
        "strID"     : "4842261c-ef09-4ced-b75e-5d94e7f956a2",
        "strParentID" : "f1aa3818-7c3c-44dd-92af-8d78c42a72a1",
        "bForceLoad"  : false
      },
      {
        "strName" : "ItmScrapTrash",
        "fX"      : 3.0,
        "fY"      : -9.0,
        "fRotation" : 0.0,
        "strID"     : "4061f312-a1d7-4257-88df-b336b9ba5330",
        "strParentID" : "f1aa3818-7c3c-44dd-92af-8d78c42a72a1",
        "bForceLoad"  : false
      },
      {
        "strName" : "ItmPartsMechSmall01",
        "fX"      : 0.0,
        "fY"      : -4.0,
        "fRotation" : 0.0,
        "strID"     : "d28a47e7-d43a-4450-991e-f9954b8c48ec",
        "strParentID" : "66741666-318f-4dff-b023-dc58da755956",
        "bForceLoad"  : false
      },
      {
        "strName" : "ItmScrapAluminum",
        "fX"      : 2.0,
        "fY"      : -2.0,
        "fRotation" : 0.0,
        "strID"     : "fa8495b3-7b8c-4674-875f-1a343caa752e",
        "strParentID" : "24f192f8-8858-4610-bee1-61eff3f4428c",
        "bForceLoad"  : false
      },
      {
        "strName" : "ItmScrapCarbonFiber",
        "fX"      : 2.0,
        "fY"      : -5.0,
        "fRotation" : 0.0,
        "strID"     : "642a6b8c-c8a6-4b9c-9d1d-f6f21819eced",
        "strParentID" : "e774b01f-9e62-478d-b82b-64e006d50492",
        "bForceLoad"  : false
      },
      {
        "strName" : "ItmScrapTrash",
        "fX"      : 0.0,
        "fY"      : -4.0,
        "fRotation" : 0.0,
        "strID"     : "1bd228f8-b94a-47b6-a657-9b295b0818d9",
        "strParentID" : "d46ad9ba-7ff8-43fb-8adf-7f1cabf81977",
        "bForceLoad"  : false
      },
      {
        "strName" : "ItmScrapTrash",
        "fX"      : 0.0,
        "fY"      : -4.0,
        "fRotation" : 0.0,
        "strID"     : "d46ad9ba-7ff8-43fb-8adf-7f1cabf81977",
        "bForceLoad" : false
      },
      {
        "strName" : "ItmPartsMechSmall01",
        "fX"      : 2.0,
        "fY"      : -3.0,
        "fRotation" : 0.0,
        "strID"     : "a58c23a7-34b6-4235-8528-ec5b1ce777da",
        "strParentID" : "3402a9d5-a6b4-444f-97e0-8de37b019298",
        "bForceLoad"  : false
      },
      {
        "strName" : "ItmScrapAluminum",
        "fX"      : 2.0,
        "fY"      : -2.0,
        "fRotation" : 0.0,
        "strID"     : "24f192f8-8858-4610-bee1-61eff3f4428c",
        "bForceLoad" : false
      },
      {
        "strName" : "ItmScrapCarbonFiber",
        "fX"      : 2.0,
        "fY"      : -5.0,
        "fRotation" : 0.0,
        "strID"     : "4a64380e-3209-4f08-9162-80b15671df9b",
        "strParentID" : "e774b01f-9e62-478d-b82b-64e006d50492",
        "bForceLoad"  : false
      },
      {
        "strName" : "ItmPartsMechSmall01",
        "fX"      : 2.0,
        "fY"      : -3.0,
        "fRotation" : 0.0,
        "strID"     : "84f25ae0-32c9-4892-9b6b-d0c83e7139ed",
        "strParentID" : "3402a9d5-a6b4-444f-97e0-8de37b019298",
        "bForceLoad"  : false
      },
      {
        "strName" : "ItmPartsMechSmall01",
        "fX"      : 2.0,
        "fY"      : -3.0,
        "fRotation" : 0.0,
        "strID"     : "1c125298-95e9-44eb-aced-b75cbc7c44d6",
        "strParentID" : "3402a9d5-a6b4-444f-97e0-8de37b019298",
        "bForceLoad"  : false
      },
      {
        "strName" : "ItmScrapCarbonFiber",
        "fX"      : 2.0,
        "fY"      : -5.0,
        "fRotation" : 0.0,
        "strID"     : "95c4927a-893f-4d67-89fe-100ea37d2de8",
        "strParentID" : "e774b01f-9e62-478d-b82b-64e006d50492",
        "bForceLoad"  : false
      },
      {
        "strName" : "ItmPartsMechSmall01",
        "fX"      : 2.0,
        "fY"      : -3.0,
        "fRotation" : 0.0,
        "strID"     : "85d1da78-07c5-4cf2-9494-0bebf1f08f30",
        "strParentID" : "3402a9d5-a6b4-444f-97e0-8de37b019298",
        "bForceLoad"  : false
      },
      {
        "strName" : "ItmPartsMechSmall01",
        "fX"      : 2.0,
        "fY"      : -3.0,
        "fRotation" : 0.0,
        "strID"     : "3402a9d5-a6b4-444f-97e0-8de37b019298",
        "bForceLoad" : false
      },
      {
        "strName" : "ItmScrapCarbonFiber",
        "fX"      : 2.0,
        "fY"      : -5.0,
        "fRotation" : 0.0,
        "strID"     : "0c0fa94c-220b-4c67-b2b0-8b36a32e2872",
        "strParentID" : "e774b01f-9e62-478d-b82b-64e006d50492",
        "bForceLoad"  : false
      },
      {
        "strName" : "ItmPartsMechSmall01",
        "fX"      : 0.0,
        "fY"      : -4.0,
        "fRotation" : 0.0,
        "strID"     : "60bfffec-e0e1-448f-940c-63e9f38367b6",
        "strParentID" : "b4d3eb6c-0bbd-4cdb-bee3-6f27b72c0675",
        "bForceLoad"  : false
      },
      {
        "strName" : "ItmPartsMechSmall01",
        "fX"      : 0.0,
        "fY"      : -4.0,
        "fRotation" : 0.0,
        "strID"     : "b4d3eb6c-0bbd-4cdb-bee3-6f27b72c0675",
        "bForceLoad" : false
      },
      {
        "strName" : "ItmScrapCarbonFiber",
        "fX"      : 2.0,
        "fY"      : -5.0,
        "fRotation" : 0.0,
        "strID"     : "05c9e0c9-c3f2-4b40-b214-95fc387cd541",
        "strParentID" : "e774b01f-9e62-478d-b82b-64e006d50492",
        "bForceLoad"  : false
      },
      {
        "strName" : "ItmScrapCarbonFiber",
        "fX"      : 2.0,
        "fY"      : -5.0,
        "fRotation" : 0.0,
        "strID"     : "92454f97-b0c3-44ff-85f9-3c9a4f4f8cf4",
        "strParentID" : "e774b01f-9e62-478d-b82b-64e006d50492",
        "bForceLoad"  : false
      },
      {
        "strName" : "ItmPartsMechSmall01",
        "fX"      : 0.0,
        "fY"      : -4.0,
        "fRotation" : 0.0,
        "strID"     : "353e81e1-1a8e-447b-bcdc-38bca57eae87",
        "strParentID" : "66741666-318f-4dff-b023-dc58da755956",
        "bForceLoad"  : false
      },
      {
        "strName" : "ItmPartsMechSmall01",
        "fX"      : 0.0,
        "fY"      : -4.0,
        "fRotation" : 0.0,
        "strID"     : "66741666-318f-4dff-b023-dc58da755956",
        "bForceLoad" : false
      },
      {
        "strName" : "ItmScrapAluminum",
        "fX"      : 3.0,
        "fY"      : -7.0,
        "fRotation" : 0.0,
        "strID"     : "a6c07c65-ff6a-4b8c-8b60-9311c39d8e03",
        "strParentID" : "73ac28e4-51d7-4141-9766-a8da360bf227",
        "bForceLoad"  : false
      },
      {
        "strName" : "ItmScrapCarbonFiber",
        "fX"      : 2.0,
        "fY"      : -5.0,
        "fRotation" : 0.0,
        "strID"     : "498f5707-bd32-4902-9278-fc1e2cb325c8",
        "strParentID" : "e774b01f-9e62-478d-b82b-64e006d50492",
        "bForceLoad"  : false
      },
      {
        "strName" : "ItmScrapTrash",
        "fX"      : 3.0,
        "fY"      : -4.0,
        "fRotation" : 0.0,
        "strID"     : "c5dc745d-3678-4ac7-b6e4-a746f937377d",
        "strParentID" : "00787711-8d78-455b-a2f3-1dcd40ed3154",
        "bForceLoad"  : false
      },
      {
        "strName" : "ItmScrapTrash",
        "fX"      : 3.0,
        "fY"      : -4.0,
        "fRotation" : 0.0,
        "strID"     : "00787711-8d78-455b-a2f3-1dcd40ed3154",
        "bForceLoad" : false
      },
      {
        "strName" : "ItmScrapAluminum",
        "fX"      : 3.0,
        "fY"      : -7.0,
        "fRotation" : 0.0,
        "strID"     : "310e45da-79f4-4eea-8c43-646ae4a2c16f",
        "strParentID" : "73ac28e4-51d7-4141-9766-a8da360bf227",
        "bForceLoad"  : false
      },
      {
        "strName" : "ItmScrapCarbonFiber",
        "fX"      : 2.0,
        "fY"      : -5.0,
        "fRotation" : 0.0,
        "strID"     : "e774b01f-9e62-478d-b82b-64e006d50492",
        "bForceLoad" : false
      },
      {
        "strName" : "ItmScrapTrash",
        "fX"      : 3.0,
        "fY"      : -9.0,
        "fRotation" : 0.0,
        "strID"     : "f1aa3818-7c3c-44dd-92af-8d78c42a72a1",
        "bForceLoad" : false
      },
      {
        "strName" : "ItmScrapTrash",
        "fX"      : 2.0,
        "fY"      : -9.0,
        "fRotation" : 0.0,
        "strID"     : "b8384847-2a3e-4f52-8428-a6041b47f7ea",
        "strParentID" : "a2bf7a07-1333-4e88-bfb2-87a64f579aa1",
        "bForceLoad"  : false
      },
      {
        "strName" : "ItmPartsMechSmall01",
        "fX"      : 2.0,
        "fY"      : -8.0,
        "fRotation" : 0.0,
        "strID"     : "19bd1c63-d36d-4f70-bd07-7f4bc4a27eeb",
        "bForceLoad" : false
      },
      {
        "strName" : "ItmScrapAluminum",
        "fX"      : 3.0,
        "fY"      : -7.0,
        "fRotation" : 0.0,
        "strID"     : "f2797662-96c2-49cc-bd96-488c6b75b655",
        "strParentID" : "73ac28e4-51d7-4141-9766-a8da360bf227",
        "bForceLoad"  : false
      },
      {
        "strName" : "ItmScrapCarbonFiber",
        "fX"      : 1.0,
        "fY"      : -9.0,
        "fRotation" : 0.0,
        "strID"     : "39d4da05-93dd-4049-b105-0bce2bbb5605",
        "strParentID" : "ddfe58d2-657a-4f5c-859d-ada63e7f76e4",
        "bForceLoad"  : false
      },
      {
        "strName" : "ItmScrapTrash",
        "fX"      : 2.0,
        "fY"      : -9.0,
        "fRotation" : 0.0,
        "strID"     : "99554ab8-c9e7-471d-a904-96be6a65bd9e",
        "strParentID" : "a2bf7a07-1333-4e88-bfb2-87a64f579aa1",
        "bForceLoad"  : false
      },
      {
        "strName" : "ItmScrapTrash",
        "fX"      : 2.0,
        "fY"      : -9.0,
        "fRotation" : 0.0,
        "strID"     : "a2bf7a07-1333-4e88-bfb2-87a64f579aa1",
        "bForceLoad" : false
      },
      {
        "strName" : "ItmScrapAluminum",
        "fX"      : 3.0,
        "fY"      : -7.0,
        "fRotation" : 0.0,
        "strID"     : "53551da9-04e4-4a70-a984-c8ee076614b2",
        "strParentID" : "73ac28e4-51d7-4141-9766-a8da360bf227",
        "bForceLoad"  : false
      },
      {
        "strName" : "ItmScrapCarbonFiber",
        "fX"      : 1.0,
        "fY"      : -9.0,
        "fRotation" : 0.0,
        "strID"     : "a0c11398-95d6-43c8-b81a-1420148de5af",
        "strParentID" : "ddfe58d2-657a-4f5c-859d-ada63e7f76e4",
        "bForceLoad"  : false
      },
      {
        "strName" : "ItmScrapTrash",
        "fX"      : 1.0,
        "fY"      : -10.0,
        "fRotation" : 0.0,
        "strID"     : "dc45f60b-a562-4835-9760-fda1ef88b22c",
        "strParentID" : "2aafd4ad-2a1b-4608-90d0-147cdf4a8c68",
        "bForceLoad"  : false
      },
      {
        "strName" : "ItmScrapTrash",
        "fX"      : 1.0,
        "fY"      : -10.0,
        "fRotation" : 0.0,
        "strID"     : "f94216ec-24e9-4d3d-8f9d-ca0cb2dfaebe",
        "strParentID" : "2aafd4ad-2a1b-4608-90d0-147cdf4a8c68",
        "bForceLoad"  : false
      },
      {
        "strName" : "ItmScrapAluminum",
        "fX"      : 3.0,
        "fY"      : -7.0,
        "fRotation" : 0.0,
        "strID"     : "73ac28e4-51d7-4141-9766-a8da360bf227",
        "bForceLoad" : false
      },
      {
        "strName" : "ItmScrapCarbonFiber",
        "fX"      : 1.0,
        "fY"      : -9.0,
        "fRotation" : 0.0,
        "strID"     : "ddfe58d2-657a-4f5c-859d-ada63e7f76e4",
        "bForceLoad" : false
      },
      {
        "strName" : "ItmScrapTrash",
        "fX"      : 1.0,
        "fY"      : -10.0,
        "fRotation" : 0.0,
        "strID"     : "2aafd4ad-2a1b-4608-90d0-147cdf4a8c68",
        "bForceLoad" : false
      },
      {
        "strName" : "ItmScrapTrash",
        "fX"      : 5.0,
        "fY"      : -10.0,
        "fRotation" : 0.0,
        "strID"     : "bd5398d7-8dc1-4aac-a063-b1c044d1242b",
        "bForceLoad" : false
      }
    ],
    "aShallowPSpecs"   : [
      {
        "strName" : "SysLootSpawner",
        "fX"      : 5.0,
        "fY"      : -3.0,
        "fRotation" : 0.0,
        "strID"     : "871e0894-09fd-4135-b47a-2e788b06587e",
        "bForceLoad" : false,
        "aGPMSettings" : [
          {
            "strName" : "Panel A",
            "dictGUIPropMap" : [
              "strGUIPrefab",
              "GUILootSpawn",
              "strFriendlyName",
              "Loot Spawner",
              "strGUIPrefabRight",
              null,
              "strGUIPrefabLeft",
              null,
              "strGUIPrefabUp",
              null,
              "strGUIPrefabDown",
              null,
              "strType",
              "Pspec",
              "strLoot",
              "NotBoarding",
              "strRange",
              "2",
              "strCount",
              "0",
              "strNew",
              "True",
              "strDamaged",
              "True",
              "strDerelict",
              "True"
            ]
          }
        ]
      },
      {
        "strName" : "SysLootSpawner",
        "fX"      : 5.0,
        "fY"      : -14.0,
        "fRotation" : 0.0,
        "strID"     : "3a57bfab-53d3-44c4-b543-6d5914c7476a",
        "bForceLoad" : false,
        "aGPMSettings" : [
          {
            "strName" : "Panel A",
            "dictGUIPropMap" : [
              "strGUIPrefab",
              "GUILootSpawn",
              "strFriendlyName",
              "Loot Spawner",
              "strGUIPrefabRight",
              null,
              "strGUIPrefabLeft",
              null,
              "strGUIPrefabUp",
              null,
              "strGUIPrefabDown",
              null,
              "strType",
              "Pspec",
              "strLoot",
              "Boarding",
              "strRange",
              "1",
              "strCount",
              "0",
              "strDamaged",
              "True",
              "strDerelict",
              "True",
              "strNew",
              "True"
            ]
          }
        ]
      }
    ],
    "vShipPos"         : {
      "x" : 5.0,
      "y" : -3.0
    },
    "objSS"            : {
      "boPORShip" : "1036 Ganymed",
      "vPosx"     : 0.973881831211909,
      "vPosy"     : -1.56527031840448,
      "vBOOffsetx" : -4.31456983585043E-07,
      "vBOOffsety" : 6.34939365973253E-07,
      "vVelX"      : 1.6719351825234E-07,
      "vVelY"      : 1.35867452843996E-08,
      "vAccIn"     : {
        "x" : 0.0,
        "y" : 0.0
      },
      "vAccRCS"    : {
        "x" : 0.0,
        "y" : 0.0
      },
      "vAccEx"     : {
        "x" : 0.0,
        "y" : 0.0
      },
      "fRot"       : 1.048626,
      "fW"         : 0.0,
      "fA"         : 0.0,
      "bBOLocked"  : true,
      "bIsBO"      : false,
      "bIsRegion"  : false,
      "bIsNoFees"  : false
    },
    "aRooms"           : [
      {
        "strID" : "1fb1c79a-8b18-4dc8-a3fc-4e6bca50dfd6",
        "bVoid" : true,
        "aTiles" : [
          0,
          1,
          11,
          2,
          22,
          3,
          33,
          4,
          44,
          55,
          66
        ]
      },
      {
        "strID" : "758ecafa-9a11-4484-8803-948659f626ae",
        "bVoid" : true,
        "aTiles" : [
          10,
          21,
          32,
          43,
          54,
          65
        ]
      },
      {
        "strID" : "b0571219-b460-4562-abee-2e50fa70a444",
        "bVoid" : true,
        "aTiles" : [
          17,
          18,
          28,
          19,
          29,
          27,
          39,
          30,
          40,
          26,
          38,
          50,
          41,
          51,
          25,
          37,
          49,
          61,
          52,
          62,
          24,
          36,
          48,
          60,
          63,
          73,
          35,
          47,
          59,
          71,
          74,
          84,
          46,
          58,
          70,
          82,
          85,
          83,
          95,
          57,
          69,
          81,
          93,
          86,
          96,
          94,
          106,
          68,
          80,
          92,
          104,
          97,
          107,
          105,
          117,
          79,
          91,
          103,
          115,
          108,
          118,
          116,
          128,
          78,
          90,
          102,
          114,
          126,
          119,
          129,
          127,
          139,
          89,
          101,
          113,
          125,
          137,
          130,
          140,
          138,
          150,
          100,
          112,
          124,
          136,
          148,
          141,
          151,
          149,
          161,
          111,
          123,
          135,
          147,
          159,
          152,
          160,
          172,
          122,
          134,
          146,
          158,
          170,
          171,
          133,
          145,
          157,
          169,
          181,
          182,
          144,
          168,
          180,
          192,
          193,
          191,
          203
        ]
      },
      {
        "strID" : "3b957096-42cd-4e84-9504-bdd2a21d9499",
        "bVoid" : true,
        "aTiles" : [
          165,
          166,
          176,
          177,
          187,
          188,
          198,
          189,
          199,
          200
        ]
      },
      {
        "strID" : "b7b0867f-52e7-48f5-bc99-b6d3836f2766",
        "bVoid" : true,
        "aTiles" : [
          174,
          175,
          185,
          186,
          196,
          197,
          195,
          207,
          208,
          206
        ]
      }
    ],
    "DMGStatus"        : 2,
    "fLastVisit"       : 65627515226.0689,
    "fAIDockingTimer"  : 0.0,
    "fAIPauseTimer"    : 0.0,
    "bPrefill"         : false,
    "bNoCollisions"    : false,
    "dLastScanTime"    : 65627603699.5805,
    "bLocalAuthority"  : false,
    "bAIShip"          : false,
    "make"             : "Ryokka",
    "model"            : "T TU-8a",
    "year"             : "2060",
    "origin"           : "K-Leg",
    "designation"      : "Gas Tug",
    "publicName"       : "Rising Matrix",
    "dimensions"       : "0.32m x 3.84m",
    "fShallowMass"     : 3185.0,
    "fShallowRCSRemass" : 0.0,
    "fShallowRCSRemassMax" : 0.0,
    "fShallowFusionRemain" : 0.0,
    "fBreakInMultiplier"   : 0.9840987,
    "nRCSCount"            : 0,
    "nRCSDistroCount"      : 0,
    "nDockCount"           : 1,
    "bFusionTorch"         : false
  }
]