
[
  {
    "strName" : "Coffin",
    "strRegID" : "E-W3E",
    "nCurrentWaypoint" : -1,
    "fTimeEngaged"     : 162854.1,
    "aCOs"             : [
      {
        "strID" : "c6f16a4d-acd8-4b3e-8292-f33939f56546",
        "strCODef" : "SysLootSpawner",
        "bAlive"   : true,
        "aConds"   : [
          "IsNonHighlightable=1.0x1",
          "IsHiddenInv=1.0x1",
          "IsLootSpawner=1.0x1",
          "IsSystem=1.0x1"
        ],
        "strCondID" : "SysLootSpawnerc6f16a4d-acd8-4b3e-8292-f33939f56546",
        "inventoryX" : 0,
        "inventoryY" : 0,
        "fDGasTemp"  : 0.0,
        "fLastICOUpdate" : 65627498854.0278,
        "nDestTile"      : 0,
        "strIdleAnim"    : "Idle",
        "aMyShips"       : [
          "E-W3E"
        ],
        "strIMGPreview"  : "IcoLoot",
        "strFriendlyName" : "SysLootSpawner",
        "strRegIDLast"    : "E-W3E"
      },
      {
        "strID" : "95701376-3940-43f9-bc54-589d00c805df",
        "strCODef" : "SysLootSpawner",
        "bAlive"   : true,
        "aConds"   : [
          "IsNonHighlightable=1.0x1",
          "IsHiddenInv=1.0x1",
          "IsLootSpawner=1.0x1",
          "IsSystem=1.0x1"
        ],
        "strCondID" : "SysLootSpawner95701376-3940-43f9-bc54-589d00c805df",
        "inventoryX" : 0,
        "inventoryY" : 0,
        "fDGasTemp"  : 0.0,
        "fLastICOUpdate" : 65627498854.0278,
        "nDestTile"      : 0,
        "strIdleAnim"    : "Idle",
        "aMyShips"       : [
          "E-W3E"
        ],
        "strIMGPreview"  : "IcoLoot",
        "strFriendlyName" : "SysLootSpawner",
        "strRegIDLast"    : "E-W3E"
      }
    ],
    "aItems"           : [
      {
        "strName" : "ItmFloorMSSLFWhite02",
        "fX"      : 0.0,
        "fY"      : 0.0,
        "fRotation" : 0.0,
        "strID"     : "0d556105-a691-4cfc-88e1-d67802b4a095",
        "bForceLoad" : false
      },
      {
        "strName" : "ItmFloorMSSLFWhite02",
        "fX"      : -1.0,
        "fY"      : 0.0,
        "fRotation" : 0.0,
        "strID"     : "e132aa50-76bb-4770-95ad-5e0e7c2409e4",
        "bForceLoad" : false
      },
      {
        "strName" : "ItmFloorMSSLFWhite02",
        "fX"      : -1.0,
        "fY"      : 1.0,
        "fRotation" : 0.0,
        "strID"     : "f4c1b77a-10f1-4694-8254-ccc64b28aafb",
        "bForceLoad" : false
      },
      {
        "strName" : "ItmFloorMSSLFWhite02",
        "fX"      : 0.0,
        "fY"      : 1.0,
        "fRotation" : 0.0,
        "strID"     : "b76f7f1a-1c91-4691-a1f1-ffead04da711",
        "bForceLoad" : false
      },
      {
        "strName" : "ItmFloorMSSLFWhite02",
        "fX"      : 1.0,
        "fY"      : 1.0,
        "fRotation" : 0.0,
        "strID"     : "af5e62d4-2ebe-41b8-a865-39fd0d05cd78",
        "bForceLoad" : false
      },
      {
        "strName" : "ItmFloorMSSLFWhite02",
        "fX"      : 1.0,
        "fY"      : 0.0,
        "fRotation" : 0.0,
        "strID"     : "019085a5-ee67-49c3-ad3d-b63531ed6d3e",
        "bForceLoad" : false
      },
      {
        "strName" : "ItmFloorMSSLFWhite02",
        "fX"      : 1.0,
        "fY"      : -1.0,
        "fRotation" : 0.0,
        "strID"     : "26cf070d-7b06-42f9-b2fd-3960b0598dab",
        "bForceLoad" : false
      },
      {
        "strName" : "ItmFloorMSSLFWhite02",
        "fX"      : 0.0,
        "fY"      : -1.0,
        "fRotation" : 0.0,
        "strID"     : "08ee3e4f-14bc-4563-b226-6cf9e85966eb",
        "bForceLoad" : false
      },
      {
        "strName" : "ItmFloorMSSLFWhite02",
        "fX"      : -1.0,
        "fY"      : -1.0,
        "fRotation" : 0.0,
        "strID"     : "876b8469-0ad8-4b90-96ca-a1236322f890",
        "bForceLoad" : false
      },
      {
        "strName" : "ItmStationNav",
        "fX"      : 0.0,
        "fY"      : 0.0,
        "fRotation" : 0.0,
        "strID"     : "69a7ba8b-a124-40d0-ba72-0b4fb1605b8a",
        "bForceLoad" : false,
        "aGPMSettings" : [
          {
            "strName" : "Panel A",
            "dictGUIPropMap" : [
              "strGUIPrefab",
              "GUIOrbitDraw/GUIOrbitDraw",
              "strFriendlyName",
              "Nav Controls",
              "strGUIPrefabRight",
              "Panel Right",
              "strGUIPrefabLeft",
              null,
              "strGUIPrefabUp",
              null,
              "strGUIPrefabDown",
              null
            ]
          },
          {
            "strName" : "Panel Right",
            "dictGUIPropMap" : [
              "strGUIPrefab",
              "GUIDockSys",
              "strFriendlyName",
              "Docking Controls",
              "strGUIPrefabRight",
              null,
              "strGUIPrefabLeft",
              "Panel A",
              "strGUIPrefabUp",
              null,
              "strGUIPrefabDown",
              null
            ]
          },
          {
            "strName" : "Panel Computer",
            "dictGUIPropMap" : [
              "strGUIPrefab",
              "GUIComputer/GUIComputer2",
              "strFriendlyName",
              "PDA",
              "strGUIPrefabRight",
              null,
              "strGUIPrefabLeft",
              null,
              "strGUIPrefabUp",
              null,
              "strGUIPrefabDown",
              null
            ]
          }
        ]
      },
      {
        "strName" : "ItmFloorMSSLFWhite04",
        "fX"      : -2.0,
        "fY"      : 1.0,
        "fRotation" : 0.0,
        "strID"     : "ebddc9a6-b653-401b-84d5-a5c1a9b08973",
        "bForceLoad" : false
      },
      {
        "strName" : "ItmFloorMSSLFWhite04",
        "fX"      : -2.0,
        "fY"      : 0.0,
        "fRotation" : 0.0,
        "strID"     : "d282e81e-a89c-423f-896e-ec31e52cba59",
        "bForceLoad" : false
      },
      {
        "strName" : "ItmFloorMSSLFWhite04",
        "fX"      : -2.0,
        "fY"      : -1.0,
        "fRotation" : 0.0,
        "strID"     : "fdd5a43e-6c82-4a78-a34c-966ee1c5589f",
        "bForceLoad" : false
      },
      {
        "strName" : "ItmFloorMSSLFWhite04",
        "fX"      : 2.0,
        "fY"      : 1.0,
        "fRotation" : 180.0,
        "strID"     : "120c39ff-3e27-4cdb-b734-cab617e808e2",
        "bForceLoad" : false
      },
      {
        "strName" : "ItmFloorMSSLFWhite04",
        "fX"      : 2.0,
        "fY"      : 0.0,
        "fRotation" : 180.0,
        "strID"     : "6ab78c5f-3938-484a-b037-1aa7d181d151",
        "bForceLoad" : false
      },
      {
        "strName" : "ItmFloorMSSLFWhite04",
        "fX"      : 2.0,
        "fY"      : -1.0,
        "fRotation" : 180.0,
        "strID"     : "5d95d961-b956-4cfe-b36a-b9355ea456a7",
        "bForceLoad" : false
      },
      {
        "strName" : "ItmFloorMSSLFWhite05",
        "fX"      : 2.0,
        "fY"      : -2.0,
        "fRotation" : 270.0,
        "strID"     : "c039d179-3f24-4a21-b576-8fb7bdb81f91",
        "bForceLoad" : false
      },
      {
        "strName" : "ItmFloorMSSLFWhite03",
        "fX"      : 1.0,
        "fY"      : -2.0,
        "fRotation" : 90.0,
        "strID"     : "8c38db0e-18f4-4a3d-970d-503abf442095",
        "bForceLoad" : false
      },
      {
        "strName" : "ItmFloorMSSLFWhite02",
        "fX"      : 0.0,
        "fY"      : -2.0,
        "fRotation" : 0.0,
        "strID"     : "eb719649-1d09-4feb-993c-38341488215f",
        "bForceLoad" : false
      },
      {
        "strName" : "ItmFloorMSSLFWhite03",
        "fX"      : -1.0,
        "fY"      : -2.0,
        "fRotation" : 0.0,
        "strID"     : "1167110f-580e-45bd-a582-5917dcc422ab",
        "bForceLoad" : false
      },
      {
        "strName" : "ItmFloorMSSLFWhite05",
        "fX"      : -2.0,
        "fY"      : -2.0,
        "fRotation" : 180.0,
        "strID"     : "e3393c26-349e-4732-ace7-2b5d5a8af79e",
        "bForceLoad" : false
      },
      {
        "strName" : "ItmFloorMSSLFWhite04",
        "fX"      : -2.0,
        "fY"      : 2.0,
        "fRotation" : 0.0,
        "strID"     : "0162a6c3-176c-4b63-9ef1-8f59a5e2f7f9",
        "bForceLoad" : false
      },
      {
        "strName" : "ItmFloorMSSLFWhite02",
        "fX"      : -1.0,
        "fY"      : 2.0,
        "fRotation" : 0.0,
        "strID"     : "67025b4b-1eb3-40e0-8d08-67c161ab82d7",
        "bForceLoad" : false
      },
      {
        "strName" : "ItmFloorMSSLFWhite04",
        "fX"      : 2.0,
        "fY"      : 2.0,
        "fRotation" : 180.0,
        "strID"     : "1c311a95-e6f4-4ae6-9683-44eea6857427",
        "bForceLoad" : false
      },
      {
        "strName" : "ItmFloorMSSLFWhite02",
        "fX"      : 1.0,
        "fY"      : 2.0,
        "fRotation" : 0.0,
        "strID"     : "091df673-e69a-4d77-9b16-c46f98282fc9",
        "bForceLoad" : false
      },
      {
        "strName" : "ItmFloorMSSLFWhite01",
        "fX"      : -2.0,
        "fY"      : -3.0,
        "fRotation" : 0.0,
        "strID"     : "e6540f57-5dd8-43f7-afe9-95f331ba6958",
        "bForceLoad" : false
      },
      {
        "strName" : "ItmFloorMSSLFWhite04",
        "fX"      : -1.0,
        "fY"      : -3.0,
        "fRotation" : 0.0,
        "strID"     : "bc286464-bed9-495a-9959-5bea0bc2a09e",
        "bForceLoad" : false
      },
      {
        "strName" : "ItmFloorMSSLFWhite02",
        "fX"      : 0.0,
        "fY"      : -3.0,
        "fRotation" : 0.0,
        "strID"     : "bbde9cdf-a97c-4a9a-bd98-1d9b7badf329",
        "bForceLoad" : false
      },
      {
        "strName" : "ItmFloorMSSLFWhite04",
        "fX"      : 1.0,
        "fY"      : -3.0,
        "fRotation" : 180.0,
        "strID"     : "3bf978dd-cd6e-4430-b929-724a2c148812",
        "bForceLoad" : false
      },
      {
        "strName" : "ItmFloorMSSLFWhite01",
        "fX"      : 2.0,
        "fY"      : -3.0,
        "fRotation" : 0.0,
        "strID"     : "89dce911-7c4e-4690-b6eb-13ce9fc1b5ac",
        "bForceLoad" : false
      },
      {
        "strName" : "ItmFloorMSSLFWhite01",
        "fX"      : 2.0,
        "fY"      : -4.0,
        "fRotation" : 0.0,
        "strID"     : "5a1193ae-ccb3-46c0-bd86-1cdba853a8eb",
        "bForceLoad" : false
      },
      {
        "strName" : "ItmFloorMSSLFWhite04",
        "fX"      : 1.0,
        "fY"      : -4.0,
        "fRotation" : 180.0,
        "strID"     : "725d5e8d-6951-4c18-9380-06aa68c21639",
        "bForceLoad" : false
      },
      {
        "strName" : "ItmFloorMSSLFWhite02",
        "fX"      : 0.0,
        "fY"      : -4.0,
        "fRotation" : 0.0,
        "strID"     : "49f0d0d4-7d66-409e-9004-928387583fbc",
        "bForceLoad" : false
      },
      {
        "strName" : "ItmFloorMSSLFWhite04",
        "fX"      : -1.0,
        "fY"      : -4.0,
        "fRotation" : 0.0,
        "strID"     : "7a77c0e3-0094-4b5b-9261-093f64a9b3e0",
        "bForceLoad" : false
      },
      {
        "strName" : "ItmFloorMSSLFWhite01",
        "fX"      : -2.0,
        "fY"      : -4.0,
        "fRotation" : 0.0,
        "strID"     : "59263a72-c653-41eb-8978-18dedd1b3e71",
        "bForceLoad" : false
      },
      {
        "strName" : "ItmFloorMSSLFWhite01",
        "fX"      : -2.0,
        "fY"      : -5.0,
        "fRotation" : 0.0,
        "strID"     : "726bfd2c-e6be-48fe-9ebe-5ec5adaf2345",
        "bForceLoad" : false
      },
      {
        "strName" : "ItmFloorMSSLFWhite04",
        "fX"      : -1.0,
        "fY"      : -5.0,
        "fRotation" : 0.0,
        "strID"     : "b9236678-b303-4633-8806-8bcdfcdb184b",
        "bForceLoad" : false
      },
      {
        "strName" : "ItmFloorMSSLFWhite02",
        "fX"      : 0.0,
        "fY"      : -5.0,
        "fRotation" : 0.0,
        "strID"     : "2502557c-bc59-4120-9996-efaefa1e7537",
        "bForceLoad" : false
      },
      {
        "strName" : "ItmFloorMSSLFWhite04",
        "fX"      : 1.0,
        "fY"      : -5.0,
        "fRotation" : 180.0,
        "strID"     : "d1826eda-fbba-4286-918c-c0061d8c270a",
        "bForceLoad" : false
      },
      {
        "strName" : "ItmFloorMSSLFWhite01",
        "fX"      : 2.0,
        "fY"      : -5.0,
        "fRotation" : 0.0,
        "strID"     : "40714373-6ca1-4239-9bf9-f7205234f592",
        "bForceLoad" : false
      },
      {
        "strName" : "ItmFloorMSSLFWhite01",
        "fX"      : 3.0,
        "fY"      : -5.0,
        "fRotation" : 0.0,
        "strID"     : "0e9757cb-1f28-40b2-a311-15f0687970c3",
        "bForceLoad" : false
      },
      {
        "strName" : "ItmFloorMSSLFWhite01",
        "fX"      : 3.0,
        "fY"      : -4.0,
        "fRotation" : 0.0,
        "strID"     : "aa679981-7874-4b75-926d-40d89f91ff37",
        "bForceLoad" : false
      },
      {
        "strName" : "ItmFloorMSSLFWhite01",
        "fX"      : -4.0,
        "fY"      : -6.0,
        "fRotation" : 0.0,
        "strID"     : "429c35a6-90a7-4e94-86bf-5868522a2b2c",
        "bForceLoad" : false
      },
      {
        "strName" : "ItmLitWall1x0",
        "fX"      : -0.9999999,
        "fY"      : -6.0,
        "fRotation" : 90.0,
        "strID"     : "7faceeb6-6c9c-4e4f-971c-0c7d0ace2dee",
        "bForceLoad" : false
      },
      {
        "strName" : "ItmConduit01",
        "fX"      : -2.0,
        "fY"      : -6.0,
        "fRotation" : 0.0,
        "strID"     : "20d192d7-4ce9-4bf0-8e50-85252b2bc951",
        "bForceLoad" : false
      },
      {
        "strName" : "ItmConduit01",
        "fX"      : -3.0,
        "fY"      : -6.0,
        "fRotation" : 0.0,
        "strID"     : "3368d023-b7d4-4df2-8a37-5785f1651732",
        "bForceLoad" : false
      },
      {
        "strName" : "ItmFloorMSSLFWhite01",
        "fX"      : 3.0,
        "fY"      : 1.0,
        "fRotation" : 0.0,
        "strID"     : "4c1722ea-f001-46b4-8284-643e35d3420e",
        "bForceLoad" : false
      },
      {
        "strName" : "ItmFloorMSSLFWhite01",
        "fX"      : -3.0,
        "fY"      : 1.0,
        "fRotation" : 0.0,
        "strID"     : "64815c26-ca31-4360-8aec-891be7d9b1c0",
        "bForceLoad" : false
      },
      {
        "strName" : "ItmLitWall1x0",
        "fX"      : -3.0,
        "fY"      : -7.0,
        "fRotation" : 0.0,
        "strID"     : "579c1448-cd7d-44f0-b053-86f1cb99ffc4",
        "bForceLoad" : false
      },
      {
        "strName" : "ItmConduit01",
        "fX"      : -3.0,
        "fY"      : -4.0,
        "fRotation" : 0.0,
        "strID"     : "be87404c-b09d-4dea-9159-503e7c31f5c0",
        "bForceLoad" : false
      },
      {
        "strName" : "ItmConduit01",
        "fX"      : -3.0,
        "fY"      : -5.0,
        "fRotation" : 0.0,
        "strID"     : "462e8033-16b0-48b2-a488-f8405b09ba2c",
        "bForceLoad" : false
      },
      {
        "strName" : "ItmFloorMSSLFWhite01",
        "fX"      : -3.0,
        "fY"      : -3.0,
        "fRotation" : 0.0,
        "strID"     : "31e8a861-43b1-4543-a06c-52cd9f70651c",
        "bForceLoad" : false
      },
      {
        "strName" : "ItmFloorMSSLFWhite01",
        "fX"      : -3.0,
        "fY"      : -4.0,
        "fRotation" : 0.0,
        "strID"     : "4e2a0f16-4300-44f8-880f-1800b15b6e95",
        "bForceLoad" : false
      },
      {
        "strName" : "ItmFloorMSSLFWhite01",
        "fX"      : -3.0,
        "fY"      : -5.0,
        "fRotation" : 0.0,
        "strID"     : "0cde1d54-03e4-4437-92d7-6beec83649f9",
        "bForceLoad" : false
      },
      {
        "strName" : "ItmWallMSSLFWhite",
        "fX"      : -3.0,
        "fY"      : 1.0,
        "fRotation" : 0.0,
        "strID"     : "71a881ba-8f89-4550-b394-4964053d57ef",
        "bForceLoad" : false
      },
      {
        "strName" : "ItmWallMSSLFWhite",
        "fX"      : 3.0,
        "fY"      : 1.0,
        "fRotation" : 0.0,
        "strID"     : "f6e65e37-f909-41d7-9d37-b943e9157014",
        "bForceLoad" : false
      },
      {
        "strName" : "ItmFloorMSSLFWhite01",
        "fX"      : -3.0,
        "fY"      : -6.0,
        "fRotation" : 0.0,
        "strID"     : "0e4647e6-41b6-453b-b46b-00d63ca2e757",
        "bForceLoad" : false
      },
      {
        "strName" : "ItmWallMSSLFWhite",
        "fX"      : 3.0,
        "fY"      : 2.0,
        "fRotation" : 0.0,
        "strID"     : "70665aa8-cff5-445d-970c-05d709e514f6",
        "bForceLoad" : false
      },
      {
        "strName" : "ItmWallMSSLFWhite",
        "fX"      : 2.0,
        "fY"      : 2.0,
        "fRotation" : 0.0,
        "strID"     : "387b30e8-303f-4251-ba1f-adc757e06955",
        "bForceLoad" : false
      },
      {
        "strName" : "ItmFloorMSSLFWhite01",
        "fX"      : -2.0,
        "fY"      : -6.0,
        "fRotation" : 0.0,
        "strID"     : "75ebc23c-122b-40f7-ab61-fd1240608321",
        "bForceLoad" : false
      },
      {
        "strName" : "ItmFloorMSSLFWhite04",
        "fX"      : -1.0,
        "fY"      : -6.0,
        "fRotation" : 0.0,
        "strID"     : "aa42ba7a-0843-4160-bed8-421daeed0e89",
        "bForceLoad" : false
      },
      {
        "strName" : "ItmFloorMSSLFWhite02",
        "fX"      : 0.0,
        "fY"      : -6.0,
        "fRotation" : 0.0,
        "strID"     : "a25f021d-3223-4bfc-afb4-97bbbb8a4c8c",
        "bForceLoad" : false
      },
      {
        "strName" : "ItmFloorMSSLFWhite04",
        "fX"      : 1.0,
        "fY"      : -6.0,
        "fRotation" : 180.0,
        "strID"     : "c12933df-65b5-4190-99fe-ccb8cdb8d3f8",
        "bForceLoad" : false
      },
      {
        "strName" : "ItmFloorMSSLFWhite01",
        "fX"      : 2.0,
        "fY"      : -6.0,
        "fRotation" : 0.0,
        "strID"     : "4d482bba-bba4-42f5-bc43-de33be747504",
        "bForceLoad" : false
      },
      {
        "strName" : "ItmFloorMSSLFWhite01",
        "fX"      : 3.0,
        "fY"      : -6.0,
        "fRotation" : 0.0,
        "strID"     : "e190c5a9-cdf2-44d7-a2a1-0f04253be231",
        "bForceLoad" : false
      },
      {
        "strName" : "ItmDockSys02Closed",
        "fX"      : 0.0,
        "fY"      : -6.5,
        "fRotation" : 180.0,
        "strID"     : "67e78be0-16e1-4e2f-9fc6-d9a357414796",
        "bForceLoad" : false
      },
      {
        "strName" : "ItmRCSDistro01",
        "fX"      : -2.0,
        "fY"      : -4.0,
        "fRotation" : 0.0,
        "strID"     : "8e563aad-d68e-4bd0-be7d-c04ac4ba2424",
        "bForceLoad" : false
      },
      {
        "strName" : "ItmBattery02",
        "fX"      : 2.5,
        "fY"      : -4.5,
        "fRotation" : 0.0,
        "strID"     : "73fafcce-aec8-4f31-9f53-d87b3f4e3504",
        "bForceLoad" : false,
        "aGPMSettings" : [
          {
            "strName" : "Panel A",
            "dictGUIPropMap" : [
              "strGUIPrefab",
              "GUIMeter",
              "strFriendlyName",
              "Battery",
              "strGUIPrefabRight",
              null,
              "strGUIPrefabLeft",
              null,
              "strGUIPrefabUp",
              null,
              "strGUIPrefabDown",
              null,
              "strTitle",
              "Battery Charge",
              "strCond",
              "StatPower",
              "strInput01",
              "",
              "fMin",
              "0.0",
              "fMax",
              "80.96"
            ]
          }
        ]
      },
      {
        "strName" : "ItmWallMSSLFWhite",
        "fX"      : -3.0,
        "fY"      : -6.0,
        "fRotation" : 0.0,
        "strID"     : "457af894-fff8-48e6-aef0-f8059cd4a352",
        "bForceLoad" : false
      },
      {
        "strName" : "ItmWallMSSLFWhite",
        "fX"      : 3.0,
        "fY"      : -6.0,
        "fRotation" : 0.0,
        "strID"     : "05632f57-fe9a-43ec-b508-127efed171ec",
        "bForceLoad" : false
      },
      {
        "strName" : "ItmConduit01",
        "fX"      : 0.0,
        "fY"      : 2.0,
        "fRotation" : 0.0,
        "strID"     : "3a98b98d-f1e8-4d3a-b78a-08f6ad392b96",
        "bForceLoad" : false
      },
      {
        "strName" : "ItmConduit01",
        "fX"      : 1.0,
        "fY"      : 2.0,
        "fRotation" : 0.0,
        "strID"     : "d47d46a5-5607-4656-abcb-d75c00df61f7",
        "bForceLoad" : false
      },
      {
        "strName" : "ItmConduit01",
        "fX"      : 2.0,
        "fY"      : 2.0,
        "fRotation" : 0.0,
        "strID"     : "3e5baee9-fc8b-4d78-8e06-3f5025f5e888",
        "bForceLoad" : false
      },
      {
        "strName" : "ItmConduit01",
        "fX"      : 3.0,
        "fY"      : 2.0,
        "fRotation" : 0.0,
        "strID"     : "fffd194a-c2b2-4f83-9fc9-3b73a70bce8e",
        "bForceLoad" : false
      },
      {
        "strName" : "ItmConduit01",
        "fX"      : 3.0,
        "fY"      : 1.0,
        "fRotation" : 0.0,
        "strID"     : "7da79093-0505-4523-80ab-cd5e31608df9",
        "bForceLoad" : false
      },
      {
        "strName" : "ItmRTAN2",
        "fX"      : -2.0,
        "fY"      : -3.0,
        "fRotation" : 0.0,
        "strID"     : "b339802e-e154-40ea-bdde-83f6889f6253",
        "bForceLoad" : false
      },
      {
        "strName" : "ItmConduit01",
        "fX"      : -3.0,
        "fY"      : 1.0,
        "fRotation" : 0.0,
        "strID"     : "33946d92-8212-4ccf-ac55-0bb28b5a072f",
        "bForceLoad" : false
      },
      {
        "strName" : "ItmConduit01",
        "fX"      : -3.0,
        "fY"      : 2.0,
        "fRotation" : 0.0,
        "strID"     : "3b206fab-453c-495d-b0c5-1af5f42bc103",
        "bForceLoad" : false
      },
      {
        "strName" : "ItmConduit01",
        "fX"      : -2.0,
        "fY"      : 2.0,
        "fRotation" : 0.0,
        "strID"     : "83bbb6a0-5ff7-4907-9166-b6ffbba0b6a7",
        "bForceLoad" : false
      },
      {
        "strName" : "ItmConduit01",
        "fX"      : -1.0,
        "fY"      : 2.0,
        "fRotation" : 0.0,
        "strID"     : "519cb94b-b2e9-479a-944e-d06259914f08",
        "bForceLoad" : false
      },
      {
        "strName" : "ItmConduit01",
        "fX"      : 1.0,
        "fY"      : -3.0,
        "fRotation" : 0.0,
        "strID"     : "ead3724f-7483-4294-9cad-07dcca55948d",
        "bForceLoad" : false
      },
      {
        "strName" : "ItmConduit01",
        "fX"      : 1.0,
        "fY"      : -2.0,
        "fRotation" : 0.0,
        "strID"     : "a8937075-2b2c-4742-9691-3b1d16e11e4c",
        "bForceLoad" : false
      },
      {
        "strName" : "ItmConduit01",
        "fX"      : 1.0,
        "fY"      : -1.0,
        "fRotation" : 0.0,
        "strID"     : "8669160e-511b-4643-a959-9332832d71be",
        "bForceLoad" : false
      },
      {
        "strName" : "ItmConduit01",
        "fX"      : 1.0,
        "fY"      : 0.0,
        "fRotation" : 0.0,
        "strID"     : "1810f978-0ab2-4dc1-aab6-bf90b0c1b11c",
        "bForceLoad" : false
      },
      {
        "strName" : "ItmConduit01",
        "fX"      : 1.0,
        "fY"      : 1.0,
        "fRotation" : 0.0,
        "strID"     : "4de84bc3-e5c5-4e31-8469-460a79bfbea3",
        "bForceLoad" : false
      },
      {
        "strName" : "ItmConduit01",
        "fX"      : 0.0,
        "fY"      : -2.0,
        "fRotation" : 0.0,
        "strID"     : "7d107cdd-eb75-4083-b6a2-c98fd99f156b",
        "bForceLoad" : false
      },
      {
        "strName" : "ItmConduit01",
        "fX"      : -1.0,
        "fY"      : -2.0,
        "fRotation" : 0.0,
        "strID"     : "d5334db4-b73e-40c2-86cc-b9670222bf7b",
        "bForceLoad" : false
      },
      {
        "strName" : "ItmConduit01",
        "fX"      : -2.0,
        "fY"      : -2.0,
        "fRotation" : 0.0,
        "strID"     : "43aa1dbc-bcd7-4dc6-a112-a0a90b80c9cf",
        "bForceLoad" : false
      },
      {
        "strName" : "ItmConduit01",
        "fX"      : -2.0,
        "fY"      : -3.0,
        "fRotation" : 0.0,
        "strID"     : "69ec03a7-5e6b-4c74-a0a4-08835ad777b6",
        "bForceLoad" : false
      },
      {
        "strName" : "ItmConduit01",
        "fX"      : -2.0,
        "fY"      : -4.0,
        "fRotation" : 0.0,
        "strID"     : "8f15a7bb-72f6-4431-9f3a-74d098670f62",
        "bForceLoad" : false
      },
      {
        "strName" : "ItmSwitch01On",
        "fX"      : 2.0,
        "fY"      : -3.0,
        "fRotation" : 180.0,
        "strID"     : "c8c3ab89-5c3d-41fa-ac8a-359eaa1da0a4",
        "bForceLoad" : false
      },
      {
        "strName" : "ItmFloorMSSLFWhite01",
        "fX"      : -4.0,
        "fY"      : -5.0,
        "fRotation" : 0.0,
        "strID"     : "37082a2c-1e94-4ca8-916e-7b8cdd137b18",
        "bForceLoad" : false
      },
      {
        "strName" : "ItmFloorMSSLFWhite01",
        "fX"      : -3.0,
        "fY"      : -2.0,
        "fRotation" : 0.0,
        "strID"     : "70169acc-a300-4cee-a47f-adda3bb4a28a",
        "bForceLoad" : false
      },
      {
        "strName" : "ItmFloorMSSLFWhite01",
        "fX"      : -3.0,
        "fY"      : -1.0,
        "fRotation" : 0.0,
        "strID"     : "a4bbfecc-7111-4c31-90f3-acb8bf4a4250",
        "bForceLoad" : false
      },
      {
        "strName" : "ItmFloorMSSLFWhite01",
        "fX"      : -3.0,
        "fY"      : 0.0,
        "fRotation" : 0.0,
        "strID"     : "9e30ce79-529c-445d-870f-cb436dabb81e",
        "bForceLoad" : false
      },
      {
        "strName" : "ItmFloorMSSLFWhite01",
        "fX"      : -3.0,
        "fY"      : 2.0,
        "fRotation" : 0.0,
        "strID"     : "cbda251f-309d-4b33-b065-9337467b5055",
        "bForceLoad" : false
      },
      {
        "strName" : "ItmFloorMSSLFWhite02",
        "fX"      : 0.0,
        "fY"      : 2.0,
        "fRotation" : 0.0,
        "strID"     : "3681ee0c-f555-44ee-922d-2899858a11bf",
        "bForceLoad" : false
      },
      {
        "strName" : "ItmFloorMSSLFWhite01",
        "fX"      : 3.0,
        "fY"      : 2.0,
        "fRotation" : 0.0,
        "strID"     : "82520f1b-cf15-4dfc-b2d3-00a293accc28",
        "bForceLoad" : false
      },
      {
        "strName" : "ItmFloorMSSLFWhite01",
        "fX"      : 3.0,
        "fY"      : 0.0,
        "fRotation" : 0.0,
        "strID"     : "3e90f11f-3ede-40e6-ae5c-04a208555533",
        "bForceLoad" : false
      },
      {
        "strName" : "ItmFloorMSSLFWhite01",
        "fX"      : 3.0,
        "fY"      : -1.0,
        "fRotation" : 0.0,
        "strID"     : "f252e361-f623-4c3f-bb7e-e7c5e5bbb596",
        "bForceLoad" : false
      },
      {
        "strName" : "ItmFloorMSSLFWhite01",
        "fX"      : 3.0,
        "fY"      : -2.0,
        "fRotation" : 0.0,
        "strID"     : "818f4887-e004-4568-8e1c-2e3df34de544",
        "bForceLoad" : false
      },
      {
        "strName" : "ItmFloorMSSLFWhite01",
        "fX"      : 3.0,
        "fY"      : -3.0,
        "fRotation" : 0.0,
        "strID"     : "85df3734-086e-4483-a7e9-052dad1433f4",
        "bForceLoad" : false
      },
      {
        "strName" : "ItmWallMSSLFWhite",
        "fX"      : 1.0,
        "fY"      : 2.0,
        "fRotation" : 0.0,
        "strID"     : "3d0b429f-9c98-4ee6-94cd-fb3f763ad8c7",
        "bForceLoad" : false
      },
      {
        "strName" : "ItmWallMSSLFWhite",
        "fX"      : 0.0,
        "fY"      : 2.0,
        "fRotation" : 0.0,
        "strID"     : "b6c490da-44a2-4b08-8bab-2c53b3c3d672",
        "bForceLoad" : false
      },
      {
        "strName" : "ItmWallMSSLFWhite",
        "fX"      : -1.0,
        "fY"      : 2.0,
        "fRotation" : 0.0,
        "strID"     : "a9cfbbd4-c84c-4fc4-87d6-4f34ec7adbdd",
        "bForceLoad" : false
      },
      {
        "strName" : "ItmWallMSSLFWhite",
        "fX"      : -2.0,
        "fY"      : 2.0,
        "fRotation" : 0.0,
        "strID"     : "f98d5e42-e9c5-4151-91e8-52b041513e11",
        "bForceLoad" : false
      },
      {
        "strName" : "ItmWallMSSLFWhite",
        "fX"      : -3.0,
        "fY"      : 2.0,
        "fRotation" : 0.0,
        "strID"     : "cb57c2f8-2a9a-493c-acdd-032645808d81",
        "bForceLoad" : false
      },
      {
        "strName" : "ItmFloorMSSLFWhite01",
        "fX"      : -4.0,
        "fY"      : -4.0,
        "fRotation" : 0.0,
        "strID"     : "33160052-b760-4874-be5e-b971f465aeef",
        "bForceLoad" : false
      },
      {
        "strName" : "ItmFloorMSSLFWhite01",
        "fX"      : -4.0,
        "fY"      : -3.0,
        "fRotation" : 0.0,
        "strID"     : "894aec7a-84c2-45aa-8b9b-8c9fc165f0c5",
        "bForceLoad" : false
      },
      {
        "strName" : "ItmFloorMSSLFWhite01",
        "fX"      : -4.0,
        "fY"      : -2.0,
        "fRotation" : 0.0,
        "strID"     : "71509ef3-dbd5-4a9e-beec-d1b1e9055325",
        "bForceLoad" : false
      },
      {
        "strName" : "ItmFloorMSSLFWhite01",
        "fX"      : -4.0,
        "fY"      : -1.0,
        "fRotation" : 0.0,
        "strID"     : "c1c5c7c1-b9f1-4294-a40a-09a20d47fceb",
        "bForceLoad" : false
      },
      {
        "strName" : "ItmFloorMSSLFWhite01",
        "fX"      : -4.0,
        "fY"      : 0.0,
        "fRotation" : 0.0,
        "strID"     : "4f0f4869-528b-4a61-b58d-1abc2215f35a",
        "bForceLoad" : false
      },
      {
        "strName" : "ItmFloorMSSLFWhite01",
        "fX"      : 4.0,
        "fY"      : 0.0,
        "fRotation" : 0.0,
        "strID"     : "a98d6620-22d4-43d5-bf06-f81e8d4bcf54",
        "bForceLoad" : false
      },
      {
        "strName" : "ItmFloorMSSLFWhite01",
        "fX"      : 4.0,
        "fY"      : -1.0,
        "fRotation" : 0.0,
        "strID"     : "302ffc5d-4652-4c8a-b9ea-065674a44cfe",
        "bForceLoad" : false
      },
      {
        "strName" : "ItmFloorMSSLFWhite01",
        "fX"      : 4.0,
        "fY"      : -2.0,
        "fRotation" : 0.0,
        "strID"     : "7f2b9df0-04c1-424d-afee-08962e696287",
        "bForceLoad" : false
      },
      {
        "strName" : "ItmFloorMSSLFWhite01",
        "fX"      : 4.0,
        "fY"      : -3.0,
        "fRotation" : 0.0,
        "strID"     : "d10358a3-459f-44b9-a569-fb7652f706cd",
        "bForceLoad" : false
      },
      {
        "strName" : "ItmFloorMSSLFWhite01",
        "fX"      : 4.0,
        "fY"      : -4.0,
        "fRotation" : 0.0,
        "strID"     : "443537fd-bfe7-4ed1-ba72-696aa9245c28",
        "bForceLoad" : false
      },
      {
        "strName" : "ItmFloorMSSLFWhite01",
        "fX"      : 4.0,
        "fY"      : -5.0,
        "fRotation" : 0.0,
        "strID"     : "b7db2c7f-0670-4db6-ae2f-951f99176d6c",
        "bForceLoad" : false
      },
      {
        "strName" : "ItmFloorMSSLFWhite01",
        "fX"      : 4.0,
        "fY"      : -6.0,
        "fRotation" : 0.0,
        "strID"     : "33b7ba23-c880-4cbe-a575-000d41fd7ed1",
        "bForceLoad" : false
      },
      {
        "strName" : "ItmRTAN2",
        "fX"      : -2.0,
        "fY"      : -5.0,
        "fRotation" : 0.0,
        "strID"     : "5f87437c-ee33-4f49-a151-5ca1829cddb2",
        "bForceLoad" : false
      },
      {
        "strName" : "ItmRTAN2",
        "fX"      : -3.0,
        "fY"      : -4.0,
        "fRotation" : 0.0,
        "strID"     : "fcd2638d-8a05-4160-b54e-6c470a3acb10",
        "bForceLoad" : false
      },
      {
        "strName" : "ItmRTAN2",
        "fX"      : -1.0,
        "fY"      : -4.0,
        "fRotation" : 0.0,
        "strID"     : "405920c6-4d7f-4319-b031-130984781d62",
        "bForceLoad" : false
      },
      {
        "strName" : "ItmWallMSSLFWhite",
        "fX"      : -3.0,
        "fY"      : 0.0,
        "fRotation" : 0.0,
        "strID"     : "251838b3-f180-4d8d-b78f-74963fdba8ae",
        "bForceLoad" : false
      },
      {
        "strName" : "ItmWallMSSLFWhite",
        "fX"      : -4.0,
        "fY"      : 0.0,
        "fRotation" : 0.0,
        "strID"     : "0a9cfd79-ddbb-412d-82ed-2a6505a905a8",
        "bForceLoad" : false
      },
      {
        "strName" : "ItmWallMSSLFWhite",
        "fX"      : 8.0,
        "fY"      : 0.0,
        "fRotation" : 0.0,
        "strID"     : "0a286e9c-dc9d-44ad-8485-e4b49a29f0d1",
        "bForceLoad" : false
      },
      {
        "strName" : "ItmWallMSSLFWhite",
        "fX"      : 7.0,
        "fY"      : 0.0,
        "fRotation" : 0.0,
        "strID"     : "d193c6d8-14bb-42d6-81a2-926d03c1a0c2",
        "bForceLoad" : false
      },
      {
        "strName" : "ItmWallMSSLFWhite",
        "fX"      : 6.0,
        "fY"      : 0.0,
        "fRotation" : 0.0,
        "strID"     : "cf4a52dc-ad00-408b-8086-43acb600ceeb",
        "bForceLoad" : false
      },
      {
        "strName" : "ItmWallMSSLFWhite",
        "fX"      : 5.0,
        "fY"      : 0.0,
        "fRotation" : 0.0,
        "strID"     : "2938519b-f215-4225-bc1f-ef7a37755635",
        "bForceLoad" : false
      },
      {
        "strName" : "ItmWallMSSLFWhite",
        "fX"      : -4.0,
        "fY"      : -5.0,
        "fRotation" : 0.0,
        "strID"     : "b9230782-ec2c-470b-b865-0a7c8b4c50f1",
        "bForceLoad" : false
      },
      {
        "strName" : "ItmWallMSSLFWhite",
        "fX"      : -4.0,
        "fY"      : -6.0,
        "fRotation" : 0.0,
        "strID"     : "aaeb4f16-cdea-49ee-b206-d3dac14322e4",
        "bForceLoad" : false
      },
      {
        "strName" : "ItmWallMSSLFWhite",
        "fX"      : 3.0,
        "fY"      : 0.0,
        "fRotation" : 0.0,
        "strID"     : "85ab1b16-d477-46a2-bf3b-4a3b2c21f9fb",
        "bForceLoad" : false
      },
      {
        "strName" : "ItmWallMSSLFWhite",
        "fX"      : 4.0,
        "fY"      : 0.0,
        "fRotation" : 0.0,
        "strID"     : "bf899f0f-b2e8-4a08-88ea-12bf96f76fd3",
        "bForceLoad" : false
      },
      {
        "strName" : "ItmFloorMSSLFWhite01",
        "fX"      : -5.0,
        "fY"      : 0.0,
        "fRotation" : 0.0,
        "strID"     : "488083f8-6eb8-485b-930b-082a8acb79db",
        "bForceLoad" : false
      },
      {
        "strName" : "ItmFloorMSSLFWhite01",
        "fX"      : -6.0,
        "fY"      : 0.0,
        "fRotation" : 0.0,
        "strID"     : "175f1f9b-971b-4246-8688-a2a4c52f7c1b",
        "bForceLoad" : false
      },
      {
        "strName" : "ItmFloorMSSLFWhite01",
        "fX"      : -7.0,
        "fY"      : 0.0,
        "fRotation" : 0.0,
        "strID"     : "b4f11651-a5aa-4f8d-b38c-b538263c052e",
        "bForceLoad" : false
      },
      {
        "strName" : "ItmFloorMSSLFWhite01",
        "fX"      : -8.0,
        "fY"      : 0.0,
        "fRotation" : 0.0,
        "strID"     : "ad4fe7ca-2fe8-48e9-a798-70776947c176",
        "bForceLoad" : false
      },
      {
        "strName" : "ItmWallMSSLFWhite",
        "fX"      : 4.0,
        "fY"      : -5.0,
        "fRotation" : 0.0,
        "strID"     : "2bd143e3-421e-4d27-9b84-ef332efc205d",
        "bForceLoad" : false
      },
      {
        "strName" : "ItmWallMSSLFWhite",
        "fX"      : 4.0,
        "fY"      : -6.0,
        "fRotation" : 0.0,
        "strID"     : "ccb6a42a-5a2c-47be-afda-d664c8daaa9b",
        "bForceLoad" : false
      },
      {
        "strName" : "ItmWallMSSLFWhite",
        "fX"      : -5.0,
        "fY"      : -5.0,
        "fRotation" : 0.0,
        "strID"     : "e9949769-cac6-4641-965b-8b5cd01da29a",
        "bForceLoad" : false
      },
      {
        "strName" : "ItmWallMSSLFWhite",
        "fX"      : -6.0,
        "fY"      : -5.0,
        "fRotation" : 0.0,
        "strID"     : "8ed7e078-4b95-418f-a662-f1a2861b922d",
        "bForceLoad" : false
      },
      {
        "strName" : "ItmWallMSSLFWhite",
        "fX"      : -7.0,
        "fY"      : -5.0,
        "fRotation" : 0.0,
        "strID"     : "e46d6e95-695a-4fb2-99f2-3765c6faaa16",
        "bForceLoad" : false
      },
      {
        "strName" : "ItmWallMSSLFWhite",
        "fX"      : -8.0,
        "fY"      : -5.0,
        "fRotation" : 0.0,
        "strID"     : "a44e756e-f2e2-4724-bedd-e58426cfc275",
        "bForceLoad" : false
      },
      {
        "strName" : "ItmWallMSSLFWhite",
        "fX"      : -9.0,
        "fY"      : -4.0,
        "fRotation" : 0.0,
        "strID"     : "02d09a88-b32e-4103-a893-6e4287812e6c",
        "bForceLoad" : false
      },
      {
        "strName" : "ItmWallMSSLFWhite",
        "fX"      : -10.0,
        "fY"      : -4.0,
        "fRotation" : 0.0,
        "strID"     : "7ee068bc-a7a7-4391-80af-305cbac45a70",
        "bForceLoad" : false
      },
      {
        "strName" : "ItmWallMSSLFWhite",
        "fX"      : -11.0,
        "fY"      : -4.0,
        "fRotation" : 0.0,
        "strID"     : "c9cadc91-9e47-4a56-8951-6cd08815880c",
        "bForceLoad" : false
      },
      {
        "strName" : "ItmWallMSSLFWhite",
        "fX"      : -11.0,
        "fY"      : -3.0,
        "fRotation" : 0.0,
        "strID"     : "4c2b2aef-faa0-4165-88d5-75f7d015c4a0",
        "bForceLoad" : false
      },
      {
        "strName" : "ItmWallMSSLFWhite",
        "fX"      : -11.0,
        "fY"      : -2.0,
        "fRotation" : 0.0,
        "strID"     : "621d37fa-f023-4048-8211-b651b6eb90a7",
        "bForceLoad" : false
      },
      {
        "strName" : "ItmWallMSSLFWhite",
        "fX"      : -11.0,
        "fY"      : -1.0,
        "fRotation" : 0.0,
        "strID"     : "1ab91735-f067-4ff2-8f01-1f604df65a33",
        "bForceLoad" : false
      },
      {
        "strName" : "ItmWallMSSLFWhite",
        "fX"      : -10.0,
        "fY"      : -1.0,
        "fRotation" : 0.0,
        "strID"     : "de6d5c07-5e46-40c4-a741-59f12a9d70da",
        "bForceLoad" : false
      },
      {
        "strName" : "ItmWallMSSLFWhite",
        "fX"      : -9.0,
        "fY"      : -1.0,
        "fRotation" : 0.0,
        "strID"     : "41461b25-0d71-40a6-ab95-74c1375a498d",
        "bForceLoad" : false
      },
      {
        "strName" : "ItmWallMSSLFWhite",
        "fX"      : -8.0,
        "fY"      : 0.0,
        "fRotation" : 0.0,
        "strID"     : "6862e810-22d4-4b27-ad0f-3cf3b6be43d7",
        "bForceLoad" : false
      },
      {
        "strName" : "ItmWallMSSLFWhite",
        "fX"      : -7.0,
        "fY"      : 0.0,
        "fRotation" : 0.0,
        "strID"     : "fff99919-c780-4e92-8845-f3fb3dba597e",
        "bForceLoad" : false
      },
      {
        "strName" : "ItmWallMSSLFWhite",
        "fX"      : -6.0,
        "fY"      : 0.0,
        "fRotation" : 0.0,
        "strID"     : "b3f39023-f538-474e-b36c-598d5d64c432",
        "bForceLoad" : false
      },
      {
        "strName" : "ItmWallMSSLFWhite",
        "fX"      : -5.0,
        "fY"      : 0.0,
        "fRotation" : 0.0,
        "strID"     : "150eb5f3-f899-41b6-8c1e-51d6f573ee39",
        "bForceLoad" : false
      },
      {
        "strName" : "ItmWallMSSLFWhite",
        "fX"      : -8.0,
        "fY"      : -4.0,
        "fRotation" : 0.0,
        "strID"     : "95b1fd0a-36a3-4844-a9dd-a8030d44fe2f",
        "bForceLoad" : false
      },
      {
        "strName" : "ItmWallMSSLFWhite",
        "fX"      : -8.0,
        "fY"      : -1.0,
        "fRotation" : 0.0,
        "strID"     : "534667bd-19c1-410f-94ce-072fcbdb0fb5",
        "bForceLoad" : false
      },
      {
        "strName" : "ItmWallMSSLFWhite",
        "fX"      : 8.0,
        "fY"      : -1.0,
        "fRotation" : 0.0,
        "strID"     : "a80cdb80-5426-4559-a5c6-f328afeaca6c",
        "bForceLoad" : false
      },
      {
        "strName" : "ItmWallMSSLFWhite",
        "fX"      : 9.0,
        "fY"      : -1.0,
        "fRotation" : 0.0,
        "strID"     : "2fd17a44-3e19-4159-bd8b-deccd47f38f6",
        "bForceLoad" : false
      },
      {
        "strName" : "ItmWallMSSLFWhite",
        "fX"      : 10.0,
        "fY"      : -1.0,
        "fRotation" : 0.0,
        "strID"     : "9bb135b2-11bf-4b75-96ea-62e10c3c2905",
        "bForceLoad" : false
      },
      {
        "strName" : "ItmWallMSSLFWhite",
        "fX"      : 11.0,
        "fY"      : -1.0,
        "fRotation" : 0.0,
        "strID"     : "7bb237e8-1775-490f-944e-0400ab222f0d",
        "bForceLoad" : false
      },
      {
        "strName" : "ItmWallMSSLFWhite",
        "fX"      : 11.0,
        "fY"      : -2.0,
        "fRotation" : 0.0,
        "strID"     : "9404f7f5-6df0-4f96-b55a-8579426da62b",
        "bForceLoad" : false
      },
      {
        "strName" : "ItmWallMSSLFWhite",
        "fX"      : 11.0,
        "fY"      : -3.0,
        "fRotation" : 0.0,
        "strID"     : "b0ad885d-c91f-42c6-af1c-eeb429b63cf5",
        "bForceLoad" : false
      },
      {
        "strName" : "ItmWallMSSLFWhite",
        "fX"      : 11.0,
        "fY"      : -4.0,
        "fRotation" : 0.0,
        "strID"     : "0b91cae1-ec93-43bd-b8b4-16944da8051a",
        "bForceLoad" : false
      },
      {
        "strName" : "ItmWallMSSLFWhite",
        "fX"      : 10.0,
        "fY"      : -4.0,
        "fRotation" : 0.0,
        "strID"     : "045a63de-9005-45df-bcd1-3372c2bab3a7",
        "bForceLoad" : false
      },
      {
        "strName" : "ItmWallMSSLFWhite",
        "fX"      : 9.0,
        "fY"      : -4.0,
        "fRotation" : 0.0,
        "strID"     : "5464dea5-5754-4c39-a98e-80c9f421b7db",
        "bForceLoad" : false
      },
      {
        "strName" : "ItmWallMSSLFWhite",
        "fX"      : 8.0,
        "fY"      : -4.0,
        "fRotation" : 0.0,
        "strID"     : "41afb3c3-d50b-4e39-8057-98db40d01cc5",
        "bForceLoad" : false
      },
      {
        "strName" : "ItmWallMSSLFWhite",
        "fX"      : 8.0,
        "fY"      : -5.0,
        "fRotation" : 0.0,
        "strID"     : "64b4c923-790a-4113-b26f-d7d6fd92d8f5",
        "bForceLoad" : false
      },
      {
        "strName" : "ItmWallMSSLFWhite",
        "fX"      : 7.0,
        "fY"      : -5.0,
        "fRotation" : 0.0,
        "strID"     : "a187a6a8-6920-49fc-987e-773392d4c0c1",
        "bForceLoad" : false
      },
      {
        "strName" : "ItmWallMSSLFWhite",
        "fX"      : 6.0,
        "fY"      : -5.0,
        "fRotation" : 0.0,
        "strID"     : "99e5cf5b-3bcd-4efb-9851-1d7d5ff86f3c",
        "bForceLoad" : false
      },
      {
        "strName" : "ItmWallMSSLFWhite",
        "fX"      : 5.0,
        "fY"      : -5.0,
        "fRotation" : 0.0,
        "strID"     : "7d78132b-97b2-4f40-b8ba-7a615e6cf9bd",
        "bForceLoad" : false
      },
      {
        "strName" : "ItmFloorMSSLFWhite01",
        "fX"      : -8.0,
        "fY"      : -1.0,
        "fRotation" : 0.0,
        "strID"     : "48e8cd06-b017-472b-bc0c-bf9c835b529e",
        "bForceLoad" : false
      },
      {
        "strName" : "ItmFloorMSSLFWhite01",
        "fX"      : -9.0,
        "fY"      : -1.0,
        "fRotation" : 0.0,
        "strID"     : "9d4307fe-629c-4d09-a03d-0abd3f77b83c",
        "bForceLoad" : false
      },
      {
        "strName" : "ItmFloorMSSLFWhite01",
        "fX"      : -10.0,
        "fY"      : -1.0,
        "fRotation" : 0.0,
        "strID"     : "37ae359c-5e28-4038-bb5f-6b634c779621",
        "bForceLoad" : false
      },
      {
        "strName" : "ItmFloorMSSLFWhite01",
        "fX"      : -11.0,
        "fY"      : -1.0,
        "fRotation" : 0.0,
        "strID"     : "dd6c2a56-3956-4764-bbcb-c59a2bd6a9a6",
        "bForceLoad" : false
      },
      {
        "strName" : "ItmFloorMSSLFWhite01",
        "fX"      : -11.0,
        "fY"      : -2.0,
        "fRotation" : 0.0,
        "strID"     : "579c4cd8-4e66-4134-aad4-6fc568b88ee3",
        "bForceLoad" : false
      },
      {
        "strName" : "ItmFloorMSSLFWhite01",
        "fX"      : -11.0,
        "fY"      : -3.0,
        "fRotation" : 0.0,
        "strID"     : "a1a07571-1fc7-4dd9-a68e-4f16dc996f70",
        "bForceLoad" : false
      },
      {
        "strName" : "ItmFloorMSSLFWhite01",
        "fX"      : -11.0,
        "fY"      : -4.0,
        "fRotation" : 0.0,
        "strID"     : "c9020fb7-097e-4a45-b565-646bcd49cfda",
        "bForceLoad" : false
      },
      {
        "strName" : "ItmFloorMSSLFWhite01",
        "fX"      : -10.0,
        "fY"      : -4.0,
        "fRotation" : 0.0,
        "strID"     : "818d8480-7cbb-4e61-b40d-d0c9b481558f",
        "bForceLoad" : false
      },
      {
        "strName" : "ItmFloorMSSLFWhite01",
        "fX"      : -9.0,
        "fY"      : -4.0,
        "fRotation" : 0.0,
        "strID"     : "6f00f170-bb66-4660-bddb-dfc5cbd75f8b",
        "bForceLoad" : false
      },
      {
        "strName" : "ItmFloorMSSLFWhite01",
        "fX"      : -8.0,
        "fY"      : -4.0,
        "fRotation" : 0.0,
        "strID"     : "4ef9dc0c-74a8-4480-8e2a-2f9357b36eee",
        "bForceLoad" : false
      },
      {
        "strName" : "ItmFloorMSSLFWhite01",
        "fX"      : -8.0,
        "fY"      : -5.0,
        "fRotation" : 0.0,
        "strID"     : "06750d1f-72fa-4e18-899f-cb1e7a838d4a",
        "bForceLoad" : false
      },
      {
        "strName" : "ItmFloorMSSLFWhite01",
        "fX"      : -7.0,
        "fY"      : -5.0,
        "fRotation" : 0.0,
        "strID"     : "cf264c63-933b-4f47-88c8-8134f2fc292d",
        "bForceLoad" : false
      },
      {
        "strName" : "ItmFloorMSSLFWhite01",
        "fX"      : -6.0,
        "fY"      : -5.0,
        "fRotation" : 0.0,
        "strID"     : "924f7289-a916-4120-bf54-49797c8f3cf1",
        "bForceLoad" : false
      },
      {
        "strName" : "ItmFloorMSSLFWhite01",
        "fX"      : -5.0,
        "fY"      : -5.0,
        "fRotation" : 0.0,
        "strID"     : "18d3834f-b8f2-48d3-8d1f-b4cc6b9e3c60",
        "bForceLoad" : false
      },
      {
        "strName" : "ItmFloorMSSLFWhite01",
        "fX"      : 5.0,
        "fY"      : -5.0,
        "fRotation" : 0.0,
        "strID"     : "3c05ac79-c92b-474c-868b-aecb923f620e",
        "bForceLoad" : false
      },
      {
        "strName" : "ItmFloorMSSLFWhite01",
        "fX"      : 6.0,
        "fY"      : -5.0,
        "fRotation" : 0.0,
        "strID"     : "2d229b41-fd79-41de-ad22-354b3352984f",
        "bForceLoad" : false
      },
      {
        "strName" : "ItmFloorMSSLFWhite01",
        "fX"      : 7.0,
        "fY"      : -5.0,
        "fRotation" : 0.0,
        "strID"     : "e1211ef2-066e-42ed-8a45-fe10cd07c154",
        "bForceLoad" : false
      },
      {
        "strName" : "ItmFloorMSSLFWhite01",
        "fX"      : 8.0,
        "fY"      : -5.0,
        "fRotation" : 0.0,
        "strID"     : "2fcd3bae-bcf6-446f-8cd4-a5efb183b596",
        "bForceLoad" : false
      },
      {
        "strName" : "ItmFloorMSSLFWhite01",
        "fX"      : 8.0,
        "fY"      : -4.0,
        "fRotation" : 0.0,
        "strID"     : "56d612c1-ec1e-431f-a81d-8ee2e7930c80",
        "bForceLoad" : false
      },
      {
        "strName" : "ItmFloorMSSLFWhite01",
        "fX"      : 9.0,
        "fY"      : -4.0,
        "fRotation" : 0.0,
        "strID"     : "3bb2c84c-a06e-439a-801d-5a898e66ae10",
        "bForceLoad" : false
      },
      {
        "strName" : "ItmFloorMSSLFWhite01",
        "fX"      : 10.0,
        "fY"      : -4.0,
        "fRotation" : 0.0,
        "strID"     : "35ab0ac4-58b3-41e0-b6b2-e0b354a0947e",
        "bForceLoad" : false
      },
      {
        "strName" : "ItmFloorMSSLFWhite01",
        "fX"      : 11.0,
        "fY"      : -4.0,
        "fRotation" : 0.0,
        "strID"     : "b6ad57bc-0312-4fa2-8841-db7829cf8f97",
        "bForceLoad" : false
      },
      {
        "strName" : "ItmFloorMSSLFWhite01",
        "fX"      : 11.0,
        "fY"      : -3.0,
        "fRotation" : 0.0,
        "strID"     : "66a98e65-25e6-4c09-b44f-0c6e0110a939",
        "bForceLoad" : false
      },
      {
        "strName" : "ItmFloorMSSLFWhite01",
        "fX"      : 11.0,
        "fY"      : -2.0,
        "fRotation" : 0.0,
        "strID"     : "7d172704-d86e-4957-aff7-22f652eaefcd",
        "bForceLoad" : false
      },
      {
        "strName" : "ItmFloorMSSLFWhite01",
        "fX"      : 11.0,
        "fY"      : -1.0,
        "fRotation" : 0.0,
        "strID"     : "9337b1c8-a854-4240-884e-e3842530b59b",
        "bForceLoad" : false
      },
      {
        "strName" : "ItmFloorMSSLFWhite01",
        "fX"      : 10.0,
        "fY"      : -1.0,
        "fRotation" : 0.0,
        "strID"     : "3d5fad66-15cd-4933-9050-c5571198ebf0",
        "bForceLoad" : false
      },
      {
        "strName" : "ItmFloorMSSLFWhite01",
        "fX"      : 9.0,
        "fY"      : -1.0,
        "fRotation" : 0.0,
        "strID"     : "9c688ffa-4e56-420c-831a-4247c9194e76",
        "bForceLoad" : false
      },
      {
        "strName" : "ItmFloorMSSLFWhite01",
        "fX"      : 8.0,
        "fY"      : -1.0,
        "fRotation" : 0.0,
        "strID"     : "93f80279-935d-4c7e-9061-1bc52d887e98",
        "bForceLoad" : false
      },
      {
        "strName" : "ItmFloorMSSLFWhite01",
        "fX"      : 8.0,
        "fY"      : 0.0,
        "fRotation" : 0.0,
        "strID"     : "6c9a2db0-d3ae-453a-a7b7-8dfe6425b652",
        "bForceLoad" : false
      },
      {
        "strName" : "ItmFloorMSSLFWhite01",
        "fX"      : 7.0,
        "fY"      : 0.0,
        "fRotation" : 0.0,
        "strID"     : "6a12d7c7-4f0a-41cd-84eb-fa2097120b95",
        "bForceLoad" : false
      },
      {
        "strName" : "ItmFloorMSSLFWhite01",
        "fX"      : 6.0,
        "fY"      : 0.0,
        "fRotation" : 0.0,
        "strID"     : "9d75fba1-b17e-4d1c-bc80-dd84d0cb302f",
        "bForceLoad" : false
      },
      {
        "strName" : "ItmFloorMSSLFWhite01",
        "fX"      : 5.0,
        "fY"      : 0.0,
        "fRotation" : 0.0,
        "strID"     : "6b2f18ad-6beb-4ee4-bc2c-119ef56e60b5",
        "bForceLoad" : false
      },
      {
        "strName" : "ItmFloorMSSLFWhite01",
        "fX"      : -5.0,
        "fY"      : -1.0,
        "fRotation" : 0.0,
        "strID"     : "4f31b545-4554-454e-ac81-4e1c69684a7d",
        "bForceLoad" : false
      },
      {
        "strName" : "ItmFloorMSSLFWhite01",
        "fX"      : -6.0,
        "fY"      : -1.0,
        "fRotation" : 0.0,
        "strID"     : "2d990259-d655-4d27-9683-649e21b7f002",
        "bForceLoad" : false
      },
      {
        "strName" : "ItmFloorMSSLFWhite01",
        "fX"      : -7.0,
        "fY"      : -1.0,
        "fRotation" : 0.0,
        "strID"     : "34b343a7-b1f9-4b02-9954-414a1f88b694",
        "bForceLoad" : false
      },
      {
        "strName" : "ItmFloorMSSLFWhite01",
        "fX"      : -7.0,
        "fY"      : -2.0,
        "fRotation" : 0.0,
        "strID"     : "50e129f6-4da1-4870-9b57-13b0c366e56d",
        "bForceLoad" : false
      },
      {
        "strName" : "ItmFloorMSSLFWhite01",
        "fX"      : -7.0,
        "fY"      : -3.0,
        "fRotation" : 0.0,
        "strID"     : "5b2e33d3-2576-4b3a-a0c8-84a9e0d4493b",
        "bForceLoad" : false
      },
      {
        "strName" : "ItmFloorMSSLFWhite01",
        "fX"      : -7.0,
        "fY"      : -4.0,
        "fRotation" : 0.0,
        "strID"     : "6e9a17f3-72b4-49ba-8a80-ef344e77b7d5",
        "bForceLoad" : false
      },
      {
        "strName" : "ItmFloorMSSLFWhite01",
        "fX"      : -6.0,
        "fY"      : -4.0,
        "fRotation" : 0.0,
        "strID"     : "e4259f29-bb31-45c6-9d3a-6edf3e729b4f",
        "bForceLoad" : false
      },
      {
        "strName" : "ItmFloorMSSLFWhite01",
        "fX"      : -5.0,
        "fY"      : -4.0,
        "fRotation" : 0.0,
        "strID"     : "8190a763-eba4-443d-b342-26e08241d0af",
        "bForceLoad" : false
      },
      {
        "strName" : "ItmFloorMSSLFWhite01",
        "fX"      : -5.0,
        "fY"      : -3.0,
        "fRotation" : 0.0,
        "strID"     : "a177151e-f21d-432c-881f-d2b8fe42bdac",
        "bForceLoad" : false
      },
      {
        "strName" : "ItmFloorMSSLFWhite01",
        "fX"      : -5.0,
        "fY"      : -2.0,
        "fRotation" : 0.0,
        "strID"     : "2688d0cc-56fd-42d7-a0a5-ed82d9c57636",
        "bForceLoad" : false
      },
      {
        "strName" : "ItmFloorMSSLFWhite01",
        "fX"      : -6.0,
        "fY"      : -2.0,
        "fRotation" : 0.0,
        "strID"     : "6618fb8c-e361-47c0-9a8a-ec398b8ba5df",
        "bForceLoad" : false
      },
      {
        "strName" : "ItmFloorMSSLFWhite01",
        "fX"      : -6.0,
        "fY"      : -3.0,
        "fRotation" : 0.0,
        "strID"     : "6c5ec89c-4a39-45aa-9566-9d87f9cf28d9",
        "bForceLoad" : false
      },
      {
        "strName" : "ItmFloorMSSLFWhite01",
        "fX"      : -8.0,
        "fY"      : -3.0,
        "fRotation" : 0.0,
        "strID"     : "8ea31805-e7b0-4afb-bb3d-038c2544311a",
        "bForceLoad" : false
      },
      {
        "strName" : "ItmFloorMSSLFWhite01",
        "fX"      : -9.0,
        "fY"      : -3.0,
        "fRotation" : 0.0,
        "strID"     : "74c0d898-c3db-4c5a-bc1b-e65a25dd44a8",
        "bForceLoad" : false
      },
      {
        "strName" : "ItmFloorMSSLFWhite01",
        "fX"      : -10.0,
        "fY"      : -3.0,
        "fRotation" : 0.0,
        "strID"     : "191e7452-81ae-4cf0-ac45-e022d3c957b3",
        "bForceLoad" : false
      },
      {
        "strName" : "ItmFloorMSSLFWhite01",
        "fX"      : -10.0,
        "fY"      : -2.0,
        "fRotation" : 0.0,
        "strID"     : "2fc89129-81af-4f1d-9325-1cd2f1d8b0b5",
        "bForceLoad" : false
      },
      {
        "strName" : "ItmFloorMSSLFWhite01",
        "fX"      : -9.0,
        "fY"      : -2.0,
        "fRotation" : 0.0,
        "strID"     : "5aa68875-0d6d-49a7-98ed-04f7d17f1bfc",
        "bForceLoad" : false
      },
      {
        "strName" : "ItmFloorMSSLFWhite01",
        "fX"      : -8.0,
        "fY"      : -2.0,
        "fRotation" : 0.0,
        "strID"     : "aa5d4a3b-5ec9-4a96-9ed0-57193c3c757d",
        "bForceLoad" : false
      },
      {
        "strName" : "ItmFloorMSSLFWhite01",
        "fX"      : 5.0,
        "fY"      : -4.0,
        "fRotation" : 0.0,
        "strID"     : "c7805531-28fe-4d5b-890e-19d2b4e3c436",
        "bForceLoad" : false
      },
      {
        "strName" : "ItmFloorMSSLFWhite01",
        "fX"      : 5.0,
        "fY"      : -3.0,
        "fRotation" : 0.0,
        "strID"     : "3b8be524-d0df-48b9-a041-d452dfaeec00",
        "bForceLoad" : false
      },
      {
        "strName" : "ItmFloorMSSLFWhite01",
        "fX"      : 5.0,
        "fY"      : -2.0,
        "fRotation" : 0.0,
        "strID"     : "fa5d854a-47c5-48b3-989e-bb72fac2707e",
        "bForceLoad" : false
      },
      {
        "strName" : "ItmFloorMSSLFWhite01",
        "fX"      : 5.0,
        "fY"      : -1.0,
        "fRotation" : 0.0,
        "strID"     : "cfe297de-4ed7-41cb-a564-68482beeb3e9",
        "bForceLoad" : false
      },
      {
        "strName" : "ItmFloorMSSLFWhite01",
        "fX"      : 6.0,
        "fY"      : -1.0,
        "fRotation" : 0.0,
        "strID"     : "4158e175-11d9-41ea-ab1c-7967cbcf3039",
        "bForceLoad" : false
      },
      {
        "strName" : "ItmFloorMSSLFWhite01",
        "fX"      : 7.0,
        "fY"      : -1.0,
        "fRotation" : 0.0,
        "strID"     : "6cc5fd73-411f-4a1c-bb5a-0c94ea6e7485",
        "bForceLoad" : false
      },
      {
        "strName" : "ItmFloorMSSLFWhite01",
        "fX"      : 7.0,
        "fY"      : -2.0,
        "fRotation" : 0.0,
        "strID"     : "65fd2836-4aec-46a4-abb5-53b8e2e21ca1",
        "bForceLoad" : false
      },
      {
        "strName" : "ItmFloorMSSLFWhite01",
        "fX"      : 7.0,
        "fY"      : -3.0,
        "fRotation" : 0.0,
        "strID"     : "6af495ae-dc92-476d-a56e-0464aada00dd",
        "bForceLoad" : false
      },
      {
        "strName" : "ItmFloorMSSLFWhite01",
        "fX"      : 7.0,
        "fY"      : -4.0,
        "fRotation" : 0.0,
        "strID"     : "6f943a27-272c-463b-a36d-d46a9c2df261",
        "bForceLoad" : false
      },
      {
        "strName" : "ItmFloorMSSLFWhite01",
        "fX"      : 6.0,
        "fY"      : -4.0,
        "fRotation" : 0.0,
        "strID"     : "f43556c5-32b0-4158-9d7c-1daf0fd2eae3",
        "bForceLoad" : false
      },
      {
        "strName" : "ItmFloorMSSLFWhite01",
        "fX"      : 6.0,
        "fY"      : -3.0,
        "fRotation" : 0.0,
        "strID"     : "fd54c85e-abd3-4963-9ad8-fcc1bfa6ec5f",
        "bForceLoad" : false
      },
      {
        "strName" : "ItmFloorMSSLFWhite01",
        "fX"      : 6.0,
        "fY"      : -2.0,
        "fRotation" : 0.0,
        "strID"     : "fa21c446-d757-499d-81e8-770f2e5abd1b",
        "bForceLoad" : false
      },
      {
        "strName" : "ItmFloorMSSLFWhite01",
        "fX"      : 8.0,
        "fY"      : -2.0,
        "fRotation" : 0.0,
        "strID"     : "168ef028-3005-47e0-85ea-972b6fe05c81",
        "bForceLoad" : false
      },
      {
        "strName" : "ItmFloorMSSLFWhite01",
        "fX"      : 9.0,
        "fY"      : -2.0,
        "fRotation" : 0.0,
        "strID"     : "d694edf1-0147-4e39-9b1c-422786122203",
        "bForceLoad" : false
      },
      {
        "strName" : "ItmFloorMSSLFWhite01",
        "fX"      : 10.0,
        "fY"      : -2.0,
        "fRotation" : 0.0,
        "strID"     : "9784c8d3-94d9-4093-bdc2-b0f5d1a67bba",
        "bForceLoad" : false
      },
      {
        "strName" : "ItmFloorMSSLFWhite01",
        "fX"      : 10.0,
        "fY"      : -3.0,
        "fRotation" : 0.0,
        "strID"     : "561d26a4-878a-4f9d-ade8-34f61c0e1ba9",
        "bForceLoad" : false
      },
      {
        "strName" : "ItmFloorMSSLFWhite01",
        "fX"      : 9.0,
        "fY"      : -3.0,
        "fRotation" : 0.0,
        "strID"     : "c134ffe0-ffbe-40be-a762-d6502ae0c382",
        "bForceLoad" : false
      },
      {
        "strName" : "ItmFloorMSSLFWhite01",
        "fX"      : 8.0,
        "fY"      : -3.0,
        "fRotation" : 0.0,
        "strID"     : "a71fef43-538e-4aa6-8037-946739e94f65",
        "bForceLoad" : false
      },
      {
        "strName" : "ItmRCSCluster01",
        "fX"      : -5.0,
        "fY"      : 0.0,
        "fRotation" : 0.0,
        "strID"     : "b46b361a-e187-4b41-871b-c482ffcf3935",
        "bForceLoad" : false
      },
      {
        "strName" : "ItmRCSCluster01",
        "fX"      : -6.0,
        "fY"      : 0.0,
        "fRotation" : 0.0,
        "strID"     : "fc875268-5457-470b-820f-d6c5577218e1",
        "bForceLoad" : false
      },
      {
        "strName" : "ItmRCSCluster01",
        "fX"      : -7.0,
        "fY"      : 0.0,
        "fRotation" : 0.0,
        "strID"     : "734f3ead-1e6a-4461-a4e5-430e5956135f",
        "bForceLoad" : false
      },
      {
        "strName" : "ItmRCSCluster01",
        "fX"      : -11.0,
        "fY"      : -2.0,
        "fRotation" : 90.0,
        "strID"     : "671a6c59-d156-438e-8986-cf0ec89d133a",
        "bForceLoad" : false
      },
      {
        "strName" : "ItmRCSCluster01",
        "fX"      : -11.0,
        "fY"      : -3.0,
        "fRotation" : 90.0,
        "strID"     : "b205d4df-4de9-4f26-abf7-5392d298266e",
        "bForceLoad" : false
      },
      {
        "strName" : "ItmRCSCluster01",
        "fX"      : -7.0,
        "fY"      : -5.0,
        "fRotation" : 180.0,
        "strID"     : "be64b558-c8e3-4238-98a9-7cc75c2daad0",
        "bForceLoad" : false
      },
      {
        "strName" : "ItmRCSCluster01",
        "fX"      : -6.0,
        "fY"      : -5.0,
        "fRotation" : 180.0,
        "strID"     : "f5d1144e-f1f0-48c4-b600-6e858701750e",
        "bForceLoad" : false
      },
      {
        "strName" : "ItmRCSCluster01",
        "fX"      : 6.0,
        "fY"      : -5.0,
        "fRotation" : 180.0,
        "strID"     : "77c1679c-b4be-4f17-a035-bab8840a7a25",
        "bForceLoad" : false
      },
      {
        "strName" : "ItmRCSCluster01",
        "fX"      : 11.0,
        "fY"      : -3.0,
        "fRotation" : 270.0,
        "strID"     : "3f655409-edfe-4e4b-a573-9b7cdb066ad1",
        "bForceLoad" : false
      },
      {
        "strName" : "ItmRCSCluster01",
        "fX"      : 11.0,
        "fY"      : -2.0,
        "fRotation" : 270.0,
        "strID"     : "a53d308c-b0a9-4e7a-9cff-1aa845d4bbba",
        "bForceLoad" : false
      },
      {
        "strName" : "ItmRCSCluster01",
        "fX"      : 7.0,
        "fY"      : 0.0,
        "fRotation" : 0.0,
        "strID"     : "367790a3-c96a-429f-9bf4-5ed8ef58434e",
        "bForceLoad" : false
      },
      {
        "strName" : "ItmRCSCluster01",
        "fX"      : 6.0,
        "fY"      : 0.0,
        "fRotation" : 0.0,
        "strID"     : "132effc8-8ebe-42a7-8bcd-97c44253567f",
        "bForceLoad" : false
      },
      {
        "strName" : "ItmRCSCluster01",
        "fX"      : 5.0,
        "fY"      : 0.0,
        "fRotation" : 0.0,
        "strID"     : "177d0339-1dd7-49cc-a2c0-ffac9deae870",
        "bForceLoad" : false
      },
      {
        "strName" : "ItmConduit01",
        "fX"      : 3.0,
        "fY"      : 0.0,
        "fRotation" : 0.0,
        "strID"     : "313ae88b-dc0f-4367-a2a8-05b27727f10d",
        "bForceLoad" : false
      },
      {
        "strName" : "ItmConduit01",
        "fX"      : 4.0,
        "fY"      : 0.0,
        "fRotation" : 0.0,
        "strID"     : "eeda7b54-2b53-4f12-87f7-b9f39a403bf1",
        "bForceLoad" : false
      },
      {
        "strName" : "ItmConduit01",
        "fX"      : 5.0,
        "fY"      : 0.0,
        "fRotation" : 0.0,
        "strID"     : "97e8f343-c809-4fa5-9769-16a7fd0f4935",
        "bForceLoad" : false
      },
      {
        "strName" : "ItmConduit01",
        "fX"      : 6.0,
        "fY"      : 0.0,
        "fRotation" : 0.0,
        "strID"     : "558780d5-9128-455f-97b7-baa666dd5af7",
        "bForceLoad" : false
      },
      {
        "strName" : "ItmConduit01",
        "fX"      : 7.0,
        "fY"      : 0.0,
        "fRotation" : 0.0,
        "strID"     : "f468e482-f821-4939-b141-10a711b68a24",
        "bForceLoad" : false
      },
      {
        "strName" : "ItmConduit01",
        "fX"      : 8.0,
        "fY"      : 0.0,
        "fRotation" : 0.0,
        "strID"     : "51fb3ff8-0646-431f-8e38-30f152bfd046",
        "bForceLoad" : false
      },
      {
        "strName" : "ItmConduit01",
        "fX"      : 8.0,
        "fY"      : -1.0,
        "fRotation" : 0.0,
        "strID"     : "be3f6fe6-42b8-4d34-8216-2de406c931a2",
        "bForceLoad" : false
      },
      {
        "strName" : "ItmConduit01",
        "fX"      : 9.0,
        "fY"      : -1.0,
        "fRotation" : 0.0,
        "strID"     : "c9dea112-38a4-4291-a80c-69a9399a96b0",
        "bForceLoad" : false
      },
      {
        "strName" : "ItmConduit01",
        "fX"      : 10.0,
        "fY"      : -1.0,
        "fRotation" : 0.0,
        "strID"     : "9937eca9-a489-45ee-b9b2-44ecada8c30d",
        "bForceLoad" : false
      },
      {
        "strName" : "ItmConduit01",
        "fX"      : 11.0,
        "fY"      : -1.0,
        "fRotation" : 0.0,
        "strID"     : "3d3a4128-94f1-4897-b85f-ab9839b7cf07",
        "bForceLoad" : false
      },
      {
        "strName" : "ItmConduit01",
        "fX"      : 11.0,
        "fY"      : -2.0,
        "fRotation" : 0.0,
        "strID"     : "0527dd62-1d8a-4a03-91b5-8b57d9b77154",
        "bForceLoad" : false
      },
      {
        "strName" : "ItmConduit01",
        "fX"      : 11.0,
        "fY"      : -3.0,
        "fRotation" : 0.0,
        "strID"     : "6e8d36d3-660e-4aaf-9e46-e8e24f31dc4c",
        "bForceLoad" : false
      },
      {
        "strName" : "ItmConduit01",
        "fX"      : 11.0,
        "fY"      : -4.0,
        "fRotation" : 0.0,
        "strID"     : "a6d16616-f3d0-494c-919b-d0074f772430",
        "bForceLoad" : false
      },
      {
        "strName" : "ItmConduit01",
        "fX"      : 10.0,
        "fY"      : -4.0,
        "fRotation" : 0.0,
        "strID"     : "cdad3026-ce4a-48b8-90a4-4a1154ff66d7",
        "bForceLoad" : false
      },
      {
        "strName" : "ItmConduit01",
        "fX"      : 9.0,
        "fY"      : -4.0,
        "fRotation" : 0.0,
        "strID"     : "6d300748-81e2-41c5-b36e-4a825c11bf3d",
        "bForceLoad" : false
      },
      {
        "strName" : "ItmConduit01",
        "fX"      : 8.0,
        "fY"      : -4.0,
        "fRotation" : 0.0,
        "strID"     : "d702dd37-c701-49d1-84c8-850aae80c4fa",
        "bForceLoad" : false
      },
      {
        "strName" : "ItmConduit01",
        "fX"      : 8.0,
        "fY"      : -5.0,
        "fRotation" : 0.0,
        "strID"     : "99dec7a3-5e22-4853-9765-342e02d9b123",
        "bForceLoad" : false
      },
      {
        "strName" : "ItmConduit01",
        "fX"      : 7.0,
        "fY"      : -5.0,
        "fRotation" : 0.0,
        "strID"     : "597af5f2-c901-4ff4-9fbe-4b90a3d0c0c1",
        "bForceLoad" : false
      },
      {
        "strName" : "ItmConduit01",
        "fX"      : 6.0,
        "fY"      : -5.0,
        "fRotation" : 0.0,
        "strID"     : "94e4e131-6e3e-437f-8138-ca776741fee3",
        "bForceLoad" : false
      },
      {
        "strName" : "ItmConduit01",
        "fX"      : -3.0,
        "fY"      : 0.0,
        "fRotation" : 0.0,
        "strID"     : "285bca3a-3d45-4c85-83f5-7e7ddf49a762",
        "bForceLoad" : false
      },
      {
        "strName" : "ItmConduit01",
        "fX"      : -4.0,
        "fY"      : 0.0,
        "fRotation" : 0.0,
        "strID"     : "d0f5edcd-b3dc-4e42-babd-1e769a4373fc",
        "bForceLoad" : false
      },
      {
        "strName" : "ItmConduit01",
        "fX"      : -5.0,
        "fY"      : 0.0,
        "fRotation" : 0.0,
        "strID"     : "8a1efd96-6b9c-4077-9094-ede79f44ed9e",
        "bForceLoad" : false
      },
      {
        "strName" : "ItmConduit01",
        "fX"      : -6.0,
        "fY"      : 0.0,
        "fRotation" : 0.0,
        "strID"     : "dd13cb83-7776-4cae-b7c2-38a883619bea",
        "bForceLoad" : false
      },
      {
        "strName" : "ItmConduit01",
        "fX"      : -7.0,
        "fY"      : 0.0,
        "fRotation" : 0.0,
        "strID"     : "e266488c-fd24-4356-b105-3c11a89cc3c2",
        "bForceLoad" : false
      },
      {
        "strName" : "ItmConduit01",
        "fX"      : -8.0,
        "fY"      : 0.0,
        "fRotation" : 0.0,
        "strID"     : "50eb0cf9-0859-4be0-8f46-4041aefcfbd6",
        "bForceLoad" : false
      },
      {
        "strName" : "ItmConduit01",
        "fX"      : -8.0,
        "fY"      : -1.0,
        "fRotation" : 0.0,
        "strID"     : "9d604c15-2daf-4d0c-8e3f-f554e532f0c3",
        "bForceLoad" : false
      },
      {
        "strName" : "ItmConduit01",
        "fX"      : -9.0,
        "fY"      : -1.0,
        "fRotation" : 0.0,
        "strID"     : "cce6ddff-4587-4fc1-9178-785da938e89f",
        "bForceLoad" : false
      },
      {
        "strName" : "ItmConduit01",
        "fX"      : -10.0,
        "fY"      : -1.0,
        "fRotation" : 0.0,
        "strID"     : "1f9fee58-85df-4637-a66f-0b74442c8672",
        "bForceLoad" : false
      },
      {
        "strName" : "ItmConduit01",
        "fX"      : -11.0,
        "fY"      : -1.0,
        "fRotation" : 0.0,
        "strID"     : "90528c3c-eaff-45f1-8fe5-96f9c4667e90",
        "bForceLoad" : false
      },
      {
        "strName" : "ItmConduit01",
        "fX"      : -11.0,
        "fY"      : -2.0,
        "fRotation" : 0.0,
        "strID"     : "e7e68a1b-1c7e-4d63-987b-ed99de2f60a2",
        "bForceLoad" : false
      },
      {
        "strName" : "ItmConduit01",
        "fX"      : -11.0,
        "fY"      : -3.0,
        "fRotation" : 0.0,
        "strID"     : "dedca807-617a-4bc9-be0d-dd986b673e5d",
        "bForceLoad" : false
      },
      {
        "strName" : "ItmConduit01",
        "fX"      : -11.0,
        "fY"      : -4.0,
        "fRotation" : 0.0,
        "strID"     : "2fe83cde-b113-44c7-9390-e9e53418fca3",
        "bForceLoad" : false
      },
      {
        "strName" : "ItmConduit01",
        "fX"      : -10.0,
        "fY"      : -4.0,
        "fRotation" : 0.0,
        "strID"     : "e983d38a-c89e-4764-9bb5-f7ed80f43351",
        "bForceLoad" : false
      },
      {
        "strName" : "ItmConduit01",
        "fX"      : -9.0,
        "fY"      : -4.0,
        "fRotation" : 0.0,
        "strID"     : "dde1431d-0818-405b-8acc-cca3f466aab4",
        "bForceLoad" : false
      },
      {
        "strName" : "ItmConduit01",
        "fX"      : -8.0,
        "fY"      : -4.0,
        "fRotation" : 0.0,
        "strID"     : "78017c23-c426-41d3-a40d-3cc2eac4d4c5",
        "bForceLoad" : false
      },
      {
        "strName" : "ItmConduit01",
        "fX"      : -8.0,
        "fY"      : -5.0,
        "fRotation" : 0.0,
        "strID"     : "76f39822-4982-469d-a8e2-302e09f8d324",
        "bForceLoad" : false
      },
      {
        "strName" : "ItmConduit01",
        "fX"      : -7.0,
        "fY"      : -5.0,
        "fRotation" : 0.0,
        "strID"     : "d92c5df9-82a7-4fbd-a364-1f3b58fec2c0",
        "bForceLoad" : false
      },
      {
        "strName" : "ItmConduit01",
        "fX"      : -6.0,
        "fY"      : -5.0,
        "fRotation" : 0.0,
        "strID"     : "93f74766-a08f-460d-8026-02967ea8eae3",
        "bForceLoad" : false
      },
      {
        "strName" : "ItmLitWall1x0",
        "fX"      : -3.0,
        "fY"      : -1.0,
        "fRotation" : 0.0,
        "strID"     : "2b1ae462-85d0-41ee-b8b8-d295350cf314",
        "bForceLoad" : false
      },
      {
        "strName" : "ItmLitWall1x0",
        "fX"      : 3.0,
        "fY"      : -1.0,
        "fRotation" : 0.0,
        "strID"     : "139d0f74-d370-4f10-a4b6-29704368e87d",
        "bForceLoad" : false
      },
      {
        "strName" : "ItmLitWall1x0",
        "fX"      : -8.0,
        "fY"      : -3.0,
        "fRotation" : 180.0,
        "strID"     : "5afcf4d1-c9f8-4990-bb39-e4b758a7c81d",
        "bForceLoad" : false
      },
      {
        "strName" : "ItmLitWall1x0",
        "fX"      : 8.0,
        "fY"      : -3.0,
        "fRotation" : 180.0,
        "strID"     : "0644f473-8abd-42d3-a5df-63df26df1b65",
        "bForceLoad" : false
      },
      {
        "strName" : "SysLootSpawner",
        "fX"      : 6.0,
        "fY"      : -3.0,
        "fRotation" : 0.0,
        "strID"     : "6eda3ae7-de60-4399-9a2b-1be02a1097e5",
        "bForceLoad" : false,
        "aGPMSettings" : [
          {
            "strName" : "Panel A",
            "dictGUIPropMap" : [
              "strGUIPrefab",
              "GUILootSpawn",
              "strFriendlyName",
              "Loot Spawner",
              "strGUIPrefabRight",
              null,
              "strGUIPrefabLeft",
              null,
              "strGUIPrefabUp",
              null,
              "strGUIPrefabDown",
              null,
              "strType",
              "Loot",
              "strLoot",
              "ItmDerelictSpareFloorMSSLFWhite",
              "strRange",
              "1",
              "strCount",
              "1",
              "strDerelict",
              "True"
            ]
          }
        ]
      },
      {
        "strName" : "SysLootSpawner",
        "fX"      : 4.0,
        "fY"      : -2.0,
        "fRotation" : 0.0,
        "strID"     : "44c0419a-825b-48c3-a2bb-075177359922",
        "bForceLoad" : false,
        "aGPMSettings" : [
          {
            "strName" : "Panel A",
            "dictGUIPropMap" : [
              "strGUIPrefab",
              "GUILootSpawn",
              "strFriendlyName",
              "Loot Spawner",
              "strGUIPrefabRight",
              null,
              "strGUIPrefabLeft",
              null,
              "strGUIPrefabUp",
              null,
              "strGUIPrefabDown",
              null,
              "strType",
              "Loot",
              "strLoot",
              "ItmDerelictSpareWallMSSLFWhite",
              "strRange",
              "1",
              "strCount",
              "1",
              "strDerelict",
              "True"
            ]
          }
        ]
      },
      {
        "strName" : "Compartment",
        "fX"      : -12.0,
        "fY"      : 2.0,
        "fRotation" : 0.0,
        "strID"     : "32ed10dd-734f-4797-bc7b-2dca2efc4e3c",
        "bForceLoad" : false
      },
      {
        "strName" : "Compartment",
        "fX"      : 4.0,
        "fY"      : 2.0,
        "fRotation" : 0.0,
        "strID"     : "c7befa2f-73d1-4007-b673-f671e9a0ae44",
        "bForceLoad" : false
      },
      {
        "strName" : "Compartment",
        "fX"      : -2.0,
        "fY"      : 1.0,
        "fRotation" : 0.0,
        "strID"     : "5a872f78-9094-4003-af3f-2940e48ed459",
        "bForceLoad" : false
      }
    ],
    "aShallowPSpecs"   : [
      {
        "strName" : "SysLootSpawner",
        "fX"      : 0.0,
        "fY"      : -4.0,
        "fRotation" : 0.0,
        "strID"     : "c6f16a4d-acd8-4b3e-8292-f33939f56546",
        "bForceLoad" : false,
        "aGPMSettings" : [
          {
            "strName" : "Panel A",
            "dictGUIPropMap" : [
              "strGUIPrefab",
              "GUILootSpawn",
              "strFriendlyName",
              "Loot Spawner",
              "strGUIPrefabRight",
              null,
              "strGUIPrefabLeft",
              null,
              "strGUIPrefabUp",
              null,
              "strGUIPrefabDown",
              null,
              "strType",
              "Pspec",
              "strLoot",
              "NotBoarding",
              "strRange",
              "1",
              "strCount",
              "0",
              "strNew",
              "True",
              "strDamaged",
              "True",
              "strDerelict",
              "True"
            ]
          }
        ]
      },
      {
        "strName" : "SysLootSpawner",
        "fX"      : 0.0,
        "fY"      : -6.0,
        "fRotation" : 0.0,
        "strID"     : "95701376-3940-43f9-bc54-589d00c805df",
        "bForceLoad" : false,
        "aGPMSettings" : [
          {
            "strName" : "Panel A",
            "dictGUIPropMap" : [
              "strGUIPrefab",
              "GUILootSpawn",
              "strFriendlyName",
              "Loot Spawner",
              "strGUIPrefabRight",
              null,
              "strGUIPrefabLeft",
              null,
              "strGUIPrefabUp",
              null,
              "strGUIPrefabDown",
              null,
              "strType",
              "Pspec",
              "strLoot",
              "Boarding",
              "strRange",
              "0",
              "strCount",
              "0",
              "strNew",
              "True",
              "strDamaged",
              "True",
              "strDerelict",
              "True"
            ]
          }
        ]
      }
    ],
    "vShipPos"         : {
      "x" : 0.0,
      "y" : -4.0
    },
    "objSS"            : {
      "boPORShip" : "1036 Ganymed",
      "vPosx"     : 0.973884043184554,
      "vPosy"     : -1.56527042991716,
      "vBOOffsetx" : 1.78051566157578E-06,
      "vBOOffsety" : 5.23426682219608E-07,
      "vVelX"      : 1.6719351825234E-07,
      "vVelY"      : 1.35867452843996E-08,
      "vAccIn"     : {
        "x" : 0.0,
        "y" : 0.0
      },
      "vAccRCS"    : {
        "x" : 0.0,
        "y" : 0.0
      },
      "vAccEx"     : {
        "x" : 0.0,
        "y" : 0.0
      },
      "fRot"       : 0.06301618,
      "fW"         : 0.0,
      "fA"         : 0.0,
      "bBOLocked"  : true,
      "bIsBO"      : false,
      "bIsRegion"  : false,
      "bIsNoFees"  : false
    },
    "aRooms"           : [
      {
        "strID" : "32ed10dd-734f-4797-bc7b-2dca2efc4e3c",
        "bVoid" : true,
        "aTiles" : [
          0,
          1,
          25,
          2,
          26,
          50,
          3,
          27,
          51,
          75,
          4,
          28,
          52,
          100,
          5,
          29,
          53,
          125,
          6,
          30,
          150,
          7,
          31,
          175,
          8,
          32,
          176,
          200,
          33,
          177,
          201,
          225,
          178,
          202,
          226,
          203,
          227,
          204,
          228,
          205,
          229,
          206,
          230,
          207,
          231,
          232,
          233,
          234
        ]
      },
      {
        "strID" : "c7befa2f-73d1-4007-b673-f671e9a0ae44",
        "bVoid" : true,
        "aTiles" : [
          16,
          17,
          41,
          18,
          42,
          19,
          43,
          20,
          44,
          21,
          45,
          22,
          46,
          23,
          47,
          71,
          24,
          48,
          72,
          49,
          73,
          74,
          99,
          124,
          149,
          174,
          199,
          198,
          224,
          197,
          223,
          249,
          196,
          222,
          248,
          221,
          247,
          220,
          246,
          219,
          245,
          218,
          244,
          217,
          243,
          242,
          241,
          240
        ]
      },
      {
        "strID" : "5a872f78-9094-4003-af3f-2940e48ed459",
        "bVoid" : false,
        "aTiles" : [
          35,
          36,
          60,
          37,
          61,
          85,
          38,
          62,
          86,
          84,
          110,
          39,
          63,
          87,
          111,
          83,
          109,
          135,
          64,
          88,
          112,
          136,
          82,
          108,
          134,
          160,
          89,
          113,
          137,
          161,
          81,
          107,
          133,
          159,
          185,
          90,
          114,
          138,
          162,
          186,
          80,
          106,
          132,
          158,
          184,
          91,
          115,
          139,
          163,
          187,
          211,
          105,
          131,
          157,
          92,
          116,
          140,
          164,
          188,
          212,
          104,
          130,
          156,
          93,
          117,
          141,
          165,
          189,
          213,
          237,
          103,
          129,
          155,
          94,
          118,
          142,
          166,
          190,
          102,
          128,
          119,
          143,
          167,
          127,
          120,
          144,
          168,
          121,
          145,
          169,
          122,
          146,
          147
        ]
      }
    ],
    "DMGStatus"        : 2,
    "fLastVisit"       : 0.0,
    "fAIDockingTimer"  : 0.0,
    "fAIPauseTimer"    : 0.0,
    "bPrefill"         : true,
    "bNoCollisions"    : false,
    "dLastScanTime"    : 65627622005.8581,
    "bLocalAuthority"  : false,
    "bAIShip"          : false,
    "make"             : "Custom",
    "model"            : "Coffin",
    "year"             : "2063",
    "origin"           : "Tharsis Landing",
    "designation"      : "n/a",
    "publicName"       : "Soul One",
    "dimensions"       : "0.32m x 0.96m",
    "fShallowMass"     : 3541.5,
    "fShallowRCSRemass" : 1498.4927928,
    "fShallowRCSRemassMax" : 1498.72938943051,
    "fShallowFusionRemain" : 0.0,
    "fBreakInMultiplier"   : 0.4136941,
    "nRCSCount"            : 13,
    "nRCSDistroCount"      : 1,
    "nDockCount"           : 1,
    "bFusionTorch"         : false
  }
]