
[
  {
    "strName" : "TankerPod N2",
    "strRegID" : "H-27D",
    "nCurrentWaypoint" : -1,
    "fTimeEngaged"     : 162854.1,
    "aCOs"             : [
      {
        "strID" : "6f73529b-886b-4b37-8392-db5d20deaafe",
        "strCODef" : "SysLootSpawner",
        "bAlive"   : true,
        "aConds"   : [
          "IsNonHighlightable=1.0x1",
          "IsHiddenInv=1.0x1",
          "IsLootSpawner=1.0x1",
          "IsSystem=1.0x1"
        ],
        "strCondID" : "SysLootSpawner6f73529b-886b-4b37-8392-db5d20deaafe",
        "inventoryX" : 0,
        "inventoryY" : 0,
        "fDGasTemp"  : 0.0,
        "fLastICOUpdate" : 65627498854.0278,
        "nDestTile"      : 0,
        "strIdleAnim"    : "Idle",
        "aMyShips"       : [
          "H-27D"
        ],
        "strIMGPreview"  : "IcoLoot",
        "strFriendlyName" : "SysLootSpawner",
        "strRegIDLast"    : "H-27D"
      },
      {
        "strID" : "e13d0024-bf38-4ccb-8be8-e22597872820",
        "strCODef" : "SysLootSpawner",
        "bAlive"   : true,
        "aConds"   : [
          "IsNonHighlightable=1.0x1",
          "IsHiddenInv=1.0x1",
          "IsLootSpawner=1.0x1",
          "IsSystem=1.0x1"
        ],
        "strCondID" : "SysLootSpawnere13d0024-bf38-4ccb-8be8-e22597872820",
        "inventoryX" : 0,
        "inventoryY" : 0,
        "fDGasTemp"  : 0.0,
        "fLastICOUpdate" : 65627498854.0278,
        "nDestTile"      : 0,
        "strIdleAnim"    : "Idle",
        "aMyShips"       : [
          "H-27D"
        ],
        "strIMGPreview"  : "IcoLoot",
        "strFriendlyName" : "SysLootSpawner",
        "strRegIDLast"    : "H-27D"
      }
    ],
    "aItems"           : [
      {
        "strName" : "ItmFloorRYOF01",
        "fX"      : -7.0,
        "fY"      : 7.0,
        "fRotation" : 0.0,
        "strID"     : "a75a170d-6af0-41ce-b824-c93e937c9516",
        "bForceLoad" : false
      },
      {
        "strName" : "ItmFloorRYOF01",
        "fX"      : -6.0,
        "fY"      : 7.0,
        "fRotation" : 0.0,
        "strID"     : "e9a1e8e6-fa70-437b-9498-e30d27590e64",
        "bForceLoad" : false
      },
      {
        "strName" : "ItmFloorRYOF01",
        "fX"      : -5.0,
        "fY"      : 7.0,
        "fRotation" : 0.0,
        "strID"     : "adbd60db-93b0-4c57-8d8a-08cb122a956f",
        "bForceLoad" : false
      },
      {
        "strName" : "ItmAirPump01Off",
        "fX"      : -4.0,
        "fY"      : 7.0,
        "fRotation" : 0.0,
        "strID"     : "37c32b41-34c2-468b-ba78-ab0ee88f1414",
        "bForceLoad" : false,
        "aGPMSettings" : [
          {
            "strName" : "Panel A",
            "dictGUIPropMap" : [
              "strGUIPrefab",
              "GUIAirPump",
              "strFriendlyName",
              "Air Pump",
              "strGUIPrefabRight",
              null,
              "strGUIPrefabLeft",
              null,
              "strGUIPrefabUp",
              null,
              "strGUIPrefabDown",
              null,
              "strTitle",
              "Unscrew for Pressure Sensor Input Signal",
              "strValidCOTrigger01",
              "TIsAlarm2",
              "strCondMonitor01",
              "IsReadyPumpAir",
              "strInput01",
              "37c32b41-34c2-468b-ba78-ab0ee88f1414",
              "nKnobBus",
              "0",
              "bTurbo",
              "false",
              "bReverse",
              "false"
            ]
          }
        ]
      },
      {
        "strName" : "ItmFloorRYOF01",
        "fX"      : -6.0,
        "fY"      : 5.0,
        "fRotation" : 0.0,
        "strID"     : "d28a7ff4-ccbb-4f58-b3e4-0d14e73cd835",
        "bForceLoad" : false
      },
      {
        "strName" : "ItmFloorRYOF01",
        "fX"      : -5.0,
        "fY"      : 5.0,
        "fRotation" : 0.0,
        "strID"     : "9427e15a-865e-4822-87ee-dd5bce6970ce",
        "bForceLoad" : false
      },
      {
        "strName" : "ItmFloorRYOF01",
        "fX"      : -7.0,
        "fY"      : 5.0,
        "fRotation" : 0.0,
        "strID"     : "ab7ff9c8-0e38-46a4-a9bb-9ef1130e878c",
        "bForceLoad" : false
      },
      {
        "strName" : "ItmDockSys02Closed",
        "fX"      : -6.0,
        "fY"      : 3.5,
        "fRotation" : 180.0,
        "strID"     : "04ca04e8-95c5-4a1e-97a2-1995f0137b9a",
        "bForceLoad" : false
      },
      {
        "strName" : "ItmFloorRYOF01",
        "fX"      : -8.0,
        "fY"      : 7.0,
        "fRotation" : 0.0,
        "strID"     : "5d02469c-ed98-47c4-b5aa-b1f632a739f3",
        "bForceLoad" : false
      },
      {
        "strName" : "ItmFloorRYOF01",
        "fX"      : -4.0,
        "fY"      : 7.0,
        "fRotation" : 0.0,
        "strID"     : "671fe6fd-70b7-4b53-9228-1b8fddacd5e9",
        "bForceLoad" : false
      },
      {
        "strName" : "ItmFloorRYOF01",
        "fX"      : -9.0,
        "fY"      : 7.0,
        "fRotation" : 0.0,
        "strID"     : "aaa2ea4e-59e1-4a6a-96f8-045b1d95a960",
        "bForceLoad" : false
      },
      {
        "strName" : "ItmFloorRYOF01",
        "fX"      : -9.0,
        "fY"      : 8.0,
        "fRotation" : 0.0,
        "strID"     : "e0211d53-d740-40ca-be07-c1159cdc8e4a",
        "bForceLoad" : false
      },
      {
        "strName" : "ItmFloorRYOF01",
        "fX"      : -4.0,
        "fY"      : 5.0,
        "fRotation" : 0.0,
        "strID"     : "7ed11841-fa26-4087-ba36-70101e9a3ed0",
        "bForceLoad" : false
      },
      {
        "strName" : "ItmFloorRYOF01",
        "fX"      : -8.0,
        "fY"      : 5.0,
        "fRotation" : 0.0,
        "strID"     : "b421f38b-5755-416e-851f-b25c4518c7c3",
        "bForceLoad" : false
      },
      {
        "strName" : "ItmFloorRYOF01",
        "fX"      : -3.0,
        "fY"      : 7.0,
        "fRotation" : 0.0,
        "strID"     : "27e8edc1-e72d-475b-a83f-edf7e65af998",
        "bForceLoad" : false
      },
      {
        "strName" : "ItmFloorRYOF01",
        "fX"      : -3.0,
        "fY"      : 8.0,
        "fRotation" : 0.0,
        "strID"     : "0e3b2d3f-0bce-4699-b23a-ea96d3bad892",
        "bForceLoad" : false
      },
      {
        "strName" : "ItmFloorRYOF04",
        "fX"      : -9.0,
        "fY"      : 9.0,
        "fRotation" : 90.0,
        "strID"     : "b3051586-f0d9-484a-9355-4599a665dc24",
        "bForceLoad" : false
      },
      {
        "strName" : "ItmFloorRYOF04",
        "fX"      : -8.0,
        "fY"      : 9.0,
        "fRotation" : 90.0,
        "strID"     : "834372b4-d15f-423b-a09b-a395b6e9a9ad",
        "bForceLoad" : false
      },
      {
        "strName" : "ItmFloorRYOF05",
        "fX"      : -8.0,
        "fY"      : 10.0,
        "fRotation" : 0.0,
        "strID"     : "ebf15950-19f4-48de-933c-69d66de8ba92",
        "bForceLoad" : false
      },
      {
        "strName" : "ItmFloorRYOF05",
        "fX"      : -9.0,
        "fY"      : 10.0,
        "fRotation" : 0.0,
        "strID"     : "62f9c2d7-b422-4fbb-8537-841e25bef20c",
        "bForceLoad" : false
      },
      {
        "strName" : "ItmWallRYOB01",
        "fX"      : -10.0,
        "fY"      : 7.0,
        "fRotation" : 0.0,
        "strID"     : "de84c9ad-a0a5-459b-8d44-01538ed21ad8",
        "bForceLoad" : false
      },
      {
        "strName" : "ItmFloorRYOF01",
        "fX"      : -2.0,
        "fY"      : 9.0,
        "fRotation" : 0.0,
        "strID"     : "3eeb3434-fef7-4c40-bb34-0435b41fd283",
        "bForceLoad" : false
      },
      {
        "strName" : "ItmFloorRYOF04",
        "fX"      : -2.0,
        "fY"      : 10.0,
        "fRotation" : 180.0,
        "strID"     : "35431549-7617-4f32-8dc8-bb86e9fb07a7",
        "bForceLoad" : false
      },
      {
        "strName" : "ItmFloorRYOF04",
        "fX"      : -2.0,
        "fY"      : 11.0,
        "fRotation" : 180.0,
        "strID"     : "c6db9d5f-dfba-4521-8bbd-638f17b938bd",
        "bForceLoad" : false
      },
      {
        "strName" : "ItmFloorRYOF04",
        "fX"      : -2.0,
        "fY"      : 12.0,
        "fRotation" : 180.0,
        "strID"     : "93fd7d26-0545-4004-986c-0e09bbac1984",
        "bForceLoad" : false
      },
      {
        "strName" : "ItmFloorRYOF01",
        "fX"      : -2.0,
        "fY"      : 13.0,
        "fRotation" : 0.0,
        "strID"     : "c2be7336-8b8b-47f2-aac5-3837af57a6ca",
        "bForceLoad" : false
      },
      {
        "strName" : "ItmFloorRYOF04",
        "fX"      : -2.0,
        "fY"      : 14.0,
        "fRotation" : 180.0,
        "strID"     : "b27e2de7-de63-4c53-ad68-621480eb7703",
        "bForceLoad" : false
      },
      {
        "strName" : "ItmFloorRYOF01",
        "fX"      : -2.0,
        "fY"      : 15.0,
        "fRotation" : 0.0,
        "strID"     : "6ec7ec69-d0b7-4c84-89a1-12f339702ef5",
        "bForceLoad" : false
      },
      {
        "strName" : "ItmFloorRYOF01",
        "fX"      : -2.0,
        "fY"      : 16.0,
        "fRotation" : 0.0,
        "strID"     : "b7fa3481-b4c9-430d-a083-de3acf1fe290",
        "bForceLoad" : false
      },
      {
        "strName" : "ItmFloorRYOF01",
        "fX"      : -3.0,
        "fY"      : 15.0,
        "fRotation" : 0.0,
        "strID"     : "48983745-1c85-413c-a0e8-7af4efd2af72",
        "bForceLoad" : false
      },
      {
        "strName" : "ItmFloorRYOF01",
        "fX"      : -3.0,
        "fY"      : 14.0,
        "fRotation" : 0.0,
        "strID"     : "8bc5e389-c362-4f57-a7bb-28889ae2ae60",
        "bForceLoad" : false
      },
      {
        "strName" : "ItmFloorRYOF04",
        "fX"      : -3.0,
        "fY"      : 13.0,
        "fRotation" : 270.0,
        "strID"     : "b76d7084-f7b5-4c86-9217-03ab5797e9d1",
        "bForceLoad" : false
      },
      {
        "strName" : "ItmFloorRYOF01",
        "fX"      : -8.0,
        "fY"      : 8.0,
        "fRotation" : 0.0,
        "strID"     : "a9730e8b-c5ad-49fc-ba62-699ac6b85fcd",
        "bForceLoad" : false
      },
      {
        "strName" : "ItmFloorRYOF04",
        "fX"      : -3.0,
        "fY"      : 9.0,
        "fRotation" : 90.0,
        "strID"     : "fc5df277-e8a4-40b2-82d4-34bb8e8e7887",
        "bForceLoad" : false
      },
      {
        "strName" : "ItmFloorRYOF04",
        "fX"      : -4.0,
        "fY"      : 9.0,
        "fRotation" : 90.0,
        "strID"     : "dd94edc8-cff0-4e26-874a-6e335252cfa1",
        "bForceLoad" : false
      },
      {
        "strName" : "ItmFloorRYOF05",
        "fX"      : -3.0,
        "fY"      : 12.0,
        "fRotation" : 0.0,
        "strID"     : "7ef87685-ff36-4a4c-80d4-051b1ad83e54",
        "bForceLoad" : false
      },
      {
        "strName" : "ItmFloorRYOF05",
        "fX"      : -3.0,
        "fY"      : 11.0,
        "fRotation" : 0.0,
        "strID"     : "27b58e17-3e53-46ec-abfd-6e9d23f0e41f",
        "bForceLoad" : false
      },
      {
        "strName" : "ItmFloorRYOF04",
        "fX"      : -8.0,
        "fY"      : 13.0,
        "fRotation" : 270.0,
        "strID"     : "422036bd-c3bc-4855-8886-4659b1cc8bc1",
        "bForceLoad" : false
      },
      {
        "strName" : "ItmFloorRYOF01",
        "fX"      : -4.0,
        "fY"      : 8.0,
        "fRotation" : 0.0,
        "strID"     : "39921f52-c890-4fd9-87ed-4c04120c096c",
        "bForceLoad" : false
      },
      {
        "strName" : "ItmFloorRYOF05",
        "fX"      : -9.0,
        "fY"      : 11.0,
        "fRotation" : 0.0,
        "strID"     : "88aa5d6c-b4d9-45e7-9f42-bb54bfa5e842",
        "bForceLoad" : false
      },
      {
        "strName" : "ItmFloorRYOF05",
        "fX"      : -8.0,
        "fY"      : 11.0,
        "fRotation" : 0.0,
        "strID"     : "36aabe55-2109-4334-b790-ef68cfc466ae",
        "bForceLoad" : false
      },
      {
        "strName" : "ItmFloorRYOF05",
        "fX"      : -8.0,
        "fY"      : 12.0,
        "fRotation" : 0.0,
        "strID"     : "0f82d5e5-5476-4243-b30f-68698fbd9ced",
        "bForceLoad" : false
      },
      {
        "strName" : "ItmFloorRYOF05",
        "fX"      : -9.0,
        "fY"      : 12.0,
        "fRotation" : 0.0,
        "strID"     : "77eaffb1-a01a-4158-8670-245637c8c0d4",
        "bForceLoad" : false
      },
      {
        "strName" : "ItmFloorRYOF04",
        "fX"      : -4.0,
        "fY"      : 13.0,
        "fRotation" : 270.0,
        "strID"     : "87685c06-9683-4e06-a9ce-7fc9dc8372a9",
        "bForceLoad" : false
      },
      {
        "strName" : "ItmFloorRYOF01",
        "fX"      : -4.0,
        "fY"      : 14.0,
        "fRotation" : 0.0,
        "strID"     : "d4e9610d-bbe3-4071-af7d-56cc231978d9",
        "bForceLoad" : false
      },
      {
        "strName" : "ItmFloorRYOF01",
        "fX"      : -4.0,
        "fY"      : 15.0,
        "fRotation" : 0.0,
        "strID"     : "bbbc99e6-cb78-4165-8bd2-f510a8b056fa",
        "bForceLoad" : false
      },
      {
        "strName" : "ItmFloorRYOF01",
        "fX"      : -5.0,
        "fY"      : 15.0,
        "fRotation" : 0.0,
        "strID"     : "608b7893-2f4d-4e47-9bf9-9866e31d37b3",
        "bForceLoad" : false
      },
      {
        "strName" : "ItmFloorRYOF01",
        "fX"      : -6.0,
        "fY"      : 15.0,
        "fRotation" : 0.0,
        "strID"     : "b485ae6c-17de-4d77-acda-3f07015f6c66",
        "bForceLoad" : false
      },
      {
        "strName" : "ItmFloorRYOF01",
        "fX"      : -7.0,
        "fY"      : 15.0,
        "fRotation" : 0.0,
        "strID"     : "84c17745-e1e2-475b-81b8-2728a2dd5fae",
        "bForceLoad" : false
      },
      {
        "strName" : "ItmFloorRYOF01",
        "fX"      : -8.0,
        "fY"      : 15.0,
        "fRotation" : 0.0,
        "strID"     : "5ade819e-a66d-4e0d-af19-71d421c3c61a",
        "bForceLoad" : false
      },
      {
        "strName" : "ItmFloorRYOF01",
        "fX"      : -8.0,
        "fY"      : 14.0,
        "fRotation" : 0.0,
        "strID"     : "bc64736f-7d82-43ee-8a4e-56958e24d89c",
        "bForceLoad" : false
      },
      {
        "strName" : "ItmFloorRYOF04",
        "fX"      : -7.0,
        "fY"      : 12.0,
        "fRotation" : 180.0,
        "strID"     : "d7008082-6d41-4c8d-bea9-becb54cf86a3",
        "bForceLoad" : false
      },
      {
        "strName" : "ItmFloorRYOF04",
        "fX"      : -7.0,
        "fY"      : 11.0,
        "fRotation" : 180.0,
        "strID"     : "0863c469-ec27-46e6-b77c-e168640e1b0b",
        "bForceLoad" : false
      },
      {
        "strName" : "ItmFloorRYOF01",
        "fX"      : -6.0,
        "fY"      : 10.0,
        "fRotation" : 0.0,
        "strID"     : "f2f347dc-a955-456a-9063-db08606ae25d",
        "bForceLoad" : false
      },
      {
        "strName" : "ItmFloorRYOF01",
        "fX"      : -6.0,
        "fY"      : 11.0,
        "fRotation" : 0.0,
        "strID"     : "f86d804d-499f-4c2a-bbf0-03c71268f0e4",
        "bForceLoad" : false
      },
      {
        "strName" : "ItmFloorRYOF01",
        "fX"      : -6.0,
        "fY"      : 12.0,
        "fRotation" : 0.0,
        "strID"     : "26642270-0d60-414a-8eed-8d95fb690956",
        "bForceLoad" : false
      },
      {
        "strName" : "ItmFloorRYOF01",
        "fX"      : -6.0,
        "fY"      : 13.0,
        "fRotation" : 0.0,
        "strID"     : "357aae34-3bdc-4db9-875b-90b5c1cdda3c",
        "bForceLoad" : false
      },
      {
        "strName" : "ItmFloorRYOF01",
        "fX"      : -7.0,
        "fY"      : 14.0,
        "fRotation" : 0.0,
        "strID"     : "dea64ad5-b252-4dfc-a8cd-05c4ee646f76",
        "bForceLoad" : false
      },
      {
        "strName" : "ItmFloorRYOF01",
        "fX"      : -7.0,
        "fY"      : 13.0,
        "fRotation" : 0.0,
        "strID"     : "c459eb3b-4d33-4266-ac8c-2ab4f98e9e9f",
        "bForceLoad" : false
      },
      {
        "strName" : "ItmFloorRYOF04",
        "fX"      : -7.0,
        "fY"      : 10.0,
        "fRotation" : 180.0,
        "strID"     : "8e0fdd35-48b0-4b63-b774-6b9031ae42e6",
        "bForceLoad" : false
      },
      {
        "strName" : "ItmFloorRYOF01",
        "fX"      : -6.0,
        "fY"      : 9.0,
        "fRotation" : 0.0,
        "strID"     : "759a0ca8-e1e4-4310-b4c9-4f580bd275c6",
        "bForceLoad" : false
      },
      {
        "strName" : "ItmFloorRYOF04",
        "fX"      : -5.0,
        "fY"      : 10.0,
        "fRotation" : 0.0,
        "strID"     : "2da67f23-2535-456a-b706-43991feec60f",
        "bForceLoad" : false
      },
      {
        "strName" : "ItmFloorRYOF04",
        "fX"      : -5.0,
        "fY"      : 11.0,
        "fRotation" : 0.0,
        "strID"     : "80848b16-4150-4fb6-8baa-c1e1b3186a2e",
        "bForceLoad" : false
      },
      {
        "strName" : "ItmFloorRYOF04",
        "fX"      : -5.0,
        "fY"      : 12.0,
        "fRotation" : 0.0,
        "strID"     : "3876461c-7000-4515-b87e-291ba7dd4287",
        "bForceLoad" : false
      },
      {
        "strName" : "ItmFloorRYOF01",
        "fX"      : -5.0,
        "fY"      : 13.0,
        "fRotation" : 0.0,
        "strID"     : "b3db9d57-37a8-4ec0-8e2c-655c58763a73",
        "bForceLoad" : false
      },
      {
        "strName" : "ItmFloorRYOF01",
        "fX"      : -5.0,
        "fY"      : 14.0,
        "fRotation" : 0.0,
        "strID"     : "5ac34eb5-b6da-4d24-9f7e-0f089523335a",
        "bForceLoad" : false
      },
      {
        "strName" : "ItmFloorRYOF01",
        "fX"      : -6.0,
        "fY"      : 14.0,
        "fRotation" : 0.0,
        "strID"     : "95049f9c-0679-4ce0-9721-8029b6b19c02",
        "bForceLoad" : false
      },
      {
        "strName" : "ItmFloorRYOF01",
        "fX"      : -5.0,
        "fY"      : 9.0,
        "fRotation" : 0.0,
        "strID"     : "e5737109-c855-4b95-9a95-ec286e540319",
        "bForceLoad" : false
      },
      {
        "strName" : "ItmFloorRYOF01",
        "fX"      : -5.0,
        "fY"      : 8.0,
        "fRotation" : 0.0,
        "strID"     : "92953bdb-ea54-4e6f-ab8a-933c45ecce86",
        "bForceLoad" : false
      },
      {
        "strName" : "ItmFloorRYOF01",
        "fX"      : -7.0,
        "fY"      : 9.0,
        "fRotation" : 0.0,
        "strID"     : "ab56914e-044e-455b-aaac-435c2f59e637",
        "bForceLoad" : false
      },
      {
        "strName" : "ItmFloorRYOF01",
        "fX"      : -6.0,
        "fY"      : 8.0,
        "fRotation" : 0.0,
        "strID"     : "105b1228-18e1-4341-bb39-188778b99e01",
        "bForceLoad" : false
      },
      {
        "strName" : "ItmFloorRYOF01",
        "fX"      : -7.0,
        "fY"      : 8.0,
        "fRotation" : 0.0,
        "strID"     : "f5d4476f-5f48-41a8-b7d2-42a9e4eb12cd",
        "bForceLoad" : false
      },
      {
        "strName" : "ItmFloorRYOF05",
        "fX"      : -3.0,
        "fY"      : 10.0,
        "fRotation" : 0.0,
        "strID"     : "932e3526-544e-4d4d-a595-dbb88981488b",
        "bForceLoad" : false
      },
      {
        "strName" : "ItmFloorRYOF05",
        "fX"      : -4.0,
        "fY"      : 10.0,
        "fRotation" : 0.0,
        "strID"     : "d82e54a7-9d79-4c44-b537-999053ecffc6",
        "bForceLoad" : false
      },
      {
        "strName" : "ItmFloorRYOF05",
        "fX"      : -4.0,
        "fY"      : 11.0,
        "fRotation" : 0.0,
        "strID"     : "f73fa561-373c-4622-bad5-92aeb7e5ce17",
        "bForceLoad" : false
      },
      {
        "strName" : "ItmFloorRYOF05",
        "fX"      : -4.0,
        "fY"      : 12.0,
        "fRotation" : 0.0,
        "strID"     : "54de1762-e0fc-4e6f-aa64-434d914f8444",
        "bForceLoad" : false
      },
      {
        "strName" : "ItmFloorRYOF04",
        "fX"      : -9.0,
        "fY"      : 13.0,
        "fRotation" : 270.0,
        "strID"     : "babb9b23-f120-4da3-8999-e00a9a5b1fc7",
        "bForceLoad" : false
      },
      {
        "strName" : "ItmFloorRYOF01",
        "fX"      : -9.0,
        "fY"      : 14.0,
        "fRotation" : 0.0,
        "strID"     : "de7ed6a9-c031-493c-b912-18054ce7edb8",
        "bForceLoad" : false
      },
      {
        "strName" : "ItmFloorRYOF01",
        "fX"      : -9.0,
        "fY"      : 15.0,
        "fRotation" : 0.0,
        "strID"     : "9a417f81-2796-4738-a8b1-dd0f5e79799d",
        "bForceLoad" : false
      },
      {
        "strName" : "ItmFloorRYOF01",
        "fX"      : -2.0,
        "fY"      : 7.0,
        "fRotation" : 0.0,
        "strID"     : "f52aa2bd-0492-429f-bdfd-87bf77651ab1",
        "bForceLoad" : false
      },
      {
        "strName" : "ItmFloorRYOF01",
        "fX"      : -10.0,
        "fY"      : 9.0,
        "fRotation" : 0.0,
        "strID"     : "6bba951e-8b03-419c-8300-32ebe8369f1d",
        "bForceLoad" : false
      },
      {
        "strName" : "ItmFloorRYOF04",
        "fX"      : -10.0,
        "fY"      : 10.0,
        "fRotation" : 0.0,
        "strID"     : "2cad7716-0c86-42fd-a88f-2a973262600e",
        "bForceLoad" : false
      },
      {
        "strName" : "ItmFloorRYOF04",
        "fX"      : -10.0,
        "fY"      : 11.0,
        "fRotation" : 0.0,
        "strID"     : "7ed21f57-61f3-44bc-b997-1e041bd37e7b",
        "bForceLoad" : false
      },
      {
        "strName" : "ItmFloorRYOF04",
        "fX"      : -10.0,
        "fY"      : 12.0,
        "fRotation" : 0.0,
        "strID"     : "44783294-5efc-468e-9952-e9c2744a29ed",
        "bForceLoad" : false
      },
      {
        "strName" : "ItmFloorRYOF01",
        "fX"      : -10.0,
        "fY"      : 13.0,
        "fRotation" : 0.0,
        "strID"     : "f624e4e9-523e-4563-aecc-9acaf035f0b3",
        "bForceLoad" : false
      },
      {
        "strName" : "ItmFloorRYOF04",
        "fX"      : -10.0,
        "fY"      : 14.0,
        "fRotation" : 0.0,
        "strID"     : "e41321b1-ce78-4f20-b370-52abb8f254d3",
        "bForceLoad" : false
      },
      {
        "strName" : "ItmFloorRYOF01",
        "fX"      : -10.0,
        "fY"      : 15.0,
        "fRotation" : 0.0,
        "strID"     : "69f1c2c9-32a5-41e6-b704-f3204aa689a6",
        "bForceLoad" : false
      },
      {
        "strName" : "ItmFloorRYOF01",
        "fX"      : -10.0,
        "fY"      : 16.0,
        "fRotation" : 0.0,
        "strID"     : "e4207431-c68e-42d5-8ffb-5e7494d6af80",
        "bForceLoad" : false
      },
      {
        "strName" : "ItmFloorRYOF01",
        "fX"      : -3.0,
        "fY"      : 16.0,
        "fRotation" : 0.0,
        "strID"     : "8eff3659-4612-42f0-98a9-73074d1f7b65",
        "bForceLoad" : false
      },
      {
        "strName" : "ItmFloorRYOF01",
        "fX"      : -4.0,
        "fY"      : 16.0,
        "fRotation" : 0.0,
        "strID"     : "c4148ac0-205c-4bd8-b20c-4aa6219d4069",
        "bForceLoad" : false
      },
      {
        "strName" : "ItmFloorRYOF01",
        "fX"      : -5.0,
        "fY"      : 16.0,
        "fRotation" : 0.0,
        "strID"     : "75426f82-c163-460f-89e4-7cc9e3c4ecaa",
        "bForceLoad" : false
      },
      {
        "strName" : "ItmFloorRYOF01",
        "fX"      : -6.0,
        "fY"      : 16.0,
        "fRotation" : 0.0,
        "strID"     : "cea8b686-71ab-4c59-805c-9c9f140576dc",
        "bForceLoad" : false
      },
      {
        "strName" : "ItmFloorRYOF01",
        "fX"      : -7.0,
        "fY"      : 16.0,
        "fRotation" : 0.0,
        "strID"     : "54363716-1a2a-4be4-a81e-78484cacb46b",
        "bForceLoad" : false
      },
      {
        "strName" : "ItmFloorRYOF01",
        "fX"      : -8.0,
        "fY"      : 16.0,
        "fRotation" : 0.0,
        "strID"     : "2f890649-f4e8-44a3-b0ec-fcd91cffb615",
        "bForceLoad" : false
      },
      {
        "strName" : "ItmFloorRYOF01",
        "fX"      : -9.0,
        "fY"      : 16.0,
        "fRotation" : 0.0,
        "strID"     : "9b39122d-df6d-4cea-82bf-18189aa9a4f5",
        "bForceLoad" : false
      },
      {
        "strName" : "ItmFloorRYOF01",
        "fX"      : -3.0,
        "fY"      : 17.0,
        "fRotation" : 0.0,
        "strID"     : "bfccae52-c4d3-4c22-97a3-2cfa22f2d4ad",
        "bForceLoad" : false
      },
      {
        "strName" : "ItmFloorRYOF01",
        "fX"      : -4.0,
        "fY"      : 17.0,
        "fRotation" : 0.0,
        "strID"     : "9d818a2e-704d-455a-ba8e-548b8dfaecb0",
        "bForceLoad" : false
      },
      {
        "strName" : "ItmFloorRYOF01",
        "fX"      : -5.0,
        "fY"      : 17.0,
        "fRotation" : 0.0,
        "strID"     : "f678d1ef-d9a9-4d22-bca0-abeda3b9412b",
        "bForceLoad" : false
      },
      {
        "strName" : "ItmFloorRYOF01",
        "fX"      : -5.0,
        "fY"      : 18.0,
        "fRotation" : 0.0,
        "strID"     : "0aa8356f-f925-4495-811a-c8bbf5fad12d",
        "bForceLoad" : false
      },
      {
        "strName" : "ItmFloorRYOF01",
        "fX"      : -4.0,
        "fY"      : 18.0,
        "fRotation" : 0.0,
        "strID"     : "51479d4d-9a4d-4ae3-9ab8-078de3106edd",
        "bForceLoad" : false
      },
      {
        "strName" : "ItmFloorRYOF01",
        "fX"      : -3.0,
        "fY"      : 18.0,
        "fRotation" : 0.0,
        "strID"     : "3e7b910f-fee7-4211-b6f6-9bca9eca263b",
        "bForceLoad" : false
      },
      {
        "strName" : "ItmFloorRYOF01",
        "fX"      : -2.0,
        "fY"      : 17.0,
        "fRotation" : 0.0,
        "strID"     : "3b33c2fb-65a6-40ed-bc0d-e8e47f0ce89a",
        "bForceLoad" : false
      },
      {
        "strName" : "ItmFloorRYOF01",
        "fX"      : -2.0,
        "fY"      : 18.0,
        "fRotation" : 0.0,
        "strID"     : "635064e4-2e54-4ec4-b8a6-062505629d2d",
        "bForceLoad" : false
      },
      {
        "strName" : "ItmFloorRYOF01",
        "fX"      : -2.0,
        "fY"      : 19.0,
        "fRotation" : 0.0,
        "strID"     : "d9743378-92a7-41a9-b4e7-6aaeb6b2b86a",
        "bForceLoad" : false
      },
      {
        "strName" : "ItmFloorRYOF01",
        "fX"      : -3.0,
        "fY"      : 19.0,
        "fRotation" : 0.0,
        "strID"     : "04c0af86-28c9-4efb-9361-8bf3670af01c",
        "bForceLoad" : false
      },
      {
        "strName" : "ItmFloorRYOF01",
        "fX"      : -4.0,
        "fY"      : 19.0,
        "fRotation" : 0.0,
        "strID"     : "a827cbee-923b-4c65-820d-2e3865d448b6",
        "bForceLoad" : false
      },
      {
        "strName" : "ItmFloorRYOF01",
        "fX"      : -5.0,
        "fY"      : 19.0,
        "fRotation" : 0.0,
        "strID"     : "c5522f4e-001a-4f0a-a00d-d375b79ae599",
        "bForceLoad" : false
      },
      {
        "strName" : "ItmFloorRYOF01",
        "fX"      : -6.0,
        "fY"      : 19.0,
        "fRotation" : 0.0,
        "strID"     : "ff5150dd-6b5f-4ae0-a9f6-bd70c87bd886",
        "bForceLoad" : false
      },
      {
        "strName" : "ItmFloorRYOF01",
        "fX"      : -6.0,
        "fY"      : 18.0,
        "fRotation" : 0.0,
        "strID"     : "79647255-cd02-4577-b2de-788a744d108b",
        "bForceLoad" : false
      },
      {
        "strName" : "ItmFloorRYOF01",
        "fX"      : -6.0,
        "fY"      : 17.0,
        "fRotation" : 0.0,
        "strID"     : "42a0cad6-0b88-4ca4-b299-a83469ce2ba9",
        "bForceLoad" : false
      },
      {
        "strName" : "ItmFloorRYOF01",
        "fX"      : -7.0,
        "fY"      : 17.0,
        "fRotation" : 0.0,
        "strID"     : "f2ca43e5-446f-47a7-b884-44890e690df7",
        "bForceLoad" : false
      },
      {
        "strName" : "ItmFloorRYOF01",
        "fX"      : -8.0,
        "fY"      : 17.0,
        "fRotation" : 0.0,
        "strID"     : "e4c24d1e-fe16-4eb1-9799-537a96ab245d",
        "bForceLoad" : false
      },
      {
        "strName" : "ItmFloorRYOF01",
        "fX"      : -9.0,
        "fY"      : 17.0,
        "fRotation" : 0.0,
        "strID"     : "5686da29-db5d-4c40-981f-00a5b9271782",
        "bForceLoad" : false
      },
      {
        "strName" : "ItmFloorRYOF01",
        "fX"      : -10.0,
        "fY"      : 17.0,
        "fRotation" : 0.0,
        "strID"     : "6b11b57f-f4ed-4325-923b-905107713001",
        "bForceLoad" : false
      },
      {
        "strName" : "ItmConduit01",
        "fX"      : -8.0,
        "fY"      : 14.0,
        "fRotation" : 0.0,
        "strID"     : "ca3ee151-1e96-4198-983b-ba5c99266a00",
        "bForceLoad" : false
      },
      {
        "strName" : "ItmFloorRYOF01",
        "fX"      : -8.0,
        "fY"      : 6.0,
        "fRotation" : 0.0,
        "strID"     : "0d1f42fb-de37-4d8a-acf1-d686cab2b47d",
        "bForceLoad" : false
      },
      {
        "strName" : "ItmFloorRYOF04",
        "fX"      : -2.0,
        "fY"      : 8.0,
        "fRotation" : 180.0,
        "strID"     : "35446895-20ef-451c-82e7-b988fd141bdb",
        "bForceLoad" : false
      },
      {
        "strName" : "ItmConduit01",
        "fX"      : -3.0,
        "fY"      : 5.0,
        "fRotation" : 0.0,
        "strID"     : "e15c16d1-4d59-495c-b836-cff128db4f69",
        "bForceLoad" : false
      },
      {
        "strName" : "SysLootSpawner",
        "fX"      : -3.0,
        "fY"      : 14.0,
        "fRotation" : 0.0,
        "strID"     : "0046ce40-ff47-49dd-a120-250dc7327367",
        "bForceLoad" : false,
        "aGPMSettings" : [
          {
            "strName" : "Panel A",
            "dictGUIPropMap" : [
              "strGUIPrefab",
              "GUILootSpawn",
              "strFriendlyName",
              "Loot Spawner",
              "strGUIPrefabRight",
              null,
              "strGUIPrefabLeft",
              null,
              "strGUIPrefabUp",
              null,
              "strGUIPrefabDown",
              null,
              "strType",
              "Loot",
              "strLoot",
              "ItmRandomWallPartsRYOB01",
              "strRange",
              "1",
              "strCount",
              "1",
              "strDamaged",
              "True",
              "strDerelict",
              "True"
            ]
          }
        ]
      },
      {
        "strName" : "ItmConduit01",
        "fX"      : -4.0,
        "fY"      : 4.0,
        "fRotation" : 0.0,
        "strID"     : "9ea18ce3-d7be-444d-9f4d-5c5a19839b47",
        "bForceLoad" : false
      },
      {
        "strName" : "ItmRCSCluster01",
        "fX"      : -0.9999998,
        "fY"      : 14.0,
        "fRotation" : 270.0,
        "strID"     : "09f3c36e-9aae-49ba-bb43-fdd41f1c4bea",
        "bForceLoad" : false
      },
      {
        "strName" : "ItmConduit01",
        "fX"      : -1.0,
        "fY"      : 11.0,
        "fRotation" : 0.0,
        "strID"     : "22de9f56-00e0-47cc-b945-6f0906b7d290",
        "bForceLoad" : false
      },
      {
        "strName" : "ItmConduit01",
        "fX"      : -1.0,
        "fY"      : 12.0,
        "fRotation" : 0.0,
        "strID"     : "6eadf46d-12ea-468d-be9e-3a38f647c2ef",
        "bForceLoad" : false
      },
      {
        "strName" : "ItmConduit01",
        "fX"      : -1.0,
        "fY"      : 14.0,
        "fRotation" : 0.0,
        "strID"     : "afc1f4f0-84b7-4f84-a7e9-18860e641f7c",
        "bForceLoad" : false
      },
      {
        "strName" : "ItmConduit01",
        "fX"      : -2.0,
        "fY"      : 14.0,
        "fRotation" : 0.0,
        "strID"     : "22c11556-6b58-42f4-a507-75aceb3ba320",
        "bForceLoad" : false
      },
      {
        "strName" : "ItmWallRYOB01",
        "fX"      : -2.0,
        "fY"      : 15.0,
        "fRotation" : 0.0,
        "strID"     : "811aaf07-d65b-4c9e-b22f-c6db827ef87d",
        "bForceLoad" : false
      },
      {
        "strName" : "ItmWallRYOB01",
        "fX"      : -2.0,
        "fY"      : 16.0,
        "fRotation" : 0.0,
        "strID"     : "fe91ffb8-8329-4cb7-abec-bd019779513b",
        "bForceLoad" : false
      },
      {
        "strName" : "ItmWallRYOB01",
        "fX"      : -2.0,
        "fY"      : 17.0,
        "fRotation" : 0.0,
        "strID"     : "0982ee7d-a150-45f0-8b17-bfdd2802933b",
        "bForceLoad" : false
      },
      {
        "strName" : "ItmWallRYOB01",
        "fX"      : -2.0,
        "fY"      : 18.0,
        "fRotation" : 0.0,
        "strID"     : "cc7bb678-d4ad-45d7-ba51-8295ec50b290",
        "bForceLoad" : false
      },
      {
        "strName" : "ItmFloorRYOF01",
        "fX"      : -3.0,
        "fY"      : 20.0,
        "fRotation" : 0.0,
        "strID"     : "71df1773-53d0-4755-88de-b5ca94ac47e3",
        "bForceLoad" : false
      },
      {
        "strName" : "ItmFloorRYOF01",
        "fX"      : -4.0,
        "fY"      : 20.0,
        "fRotation" : 0.0,
        "strID"     : "2a330681-39ac-45bf-888f-974895448cf4",
        "bForceLoad" : false
      },
      {
        "strName" : "ItmFloorRYOF01",
        "fX"      : -5.0,
        "fY"      : 20.0,
        "fRotation" : 0.0,
        "strID"     : "0a7b1e8b-88d0-4ed4-b2aa-410071089fad",
        "bForceLoad" : false
      },
      {
        "strName" : "ItmFloorRYOF01",
        "fX"      : -6.0,
        "fY"      : 20.0,
        "fRotation" : 0.0,
        "strID"     : "045bcea8-e371-44da-8957-08f27d6ef024",
        "bForceLoad" : false
      },
      {
        "strName" : "ItmRCSDistro02",
        "fX"      : -7.5,
        "fY"      : 15.5,
        "fRotation" : 90.0,
        "strID"     : "6e41219f-0287-49ee-a390-d11c876bb790",
        "bForceLoad" : false
      },
      {
        "strName" : "ItmCooler01On",
        "fX"      : -8.5,
        "fY"      : 20.0,
        "fRotation" : 0.0,
        "strID"     : "6f28dff0-f408-40c6-879a-3b28f613dcfc",
        "bForceLoad" : false,
        "aGPMSettings" : [
          {
            "strName" : "Panel A",
            "dictGUIPropMap" : [
              "strGUIPrefab",
              "GUIAirPump",
              "strFriendlyName",
              "Cooler",
              "strGUIPrefabRight",
              null,
              "strGUIPrefabLeft",
              null,
              "strGUIPrefabUp",
              null,
              "strGUIPrefabDown",
              null,
              "strTitle",
              "Unscrew for Thermostat Sensor Input Signal",
              "strValidCOTrigger01",
              "TIsAlarmTemp",
              "strCondMonitor01",
              "DcGasTemp03",
              "strSubPoint",
              "Cool",
              "strAddPoint",
              "Heat",
              "strInput01",
              "82dc3dce-c486-4794-9f84-8cd254ee84d0",
              "nKnobBus",
              "1",
              "bTurbo",
              "false",
              "bReverse",
              "false"
            ]
          }
        ]
      },
      {
        "strName" : "ItmWallRYOB01",
        "fX"      : -10.0,
        "fY"      : 20.0,
        "fRotation" : 0.0,
        "strID"     : "48ed8fd9-60f0-4873-a846-7703d8554bd8",
        "bForceLoad" : false
      },
      {
        "strName" : "ItmWallRYOB01",
        "fX"      : -10.0,
        "fY"      : 18.0,
        "fRotation" : 0.0,
        "strID"     : "1e06e34d-41b8-4294-9335-315370b2f736",
        "bForceLoad" : false
      },
      {
        "strName" : "ItmWallRYOB01",
        "fX"      : -10.0,
        "fY"      : 17.0,
        "fRotation" : 0.0,
        "strID"     : "2f726ad4-c370-4343-8d42-38675d215f24",
        "bForceLoad" : false
      },
      {
        "strName" : "ItmWallRYOB01",
        "fX"      : -10.0,
        "fY"      : 16.0,
        "fRotation" : 0.0,
        "strID"     : "068fad37-03d4-4375-b653-44546770e277",
        "bForceLoad" : false
      },
      {
        "strName" : "ItmWallRYOB01",
        "fX"      : -10.0,
        "fY"      : 15.0,
        "fRotation" : 0.0,
        "strID"     : "e76c2a29-dd8c-4e77-9f8f-986e3645721b",
        "bForceLoad" : false
      },
      {
        "strName" : "ItmConduit01",
        "fX"      : -2.0,
        "fY"      : 7.0,
        "fRotation" : 0.0,
        "strID"     : "fb58266d-ad4e-4fd6-a715-7b4e2abf0d6a",
        "bForceLoad" : false
      },
      {
        "strName" : "ItmLitWall1x0",
        "fX"      : -5.0,
        "fY"      : 5.0,
        "fRotation" : 270.0,
        "strID"     : "b073d907-0a2b-48e6-835f-c81254d75705",
        "bForceLoad" : false
      },
      {
        "strName" : "ItmLitWall1x0",
        "fX"      : -7.0,
        "fY"      : 5.0,
        "fRotation" : 90.0,
        "strID"     : "aa494341-9b4b-4560-bbe7-567cbf7ade58",
        "bForceLoad" : false
      },
      {
        "strName" : "ItmFloorRYOF04",
        "fX"      : -10.0,
        "fY"      : 8.0,
        "fRotation" : 0.0,
        "strID"     : "131866d1-2dcb-46ad-8954-7754916d96ad",
        "bForceLoad" : false
      },
      {
        "strName" : "ItmConduit01",
        "fX"      : -3.0,
        "fY"      : 6.0,
        "fRotation" : 0.0,
        "strID"     : "21c079d1-6242-4385-9aa0-34e1e833936f",
        "bForceLoad" : false
      },
      {
        "strName" : "ItmWallRYOB01",
        "fX"      : -1.0,
        "fY"      : 9.0,
        "fRotation" : 0.0,
        "strID"     : "f7b59503-58d5-464d-8a07-eedb7bf639b6",
        "bForceLoad" : false
      },
      {
        "strName" : "ItmWallRYOB01",
        "fX"      : -3.0,
        "fY"      : 6.0,
        "fRotation" : 0.0,
        "strID"     : "9b1faa1c-605e-4aa7-a973-f02ffe0f6266",
        "bForceLoad" : false
      },
      {
        "strName" : "ItmAirPump03OnG",
        "fX"      : -8.0,
        "fY"      : 7.0,
        "fRotation" : 180.0,
        "strID"     : "2b5d3cbe-c54e-4055-bede-0cba3bfb137c",
        "bForceLoad" : false,
        "aGPMSettings" : [
          {
            "strName" : "Panel A",
            "dictGUIPropMap" : [
              "strGUIPrefab",
              "GUIAirPump",
              "strFriendlyName",
              "Air Pump",
              "strGUIPrefabRight",
              null,
              "strGUIPrefabLeft",
              null,
              "strGUIPrefabUp",
              null,
              "strGUIPrefabDown",
              null,
              "strTitle",
              "Unscrew for Pressure Sensor Input Signal",
              "strValidCOTrigger01",
              "TIsAlarm2",
              "strCondMonitor01",
              "IsReadyPumpAir",
              "strInput01",
              "d0ff2ce5-3a14-4734-9ef7-08a53b419810",
              "nKnobBus",
              "1",
              "bTurbo",
              "false",
              "bReverse",
              "false"
            ]
          }
        ]
      },
      {
        "strName" : "ItmConduit01",
        "fX"      : -7.0,
        "fY"      : 15.0,
        "fRotation" : 0.0,
        "strID"     : "9ccb079c-b74d-47a2-8d3c-284035d232ee",
        "bForceLoad" : false
      },
      {
        "strName" : "ItmFloorRYOF01",
        "fX"      : -2.0,
        "fY"      : 20.0,
        "fRotation" : 0.0,
        "strID"     : "55c54c1e-ddf9-404b-a48e-e87615a050c9",
        "bForceLoad" : false
      },
      {
        "strName" : "ItmWallRYOB01",
        "fX"      : -10.0,
        "fY"      : 19.0,
        "fRotation" : 0.0,
        "strID"     : "7b0e4ec6-c467-436f-8d3c-209a1ffcf921",
        "bForceLoad" : false
      },
      {
        "strName" : "ItmHeater01",
        "fX"      : -6.5,
        "fY"      : 18.5,
        "fRotation" : 270.0,
        "strID"     : "fe9c3e80-8ff1-453e-8b88-f90cd74703e0",
        "bForceLoad" : false,
        "aGPMSettings" : [
          {
            "strName" : "Panel A",
            "dictGUIPropMap" : [
              "strGUIPrefab",
              "GUIAirPump",
              "strFriendlyName",
              "Heater",
              "strGUIPrefabRight",
              null,
              "strGUIPrefabLeft",
              null,
              "strGUIPrefabUp",
              null,
              "strGUIPrefabDown",
              null,
              "strTitle",
              "Unscrew for Thermostat Sensor Input Signal",
              "strValidCOTrigger01",
              "TIsAlarmTemp",
              "strCondMonitor01",
              "DcGasTemp01",
              "strSubPoint",
              "ignore",
              "strAddPoint",
              null,
              "strInput01",
              "82dc3dce-c486-4794-9f84-8cd254ee84d0",
              "nKnobBus",
              "1",
              "bTurbo",
              "false",
              "bReverse",
              "false"
            ]
          }
        ]
      },
      {
        "strName" : "ItmWallRYOB01",
        "fX"      : -8.0,
        "fY"      : 20.0,
        "fRotation" : 0.0,
        "strID"     : "4af0094f-19d6-4be8-ad66-ec99c43677b1",
        "bForceLoad" : false
      },
      {
        "strName" : "ItmConduit01",
        "fX"      : -7.0,
        "fY"      : 14.0,
        "fRotation" : 0.0,
        "strID"     : "4ea079cf-29fb-45a1-8f2b-f5aaa8c96a4e",
        "bForceLoad" : false
      },
      {
        "strName" : "ItmFloorRYOF01",
        "fX"      : -11.0,
        "fY"      : 8.0,
        "fRotation" : 0.0,
        "strID"     : "3b96a524-df11-4676-9eed-aa1d2aabe468",
        "bForceLoad" : false
      },
      {
        "strName" : "ItmConduit01",
        "fX"      : -9.0,
        "fY"      : 14.0,
        "fRotation" : 0.0,
        "strID"     : "f0933623-8021-4e13-846e-9a68a958069a",
        "bForceLoad" : false
      },
      {
        "strName" : "ItmLitWall1x0",
        "fX"      : -4.0,
        "fY"      : 22.0,
        "fRotation" : 180.0,
        "strID"     : "8f6aa830-43ea-47a2-a562-03619a911a9a",
        "bForceLoad" : false
      },
      {
        "strName" : "ItmAlarmN2OnG",
        "fX"      : -3.0,
        "fY"      : 17.0,
        "fRotation" : 270.0,
        "strID"     : "d0ff2ce5-3a14-4734-9ef7-08a53b419810",
        "bForceLoad" : false,
        "aGPMSettings" : [
          {
            "strName" : "Panel A",
            "dictGUIPropMap" : [
              "strGUIPrefab",
              "GUIOnOff",
              "strFriendlyName",
              "Alarm",
              "strGUIPrefabRight",
              null,
              "strGUIPrefabLeft",
              null,
              "strGUIPrefabUp",
              null,
              "strGUIPrefabDown",
              null,
              "strTitle",
              "Alarm Override"
            ]
          }
        ]
      },
      {
        "strName" : "ItmFloorRYOF01",
        "fX"      : -3.0,
        "fY"      : 5.0,
        "fRotation" : 0.0,
        "strID"     : "02ed92fd-bd46-424c-b974-3608107942a5",
        "bForceLoad" : false
      },
      {
        "strName" : "ItmWallRYOB01",
        "fX"      : -1.0,
        "fY"      : 10.0,
        "fRotation" : 0.0,
        "strID"     : "798875b1-bbc6-4d58-975a-da2a44617730",
        "bForceLoad" : false
      },
      {
        "strName" : "ItmFloorRYOF01",
        "fX"      : -8.0,
        "fY"      : 20.0,
        "fRotation" : 0.0,
        "strID"     : "aa6532f4-f6fa-4c3d-95cb-49f89d4a55e9",
        "bForceLoad" : false
      },
      {
        "strName" : "ItmWallRYOB01",
        "fX"      : -11.0,
        "fY"      : 14.0,
        "fRotation" : 0.0,
        "strID"     : "f387b04e-3e83-4a7f-9829-954414c27b7b",
        "bForceLoad" : false
      },
      {
        "strName" : "ItmWallRYOB01",
        "fX"      : -11.0,
        "fY"      : 13.0,
        "fRotation" : 0.0,
        "strID"     : "97d1364f-3d48-4136-8538-b25a016b26f7",
        "bForceLoad" : false
      },
      {
        "strName" : "ItmWallRYOB01",
        "fX"      : -11.0,
        "fY"      : 12.0,
        "fRotation" : 0.0,
        "strID"     : "cbedecc3-c44e-4009-b93f-bc2fca8c94c5",
        "bForceLoad" : false
      },
      {
        "strName" : "ItmConduit01",
        "fX"      : -11.0,
        "fY"      : 12.0,
        "fRotation" : 0.0,
        "strID"     : "f4bbc327-af96-4286-89a6-42f54a97f058",
        "bForceLoad" : false
      },
      {
        "strName" : "ItmWallRYOB01",
        "fX"      : -9.0,
        "fY"      : 6.0,
        "fRotation" : 0.0,
        "strID"     : "3b0ee0b8-612f-4d20-8639-3fd18b46aedc",
        "bForceLoad" : false
      },
      {
        "strName" : "ItmConduit01",
        "fX"      : -3.0,
        "fY"      : 7.0,
        "fRotation" : 0.0,
        "strID"     : "10fec5af-ec86-4a8b-9960-6fc00b424529",
        "bForceLoad" : false
      },
      {
        "strName" : "SysLootSpawner",
        "fX"      : -6.0,
        "fY"      : 6.0,
        "fRotation" : 0.0,
        "strID"     : "c0b62158-1271-4db2-8ec4-04c7c078a32c",
        "bForceLoad" : false,
        "aGPMSettings" : [
          {
            "strName" : "Panel A",
            "dictGUIPropMap" : [
              "strGUIPrefab",
              "GUILootSpawn",
              "strFriendlyName",
              "Loot Spawner",
              "strGUIPrefabRight",
              null,
              "strGUIPrefabLeft",
              null,
              "strGUIPrefabUp",
              null,
              "strGUIPrefabDown",
              null,
              "strType",
              "Loot",
              "strLoot",
              "ItmDerelictMediumAirlock",
              "strRange",
              "1",
              "strCount",
              "1",
              "strDamaged",
              "True",
              "strDerelict",
              "True"
            ]
          }
        ]
      },
      {
        "strName" : "ItmWallRYOB01",
        "fX"      : -9.0,
        "fY"      : 20.0,
        "fRotation" : 0.0,
        "strID"     : "a4a8ad20-ff60-4a63-b4ad-1529e4f9e34d",
        "bForceLoad" : false
      },
      {
        "strName" : "ItmStationNav",
        "fX"      : -4.0,
        "fY"      : 19.0,
        "fRotation" : 0.0,
        "strID"     : "cc2bf7d1-d73d-4638-9f06-26d4d9802af5",
        "bForceLoad" : false,
        "aGPMSettings" : [
          {
            "strName" : "Panel A",
            "dictGUIPropMap" : [
              "strGUIPrefab",
              "GUIOrbitDraw/GUIOrbitDraw",
              "strFriendlyName",
              "Nav Controls",
              "strGUIPrefabRight",
              "Panel Right",
              "strGUIPrefabLeft",
              null,
              "strGUIPrefabUp",
              null,
              "strGUIPrefabDown",
              null
            ]
          },
          {
            "strName" : "Panel Right",
            "dictGUIPropMap" : [
              "strGUIPrefab",
              "GUIDockSys",
              "strFriendlyName",
              "Docking Controls",
              "strGUIPrefabRight",
              null,
              "strGUIPrefabLeft",
              "Panel A",
              "strGUIPrefabUp",
              null,
              "strGUIPrefabDown",
              null
            ]
          },
          {
            "strName" : "Panel Computer",
            "dictGUIPropMap" : [
              "strGUIPrefab",
              "GUIComputer/GUIComputer2",
              "strFriendlyName",
              "PDA",
              "strGUIPrefabRight",
              null,
              "strGUIPrefabLeft",
              null,
              "strGUIPrefabUp",
              null,
              "strGUIPrefabDown",
              null
            ]
          }
        ]
      },
      {
        "strName" : "ItmWallRYOB01",
        "fX"      : -11.0,
        "fY"      : 7.0,
        "fRotation" : 0.0,
        "strID"     : "5b6791a8-8557-4c4a-908a-7169f91fe3b4",
        "bForceLoad" : false
      },
      {
        "strName" : "ItmRTAN2",
        "fX"      : -8.0,
        "fY"      : 6.0,
        "fRotation" : 0.0,
        "strID"     : "e2a65092-48e9-42c3-b87a-79e16d5f6a3c",
        "bForceLoad" : false
      },
      {
        "strName" : "ItmWallRYOB01",
        "fX"      : -6.0,
        "fY"      : 20.0,
        "fRotation" : 0.0,
        "strID"     : "45af78b9-8938-45ac-8a17-6b9421787d7a",
        "bForceLoad" : false
      },
      {
        "strName" : "ItmFloorRYOF01",
        "fX"      : -2.0,
        "fY"      : 21.0,
        "fRotation" : 0.0,
        "strID"     : "c5e45cfb-fd8a-4506-94c7-5cde503d31ce",
        "bForceLoad" : false
      },
      {
        "strName" : "ItmRCSDistro02",
        "fX"      : -8.5,
        "fY"      : 15.5,
        "fRotation" : 270.0,
        "strID"     : "b2f32579-5287-47c3-9193-8af78bd1ffd9",
        "bForceLoad" : false
      },
      {
        "strName" : "ItmWallRYOB01",
        "fX"      : -2.0,
        "fY"      : 20.0,
        "fRotation" : 0.0,
        "strID"     : "d07d82e7-01a8-40ee-aa8a-c1c46d3fe7d3",
        "bForceLoad" : false
      },
      {
        "strName" : "ItmWallRYOB01",
        "fX"      : -2.0,
        "fY"      : 19.0,
        "fRotation" : 0.0,
        "strID"     : "455a3e86-9246-4193-9565-8f08f8157ac6",
        "bForceLoad" : false
      },
      {
        "strName" : "ItmFloorRYOF01",
        "fX"      : -7.0,
        "fY"      : 18.0,
        "fRotation" : 0.0,
        "strID"     : "5f4e6375-1372-45ee-b066-7ecc838cbe72",
        "bForceLoad" : false
      },
      {
        "strName" : "ItmFloorRYOF01",
        "fX"      : -8.0,
        "fY"      : 18.0,
        "fRotation" : 0.0,
        "strID"     : "4c4e2997-4155-451c-9b95-891a02018772",
        "bForceLoad" : false
      },
      {
        "strName" : "ItmFloorRYOF01",
        "fX"      : -9.0,
        "fY"      : 18.0,
        "fRotation" : 0.0,
        "strID"     : "1e14138c-c615-4b43-a96a-3732383982b1",
        "bForceLoad" : false
      },
      {
        "strName" : "ItmFloorRYOF01",
        "fX"      : -10.0,
        "fY"      : 18.0,
        "fRotation" : 0.0,
        "strID"     : "8501f9a1-710c-48eb-8461-ce6dc5e422a5",
        "bForceLoad" : false
      },
      {
        "strName" : "ItmCanister01",
        "fX"      : -4.0,
        "fY"      : 8.0,
        "fRotation" : 0.0,
        "strID"     : "fdc5aa78-2ce3-43f5-9256-75c2b7bedf6c",
        "bForceLoad" : false
      },
      {
        "strName" : "ItmFloorRYOF01",
        "fX"      : -9.0,
        "fY"      : 19.0,
        "fRotation" : 0.0,
        "strID"     : "9fee8b56-747d-4ecc-a8f5-1c0d46da5f27",
        "bForceLoad" : false
      },
      {
        "strName" : "ItmFloorRYOF01",
        "fX"      : -10.0,
        "fY"      : 19.0,
        "fRotation" : 0.0,
        "strID"     : "455f2d10-4226-406f-a89a-4b4c3c1e2357",
        "bForceLoad" : false
      },
      {
        "strName" : "ItmWallRYOB01",
        "fX"      : -6.0,
        "fY"      : 21.0,
        "fRotation" : 0.0,
        "strID"     : "a39a48ea-2c45-45fe-8b88-3d5704ff1b44",
        "bForceLoad" : false
      },
      {
        "strName" : "ItmWallRYOB01",
        "fX"      : -5.0,
        "fY"      : 21.0,
        "fRotation" : 0.0,
        "strID"     : "ec03c1b2-cbb0-4647-ae48-3d20d2e2aacc",
        "bForceLoad" : false
      },
      {
        "strName" : "ItmWallRYOB01",
        "fX"      : -4.0,
        "fY"      : 21.0,
        "fRotation" : 0.0,
        "strID"     : "c70bf879-ff38-462d-8813-f4df910c30aa",
        "bForceLoad" : false
      },
      {
        "strName" : "ItmWallRYOB01",
        "fX"      : -3.0,
        "fY"      : 21.0,
        "fRotation" : 0.0,
        "strID"     : "d7fab002-e100-4e02-a4fc-ed0f3de0e6bb",
        "bForceLoad" : false
      },
      {
        "strName" : "ItmWallRYOB01",
        "fX"      : -2.0,
        "fY"      : 21.0,
        "fRotation" : 0.0,
        "strID"     : "6689d60f-36d9-4683-ba39-8ffc563ff5ba",
        "bForceLoad" : false
      },
      {
        "strName" : "ItmFloorRYOF01",
        "fX"      : -8.0,
        "fY"      : 19.0,
        "fRotation" : 0.0,
        "strID"     : "4440dae0-0106-4aa3-9f22-9dc664a060ee",
        "bForceLoad" : false
      },
      {
        "strName" : "ItmFloorRYOF01",
        "fX"      : -7.0,
        "fY"      : 19.0,
        "fRotation" : 0.0,
        "strID"     : "04225380-b72e-4265-bb2d-865a26be9990",
        "bForceLoad" : false
      },
      {
        "strName" : "ItmFloorRYOF01",
        "fX"      : -6.0,
        "fY"      : 21.0,
        "fRotation" : 0.0,
        "strID"     : "51a29e5e-d0d3-4dc2-b3fc-11850c2f27a1",
        "bForceLoad" : false
      },
      {
        "strName" : "ItmFloorRYOF01",
        "fX"      : -5.0,
        "fY"      : 21.0,
        "fRotation" : 0.0,
        "strID"     : "ce9beb23-7b27-4822-b56e-7dd87d2fb3cc",
        "bForceLoad" : false
      },
      {
        "strName" : "ItmFloorRYOF01",
        "fX"      : -4.0,
        "fY"      : 21.0,
        "fRotation" : 0.0,
        "strID"     : "0c333a04-9c4b-4b2c-9403-755428a7a6e2",
        "bForceLoad" : false
      },
      {
        "strName" : "ItmFloorRYOF01",
        "fX"      : -3.0,
        "fY"      : 21.0,
        "fRotation" : 0.0,
        "strID"     : "41aca3cc-82b0-4bcf-b82d-594d10fa851b",
        "bForceLoad" : false
      },
      {
        "strName" : "ItmBattery02",
        "fX"      : -3.5,
        "fY"      : 15.5,
        "fRotation" : 0.0,
        "strID"     : "1a506ac5-b8c6-40d4-b458-0994bffaeae4",
        "bForceLoad" : false,
        "aGPMSettings" : [
          {
            "strName" : "Panel A",
            "dictGUIPropMap" : [
              "strGUIPrefab",
              "GUIMeter",
              "strFriendlyName",
              "Battery",
              "strGUIPrefabRight",
              null,
              "strGUIPrefabLeft",
              null,
              "strGUIPrefabUp",
              null,
              "strGUIPrefabDown",
              null,
              "strTitle",
              "Battery Charge",
              "strCond",
              "StatPower",
              "strInput01",
              "",
              "fMin",
              "0.0",
              "fMax",
              "80.96"
            ]
          }
        ]
      },
      {
        "strName" : "ItmWallRYOB01",
        "fX"      : -3.0,
        "fY"      : 7.0,
        "fRotation" : 0.0,
        "strID"     : "3648d646-ef77-4f95-aeb5-1d5f0e6cd8f2",
        "bForceLoad" : false
      },
      {
        "strName" : "ItmConduit01",
        "fX"      : -2.0,
        "fY"      : 15.0,
        "fRotation" : 0.0,
        "strID"     : "e51bac94-a705-449a-963b-c19a9858c4e7",
        "bForceLoad" : false
      },
      {
        "strName" : "ItmWallRYOB01",
        "fX"      : -7.0,
        "fY"      : 20.0,
        "fRotation" : 0.0,
        "strID"     : "9b82f0b5-b0ab-4858-bb73-5ffb7fd6f87b",
        "bForceLoad" : false
      },
      {
        "strName" : "ItmFloorRYOF01",
        "fX"      : -7.0,
        "fY"      : 20.0,
        "fRotation" : 0.0,
        "strID"     : "987e69cf-2edb-46ec-b8e0-4c490059ae70",
        "bForceLoad" : false
      },
      {
        "strName" : "ItmFloorRYOF01",
        "fX"      : -9.0,
        "fY"      : 20.0,
        "fRotation" : 0.0,
        "strID"     : "3ced6a97-0043-4431-b59b-af4eb622edea",
        "bForceLoad" : false
      },
      {
        "strName" : "ItmFloorRYOF01",
        "fX"      : -10.0,
        "fY"      : 20.0,
        "fRotation" : 0.0,
        "strID"     : "d120fa37-03a7-4566-af68-fca7234b383c",
        "bForceLoad" : false
      },
      {
        "strName" : "ItmConduit01",
        "fX"      : -3.0,
        "fY"      : 14.0,
        "fRotation" : 0.0,
        "strID"     : "44d204b4-1310-46d6-9d0d-6dca83dc98ca",
        "bForceLoad" : false
      },
      {
        "strName" : "ItmDoor01ClosedOn",
        "fX"      : -6.0,
        "fY"      : 7.0,
        "fRotation" : 0.0,
        "strID"     : "91ba138b-9a31-4a55-b38d-0499e23aa771",
        "bForceLoad" : false,
        "aGPMSettings" : [
          {
            "strName" : "Panel A",
            "dictGUIPropMap" : [
              "strGUIPrefab",
              "GUILocks",
              "strFriendlyName",
              "Door Lock",
              "strGUIPrefabRight",
              null,
              "strGUIPrefabLeft",
              null,
              "strGUIPrefabUp",
              null,
              "strGUIPrefabDown",
              null,
              "strBrand",
              "Bieler",
              "strBrandSub",
              "Commercial Door Systems",
              "strMSLock",
              "ItmDoorInt01OpenLocked",
              "strMSUnlock",
              "ItmDoorInt01Open"
            ]
          }
        ]
      },
      {
        "strName" : "ItmConduit01",
        "fX"      : -4.0,
        "fY"      : 5.0,
        "fRotation" : 0.0,
        "strID"     : "d091b62e-e582-40e1-9560-42549c09b199",
        "bForceLoad" : false
      },
      {
        "strName" : "ItmConduit01",
        "fX"      : -8.0,
        "fY"      : 4.0,
        "fRotation" : 0.0,
        "strID"     : "f99c54fc-6607-4062-b580-bbec2ca9a07c",
        "bForceLoad" : false
      },
      {
        "strName" : "ItmConduit01",
        "fX"      : -1.0,
        "fY"      : 9.0,
        "fRotation" : 0.0,
        "strID"     : "204972ef-ad50-44ab-853b-e39736572446",
        "bForceLoad" : false
      },
      {
        "strName" : "ItmConduit01",
        "fX"      : -1.0,
        "fY"      : 10.0,
        "fRotation" : 0.0,
        "strID"     : "a8815cc3-95ea-49d6-b880-245e3b24efef",
        "bForceLoad" : false
      },
      {
        "strName" : "ItmConduit01",
        "fX"      : -1.0,
        "fY"      : 13.0,
        "fRotation" : 0.0,
        "strID"     : "f552cbb1-e201-4a74-a211-9c82699605cd",
        "bForceLoad" : false
      },
      {
        "strName" : "ItmConduit01",
        "fX"      : -1.0,
        "fY"      : 15.0,
        "fRotation" : 0.0,
        "strID"     : "2ddfb7f5-5c39-42b6-b1f1-faccf833becc",
        "bForceLoad" : false
      },
      {
        "strName" : "ItmWallRYOB01",
        "fX"      : -1.0,
        "fY"      : 15.0,
        "fRotation" : 0.0,
        "strID"     : "2ffbb9bd-fb17-4789-b7e7-db8fff61097e",
        "bForceLoad" : false
      },
      {
        "strName" : "ItmConduit01",
        "fX"      : -2.0,
        "fY"      : 16.0,
        "fRotation" : 0.0,
        "strID"     : "b31d2966-1512-4e8e-b120-54444f50fa93",
        "bForceLoad" : false
      },
      {
        "strName" : "ItmConduit01",
        "fX"      : -2.0,
        "fY"      : 17.0,
        "fRotation" : 0.0,
        "strID"     : "7feb0219-3857-4849-8995-088a9e180ca3",
        "bForceLoad" : false
      },
      {
        "strName" : "ItmConduit01",
        "fX"      : -2.0,
        "fY"      : 18.0,
        "fRotation" : 0.0,
        "strID"     : "e9263f62-bff5-4e3c-8bb3-2df0c338d7cb",
        "bForceLoad" : false
      },
      {
        "strName" : "ItmConduit01",
        "fX"      : -2.0,
        "fY"      : 19.0,
        "fRotation" : 0.0,
        "strID"     : "22d6da5e-da58-4f1b-adf1-9b3fddc0f3f4",
        "bForceLoad" : false
      },
      {
        "strName" : "ItmConduit01",
        "fX"      : -2.0,
        "fY"      : 20.0,
        "fRotation" : 0.0,
        "strID"     : "04a772d6-04d4-4430-859d-1a6256fd0837",
        "bForceLoad" : false
      },
      {
        "strName" : "ItmConduit01",
        "fX"      : -2.0,
        "fY"      : 21.0,
        "fRotation" : 0.0,
        "strID"     : "5ccff370-cef1-4dd7-b95d-7e5c69bb5c41",
        "bForceLoad" : false
      },
      {
        "strName" : "ItmConduit01",
        "fX"      : -5.0,
        "fY"      : 21.0,
        "fRotation" : 0.0,
        "strID"     : "6bd7d345-4205-45f1-a506-a9508a311d56",
        "bForceLoad" : false
      },
      {
        "strName" : "ItmConduit01",
        "fX"      : -4.0,
        "fY"      : 21.0,
        "fRotation" : 0.0,
        "strID"     : "b0675e5a-339a-4f57-8946-5b5c847b8ffc",
        "bForceLoad" : false
      },
      {
        "strName" : "ItmConduit01",
        "fX"      : -3.0,
        "fY"      : 21.0,
        "fRotation" : 0.0,
        "strID"     : "2053eece-c968-4374-927f-c2b5a8320d18",
        "bForceLoad" : false
      },
      {
        "strName" : "ItmConduit01",
        "fX"      : -6.0,
        "fY"      : 21.0,
        "fRotation" : 0.0,
        "strID"     : "79dc6213-0503-4388-8de1-877d8646af3e",
        "bForceLoad" : false
      },
      {
        "strName" : "ItmConduit01",
        "fX"      : -6.0,
        "fY"      : 20.0,
        "fRotation" : 0.0,
        "strID"     : "016e0e80-975d-4a6a-b637-1682a2e8817e",
        "bForceLoad" : false
      },
      {
        "strName" : "ItmConduit01",
        "fX"      : -7.0,
        "fY"      : 20.0,
        "fRotation" : 0.0,
        "strID"     : "f217c905-9706-4ec3-b825-965c2da88864",
        "bForceLoad" : false
      },
      {
        "strName" : "ItmConduit01",
        "fX"      : -8.0,
        "fY"      : 20.0,
        "fRotation" : 0.0,
        "strID"     : "c42273d6-77c7-4c39-9c6b-27ec52aa635a",
        "bForceLoad" : false
      },
      {
        "strName" : "ItmConduit01",
        "fX"      : -9.0,
        "fY"      : 20.0,
        "fRotation" : 0.0,
        "strID"     : "3fd1f6f2-509a-486a-9e1a-e43c5a451b43",
        "bForceLoad" : false
      },
      {
        "strName" : "ItmConduit01",
        "fX"      : -10.0,
        "fY"      : 20.0,
        "fRotation" : 0.0,
        "strID"     : "a344eb11-4eaf-4a06-8ab9-45f021d44b52",
        "bForceLoad" : false
      },
      {
        "strName" : "ItmConduit01",
        "fX"      : -10.0,
        "fY"      : 19.0,
        "fRotation" : 0.0,
        "strID"     : "4b7e1806-3e58-437c-be32-818d6e7c23c8",
        "bForceLoad" : false
      },
      {
        "strName" : "ItmConduit01",
        "fX"      : -10.0,
        "fY"      : 18.0,
        "fRotation" : 0.0,
        "strID"     : "9760a833-0f7f-4c3a-b174-c74c95c15bdf",
        "bForceLoad" : false
      },
      {
        "strName" : "ItmConduit01",
        "fX"      : -10.0,
        "fY"      : 17.0,
        "fRotation" : 0.0,
        "strID"     : "04df05ef-2407-4805-8679-af00d565df44",
        "bForceLoad" : false
      },
      {
        "strName" : "ItmConduit01",
        "fX"      : -10.0,
        "fY"      : 16.0,
        "fRotation" : 0.0,
        "strID"     : "7f4d0ac5-2ce2-4e97-907b-df4403f62eff",
        "bForceLoad" : false
      },
      {
        "strName" : "ItmConduit01",
        "fX"      : -10.0,
        "fY"      : 15.0,
        "fRotation" : 0.0,
        "strID"     : "3324a242-ddb3-4271-8fe7-6e8b0b62678e",
        "bForceLoad" : false
      },
      {
        "strName" : "ItmConduit01",
        "fX"      : -11.0,
        "fY"      : 11.0,
        "fRotation" : 0.0,
        "strID"     : "5df03128-3652-4e48-8278-b9979110a399",
        "bForceLoad" : false
      },
      {
        "strName" : "ItmConduit01",
        "fX"      : -11.0,
        "fY"      : 13.0,
        "fRotation" : 0.0,
        "strID"     : "1b272ebb-a4b9-4637-bdb5-e050ad0890a6",
        "bForceLoad" : false
      },
      {
        "strName" : "ItmConduit01",
        "fX"      : -11.0,
        "fY"      : 14.0,
        "fRotation" : 0.0,
        "strID"     : "072ee9b4-db5c-4295-9fd0-c5a9c741fef5",
        "bForceLoad" : false
      },
      {
        "strName" : "ItmConduit01",
        "fX"      : -11.0,
        "fY"      : 15.0,
        "fRotation" : 0.0,
        "strID"     : "49d6bbed-924d-4690-aaff-f2724f2b2155",
        "bForceLoad" : false
      },
      {
        "strName" : "ItmRCSCluster01",
        "fX"      : -11.0,
        "fY"      : 14.0,
        "fRotation" : 90.0,
        "strID"     : "e2f2ee77-74bd-4c8c-96d0-271a2b4f1640",
        "bForceLoad" : false
      },
      {
        "strName" : "ItmFloorRYOF01",
        "fX"      : -11.0,
        "fY"      : 7.0,
        "fRotation" : 0.0,
        "strID"     : "e996b72e-2008-4b4e-9376-912f3604b7c0",
        "bForceLoad" : false
      },
      {
        "strName" : "ItmWallRYOB01",
        "fX"      : -4.0,
        "fY"      : 5.0,
        "fRotation" : 0.0,
        "strID"     : "065faede-afc6-4163-91b3-b9f662e15122",
        "bForceLoad" : false
      },
      {
        "strName" : "ItmLitWall1x0Orange",
        "fX"      : -4.0,
        "fY"      : 20.0,
        "fRotation" : 0.0,
        "strID"     : "f438b212-bdbe-497c-8cac-77a7f2d8ac8e",
        "bForceLoad" : false
      },
      {
        "strName" : "ItmFloorRYOF01",
        "fX"      : -9.0,
        "fY"      : 6.0,
        "fRotation" : 0.0,
        "strID"     : "629ca604-31f6-4df4-870f-b8af99e12b42",
        "bForceLoad" : false
      },
      {
        "strName" : "ItmFloorRYOF01",
        "fX"      : -10.0,
        "fY"      : 7.0,
        "fRotation" : 0.0,
        "strID"     : "0366af18-bce4-4a6b-a919-284c5be21659",
        "bForceLoad" : false
      },
      {
        "strName" : "ItmConduit01",
        "fX"      : -9.0,
        "fY"      : 16.0,
        "fRotation" : 0.0,
        "strID"     : "0a68ac9b-9e8d-4f4a-96fd-1b8666637b11",
        "bForceLoad" : false
      },
      {
        "strName" : "ItmConduit01",
        "fX"      : -1.0,
        "fY"      : 7.0,
        "fRotation" : 0.0,
        "strID"     : "3ab93ac7-7c43-4c31-acce-5c8f481c9429",
        "bForceLoad" : false
      },
      {
        "strName" : "ItmSwitch01On",
        "fX"      : -4.0,
        "fY"      : 17.0,
        "fRotation" : 270.0,
        "strID"     : "91ef4d12-a26f-4481-85de-a950836bdf58",
        "bForceLoad" : false
      },
      {
        "strName" : "ItmConduit01",
        "fX"      : -3.0,
        "fY"      : 17.0,
        "fRotation" : 0.0,
        "strID"     : "d676da94-e731-4a24-8561-1734482e2ed7",
        "bForceLoad" : false
      },
      {
        "strName" : "ItmAirPump03OnG",
        "fX"      : -5.0,
        "fY"      : 15.0,
        "fRotation" : 0.0,
        "strID"     : "03ffb51f-0362-4fa3-9895-cf772822a443",
        "bForceLoad" : false,
        "aGPMSettings" : [
          {
            "strName" : "Panel A",
            "dictGUIPropMap" : [
              "strGUIPrefab",
              "GUIAirPump",
              "strFriendlyName",
              "Air Pump",
              "strGUIPrefabRight",
              null,
              "strGUIPrefabLeft",
              null,
              "strGUIPrefabUp",
              null,
              "strGUIPrefabDown",
              null,
              "strTitle",
              "Unscrew for Pressure Sensor Input Signal",
              "strValidCOTrigger01",
              "TIsAlarm2",
              "strCondMonitor01",
              "IsReadyPumpAir",
              "strInput01",
              "37d1b40f-715e-4dcf-85cd-8ab2cfba97dd",
              "nKnobBus",
              "1",
              "bTurbo",
              "false",
              "bReverse",
              "false"
            ]
          }
        ]
      },
      {
        "strName" : "ItmWallRYOB01",
        "fX"      : -5.0,
        "fY"      : 15.0,
        "fRotation" : 0.0,
        "strID"     : "08ac7284-205a-44b1-8aa6-50775544edac",
        "bForceLoad" : false
      },
      {
        "strName" : "ItmRTAO2",
        "fX"      : -5.0,
        "fY"      : 16.0,
        "fRotation" : 180.0,
        "strID"     : "8cad5201-a8ac-45b4-96b6-a9c7a89bfc56",
        "bForceLoad" : false
      },
      {
        "strName" : "ItmConduit01",
        "fX"      : -5.0,
        "fY"      : 15.0,
        "fRotation" : 0.0,
        "strID"     : "014a6fc6-6ce9-4d44-95b2-020964f70b84",
        "bForceLoad" : false
      },
      {
        "strName" : "ItmConduit01",
        "fX"      : -4.0,
        "fY"      : 15.0,
        "fRotation" : 0.0,
        "strID"     : "ca0e054a-621f-4899-a0d1-e224af12c415",
        "bForceLoad" : false
      },
      {
        "strName" : "ItmConduit01",
        "fX"      : -4.0,
        "fY"      : 14.0,
        "fRotation" : 0.0,
        "strID"     : "7b1baa68-16ef-4881-aeb4-5420cce55b28",
        "bForceLoad" : false
      },
      {
        "strName" : "ItmAlarmTempOnW",
        "fX"      : -9.0,
        "fY"      : 18.0,
        "fRotation" : 90.0,
        "strID"     : "82dc3dce-c486-4794-9f84-8cd254ee84d0",
        "bForceLoad" : false,
        "aGPMSettings" : [
          {
            "strName" : "Panel A",
            "dictGUIPropMap" : [
              "strGUIPrefab",
              "GUIOnOff",
              "strFriendlyName",
              "Alarm",
              "strGUIPrefabRight",
              null,
              "strGUIPrefabLeft",
              null,
              "strGUIPrefabUp",
              null,
              "strGUIPrefabDown",
              null,
              "strTitle",
              "Alarm Override"
            ]
          }
        ]
      },
      {
        "strName" : "ItmAlarmO2OnG",
        "fX"      : -9.0,
        "fY"      : 17.0,
        "fRotation" : 90.0,
        "strID"     : "37d1b40f-715e-4dcf-85cd-8ab2cfba97dd",
        "bForceLoad" : false,
        "aGPMSettings" : [
          {
            "strName" : "Panel A",
            "dictGUIPropMap" : [
              "strGUIPrefab",
              "GUIOnOff",
              "strFriendlyName",
              "Alarm",
              "strGUIPrefabRight",
              null,
              "strGUIPrefabLeft",
              null,
              "strGUIPrefabUp",
              null,
              "strGUIPrefabDown",
              null,
              "strTitle",
              "Alarm Override"
            ]
          }
        ]
      },
      {
        "strName" : "ItmConduit01",
        "fX"      : -4.0,
        "fY"      : 7.0,
        "fRotation" : 0.0,
        "strID"     : "01eda1b0-346c-44ac-ba49-1bc15c29e0dd",
        "bForceLoad" : false
      },
      {
        "strName" : "ItmWallRYOB01",
        "fX"      : -9.0,
        "fY"      : 7.0,
        "fRotation" : 0.0,
        "strID"     : "152b578f-b039-4041-ae32-30641baf0d5f",
        "bForceLoad" : false
      },
      {
        "strName" : "ItmFloorRYOF01",
        "fX"      : -9.0,
        "fY"      : 5.0,
        "fRotation" : 0.0,
        "strID"     : "e5c99676-9940-483e-858f-dc49c8b1f5ed",
        "bForceLoad" : false
      },
      {
        "strName" : "ItmWallRYOB01",
        "fX"      : -1.0,
        "fY"      : 14.0,
        "fRotation" : 0.0,
        "strID"     : "7fbdb293-5c46-465e-8121-3c8d7201abf0",
        "bForceLoad" : false
      },
      {
        "strName" : "ItmWallRYOB01",
        "fX"      : -1.0,
        "fY"      : 13.0,
        "fRotation" : 0.0,
        "strID"     : "28d5f0e3-0f23-464f-8052-13aeff28b28c",
        "bForceLoad" : false
      },
      {
        "strName" : "ItmWallRYOB01",
        "fX"      : -1.0,
        "fY"      : 12.0,
        "fRotation" : 0.0,
        "strID"     : "0d28f1b2-e12f-4ec6-aa26-f45dd25df9cb",
        "bForceLoad" : false
      },
      {
        "strName" : "ItmWallRYOB01",
        "fX"      : -1.0,
        "fY"      : 11.0,
        "fRotation" : 0.0,
        "strID"     : "95bb4471-ffcc-4cf9-8789-a1246a261679",
        "bForceLoad" : false
      },
      {
        "strName" : "ItmWallRYOB01",
        "fX"      : -11.0,
        "fY"      : 15.0,
        "fRotation" : 0.0,
        "strID"     : "de5b9df1-c7bc-439f-80bf-1930883353d2",
        "bForceLoad" : false
      },
      {
        "strName" : "ItmWallRYOB01",
        "fX"      : -11.0,
        "fY"      : 11.0,
        "fRotation" : 0.0,
        "strID"     : "9972c733-d4b9-418f-9ee0-c6668a380a2a",
        "bForceLoad" : false
      },
      {
        "strName" : "ItmWallRYOB01",
        "fX"      : -11.0,
        "fY"      : 10.0,
        "fRotation" : 0.0,
        "strID"     : "138b104c-693c-4a9d-acb5-a6ef3e5f9a46",
        "bForceLoad" : false
      },
      {
        "strName" : "ItmWallRYOB01",
        "fX"      : -11.0,
        "fY"      : 9.0,
        "fRotation" : 0.0,
        "strID"     : "0ba605b4-ba63-49df-8e85-ebaa6563a2c0",
        "bForceLoad" : false
      },
      {
        "strName" : "ItmFloorRYOF01",
        "fX"      : -11.0,
        "fY"      : 9.0,
        "fRotation" : 0.0,
        "strID"     : "c60f7d72-d7b0-4b16-9f5a-cae41453c2bb",
        "bForceLoad" : false
      },
      {
        "strName" : "ItmFloorRYOF01",
        "fX"      : -11.0,
        "fY"      : 10.0,
        "fRotation" : 0.0,
        "strID"     : "0fe0b95c-ea88-40a4-84a1-4e4841427779",
        "bForceLoad" : false
      },
      {
        "strName" : "ItmFloorRYOF01",
        "fX"      : -11.0,
        "fY"      : 11.0,
        "fRotation" : 0.0,
        "strID"     : "8662abb4-1a9f-47c1-a7e2-7bb62b171d86",
        "bForceLoad" : false
      },
      {
        "strName" : "ItmFloorRYOF01",
        "fX"      : -11.0,
        "fY"      : 12.0,
        "fRotation" : 0.0,
        "strID"     : "d6d9d7aa-9097-4faf-bfc0-c01959e3807c",
        "bForceLoad" : false
      },
      {
        "strName" : "ItmFloorRYOF01",
        "fX"      : -11.0,
        "fY"      : 13.0,
        "fRotation" : 0.0,
        "strID"     : "3c0f47ed-68ce-4d01-9651-512068f43e17",
        "bForceLoad" : false
      },
      {
        "strName" : "ItmFloorRYOF01",
        "fX"      : -11.0,
        "fY"      : 14.0,
        "fRotation" : 0.0,
        "strID"     : "99da8f86-4258-40d3-8e0e-5923ac3de024",
        "bForceLoad" : false
      },
      {
        "strName" : "ItmFloorRYOF01",
        "fX"      : -11.0,
        "fY"      : 15.0,
        "fRotation" : 0.0,
        "strID"     : "35113fa9-ed54-46cc-a897-ccadce71d582",
        "bForceLoad" : false
      },
      {
        "strName" : "ItmFloorRYOF01",
        "fX"      : -1.0,
        "fY"      : 9.0,
        "fRotation" : 0.0,
        "strID"     : "9f282fa1-8bdb-41e5-9487-a1736ab60791",
        "bForceLoad" : false
      },
      {
        "strName" : "ItmFloorRYOF01",
        "fX"      : -1.0,
        "fY"      : 10.0,
        "fRotation" : 0.0,
        "strID"     : "d4c8232e-addf-4567-9a93-a3d398c0ce29",
        "bForceLoad" : false
      },
      {
        "strName" : "ItmFloorRYOF01",
        "fX"      : -1.0,
        "fY"      : 11.0,
        "fRotation" : 0.0,
        "strID"     : "c132e73a-a8e6-4b6f-bcf4-a20bf1dd5355",
        "bForceLoad" : false
      },
      {
        "strName" : "ItmFloorRYOF01",
        "fX"      : -1.0,
        "fY"      : 12.0,
        "fRotation" : 0.0,
        "strID"     : "f61465e7-de7c-4039-a461-f0949c709b67",
        "bForceLoad" : false
      },
      {
        "strName" : "ItmFloorRYOF01",
        "fX"      : -1.0,
        "fY"      : 13.0,
        "fRotation" : 0.0,
        "strID"     : "08ec59a8-575c-458f-b51f-6f99b5aad359",
        "bForceLoad" : false
      },
      {
        "strName" : "ItmFloorRYOF01",
        "fX"      : -1.0,
        "fY"      : 14.0,
        "fRotation" : 0.0,
        "strID"     : "53e66040-c8fb-41ee-8d07-26412c424775",
        "bForceLoad" : false
      },
      {
        "strName" : "ItmFloorRYOF01",
        "fX"      : -1.0,
        "fY"      : 15.0,
        "fRotation" : 0.0,
        "strID"     : "e9dcfc3f-6c22-42cd-8cef-564d154ae5b2",
        "bForceLoad" : false
      },
      {
        "strName" : "ItmConduit01",
        "fX"      : -10.0,
        "fY"      : 14.0,
        "fRotation" : 0.0,
        "strID"     : "e225f460-2960-4eb1-b405-5a22203f0132",
        "bForceLoad" : false
      },
      {
        "strName" : "ItmConduit01",
        "fX"      : -11.0,
        "fY"      : 9.0,
        "fRotation" : 0.0,
        "strID"     : "63630fa6-930e-45f3-b44b-5402801888df",
        "bForceLoad" : false
      },
      {
        "strName" : "ItmConduit01",
        "fX"      : -11.0,
        "fY"      : 10.0,
        "fRotation" : 0.0,
        "strID"     : "bae55e72-7eb1-44da-8187-a1687e0ac74d",
        "bForceLoad" : false
      },
      {
        "strName" : "SysLootSpawner",
        "fX"      : -8.0,
        "fY"      : 18.0,
        "fRotation" : 0.0,
        "strID"     : "52b1bf53-2926-4c37-b417-7f42bf8e2a5b",
        "bForceLoad" : false,
        "aGPMSettings" : [
          {
            "strName" : "Panel A",
            "dictGUIPropMap" : [
              "strGUIPrefab",
              "GUILootSpawn",
              "strFriendlyName",
              "Loot Spawner",
              "strGUIPrefabRight",
              null,
              "strGUIPrefabLeft",
              null,
              "strGUIPrefabUp",
              null,
              "strGUIPrefabDown",
              null,
              "strType",
              "Loot",
              "strLoot",
              "ItmDerelictSpareFloorRYOF",
              "strRange",
              "1",
              "strCount",
              "1",
              "strDamaged",
              "True",
              "strDerelict",
              "True"
            ]
          }
        ]
      },
      {
        "strName" : "ItmFloorRYOF04",
        "fX"      : -5.0,
        "fY"      : 4.0,
        "fRotation" : 270.0,
        "strID"     : "2ff49cab-d268-41de-9888-0aed37517e8c",
        "bForceLoad" : false
      },
      {
        "strName" : "ItmFloorRYOF04",
        "fX"      : -6.0,
        "fY"      : 4.0,
        "fRotation" : 270.0,
        "strID"     : "01345dce-d1e8-407d-ab5a-dc54803f173e",
        "bForceLoad" : false
      },
      {
        "strName" : "ItmFloorRYOF04",
        "fX"      : -7.0,
        "fY"      : 4.0,
        "fRotation" : 270.0,
        "strID"     : "59910db8-bc66-4ca4-a26e-802c33f8c7d8",
        "bForceLoad" : false
      },
      {
        "strName" : "ItmFloorRYOF04",
        "fX"      : -7.0,
        "fY"      : 6.0,
        "fRotation" : 90.0,
        "strID"     : "876a5441-a056-4c82-8f9e-a45ecdafdde5",
        "bForceLoad" : false
      },
      {
        "strName" : "ItmFloorRYOF04",
        "fX"      : -6.0,
        "fY"      : 6.0,
        "fRotation" : 90.0,
        "strID"     : "056faa89-08cc-403c-b530-c0b39b7759fb",
        "bForceLoad" : false
      },
      {
        "strName" : "ItmFloorRYOF04",
        "fX"      : -5.0,
        "fY"      : 6.0,
        "fRotation" : 90.0,
        "strID"     : "e1198423-042e-4b73-8f2a-771e54df3a84",
        "bForceLoad" : false
      },
      {
        "strName" : "ItmWallRYOB01",
        "fX"      : -8.0,
        "fY"      : 5.0,
        "fRotation" : 0.0,
        "strID"     : "020324f8-212d-43bc-82da-7816cd1ac7b8",
        "bForceLoad" : false
      },
      {
        "strName" : "ItmWallRYOB01",
        "fX"      : -9.0,
        "fY"      : 5.0,
        "fRotation" : 0.0,
        "strID"     : "7473d8e8-8227-4210-846a-c46302e8f619",
        "bForceLoad" : false
      },
      {
        "strName" : "ItmWallRYOB01",
        "fX"      : -3.0,
        "fY"      : 5.0,
        "fRotation" : 0.0,
        "strID"     : "b69277ea-b49e-4b62-8a51-d837ae4b256c",
        "bForceLoad" : false
      },
      {
        "strName" : "ItmLitWall1x0",
        "fX"      : -9.0,
        "fY"      : 4.0,
        "fRotation" : 270.0,
        "strID"     : "bc151bc0-0735-4205-b8e7-1f579b90f66e",
        "bForceLoad" : false
      },
      {
        "strName" : "ItmLitWall1x0",
        "fX"      : -3.0,
        "fY"      : 4.0,
        "fRotation" : 90.0,
        "strID"     : "feaf2c1a-0718-4de7-b412-be001cb5d901",
        "bForceLoad" : false
      },
      {
        "strName" : "ItmFloorRYOF01",
        "fX"      : -3.0,
        "fY"      : 6.0,
        "fRotation" : 0.0,
        "strID"     : "09707afc-3dbc-4ec4-b036-84fe0e5f8c14",
        "bForceLoad" : false
      },
      {
        "strName" : "ItmFloorRYOF01",
        "fX"      : -4.0,
        "fY"      : 6.0,
        "fRotation" : 0.0,
        "strID"     : "07f844b9-a533-4ef3-860a-ec124c58488e",
        "bForceLoad" : false
      },
      {
        "strName" : "ItmWallRYOB01",
        "fX"      : -11.0,
        "fY"      : 8.0,
        "fRotation" : 0.0,
        "strID"     : "e65a6d8a-2c48-4c3a-87f1-70c1898a2bfa",
        "bForceLoad" : false
      },
      {
        "strName" : "ItmFloorRYOF01",
        "fX"      : -1.0,
        "fY"      : 8.0,
        "fRotation" : 0.0,
        "strID"     : "60bd794b-e027-4255-8b76-01212b333193",
        "bForceLoad" : false
      },
      {
        "strName" : "ItmFloorRYOF01",
        "fX"      : -1.0,
        "fY"      : 7.0,
        "fRotation" : 0.0,
        "strID"     : "3c27a7fc-4b4c-49ad-91ad-81f511291b01",
        "bForceLoad" : false
      },
      {
        "strName" : "ItmWallRYOB01",
        "fX"      : -2.0,
        "fY"      : 7.0,
        "fRotation" : 0.0,
        "strID"     : "ec41aa2b-0f8f-4934-859b-da70a20e49b9",
        "bForceLoad" : false
      },
      {
        "strName" : "ItmWallRYOB01",
        "fX"      : -1.0,
        "fY"      : 7.0,
        "fRotation" : 0.0,
        "strID"     : "d28ed367-e8f5-49bf-9436-dd6348e6f83c",
        "bForceLoad" : false
      },
      {
        "strName" : "ItmWallRYOB01",
        "fX"      : -1.0,
        "fY"      : 8.0,
        "fRotation" : 0.0,
        "strID"     : "befe1a14-94a5-4d88-981f-cc980f23eb71",
        "bForceLoad" : false
      },
      {
        "strName" : "ItmConduit01",
        "fX"      : -8.0,
        "fY"      : 5.0,
        "fRotation" : 0.0,
        "strID"     : "51685039-1d27-4a61-87c6-26c33bd2f987",
        "bForceLoad" : false
      },
      {
        "strName" : "ItmConduit01",
        "fX"      : -9.0,
        "fY"      : 5.0,
        "fRotation" : 0.0,
        "strID"     : "ff9e388e-0eb4-4468-bced-8b8dec3d97dd",
        "bForceLoad" : false
      },
      {
        "strName" : "ItmConduit01",
        "fX"      : -9.0,
        "fY"      : 6.0,
        "fRotation" : 0.0,
        "strID"     : "2db6dab0-58b9-47fc-ae5b-b56c407dc856",
        "bForceLoad" : false
      },
      {
        "strName" : "ItmConduit01",
        "fX"      : -9.0,
        "fY"      : 7.0,
        "fRotation" : 0.0,
        "strID"     : "cc57284b-6a11-4da5-a54f-fc377950697e",
        "bForceLoad" : false
      },
      {
        "strName" : "ItmConduit01",
        "fX"      : -8.0,
        "fY"      : 7.0,
        "fRotation" : 0.0,
        "strID"     : "8e3336a8-9f3a-4bcb-b9b4-b685aa7b4e5e",
        "bForceLoad" : false
      },
      {
        "strName" : "ItmConduit01",
        "fX"      : -10.0,
        "fY"      : 7.0,
        "fRotation" : 0.0,
        "strID"     : "025cf2e9-18f9-4e1f-8cf0-c44463976103",
        "bForceLoad" : false
      },
      {
        "strName" : "ItmConduit01",
        "fX"      : -11.0,
        "fY"      : 7.0,
        "fRotation" : 0.0,
        "strID"     : "8f32d82b-d219-464a-bcbc-2417cffcfacb",
        "bForceLoad" : false
      },
      {
        "strName" : "ItmConduit01",
        "fX"      : -11.0,
        "fY"      : 8.0,
        "fRotation" : 0.0,
        "strID"     : "3ec7830e-ba6f-4909-b7b7-552ccaaa1412",
        "bForceLoad" : false
      },
      {
        "strName" : "ItmRCSCluster01",
        "fX"      : -11.0,
        "fY"      : 8.0,
        "fRotation" : 90.0,
        "strID"     : "09d95751-8248-4fee-a907-11e6b248d491",
        "bForceLoad" : false
      },
      {
        "strName" : "ItmRCSCluster01",
        "fX"      : -0.9999998,
        "fY"      : 8.0,
        "fRotation" : 270.0,
        "strID"     : "456a0a87-1035-4eb5-b4b1-ef9940696202",
        "bForceLoad" : false
      },
      {
        "strName" : "ItmConduit01",
        "fX"      : -1.0,
        "fY"      : 8.0,
        "fRotation" : 0.0,
        "strID"     : "5f4782cb-1bd2-4781-a8fb-73f6f1a1ee09",
        "bForceLoad" : false
      },
      {
        "strName" : "ItmLitWall1x0",
        "fX"      : -2.0,
        "fY"      : 11.0,
        "fRotation" : 270.0,
        "strID"     : "3b80b45c-3cb7-48d2-a15e-89968fbbf822",
        "bForceLoad" : false
      },
      {
        "strName" : "ItmLitWall1x0",
        "fX"      : -10.0,
        "fY"      : 11.0,
        "fRotation" : 90.0,
        "strID"     : "70c7ac19-bdb2-429b-b2ed-b53f2bb17501",
        "bForceLoad" : false
      },
      {
        "strName" : "ItmRTAN2",
        "fX"      : -9.0,
        "fY"      : 10.0,
        "fRotation" : 270.0,
        "strID"     : "7b1b5773-9718-47fe-84f5-1e56088ae051",
        "bForceLoad" : false
      },
      {
        "strName" : "ItmRTAN2",
        "fX"      : -9.0,
        "fY"      : 11.0,
        "fRotation" : 270.0,
        "strID"     : "482bffc9-0a90-4b6a-a4f3-d5941e25e6f0",
        "bForceLoad" : false
      },
      {
        "strName" : "ItmRTAN2",
        "fX"      : -9.0,
        "fY"      : 12.0,
        "fRotation" : 270.0,
        "strID"     : "056f2c35-c3cc-4b4c-bf72-502e81ea1e44",
        "bForceLoad" : false
      },
      {
        "strName" : "ItmRTAN2",
        "fX"      : -8.0,
        "fY"      : 10.0,
        "fRotation" : 270.0,
        "strID"     : "bdeb0923-935c-492a-9fed-1e14bf7dc2ec",
        "bForceLoad" : false
      },
      {
        "strName" : "ItmRTAN2",
        "fX"      : -8.0,
        "fY"      : 11.0,
        "fRotation" : 270.0,
        "strID"     : "eb3ae40a-9d86-4e9f-ac35-32766203d7cd",
        "bForceLoad" : false
      },
      {
        "strName" : "ItmRTAN2",
        "fX"      : -8.0,
        "fY"      : 12.0,
        "fRotation" : 270.0,
        "strID"     : "76acd6d0-1ca6-43e8-9ff4-8f5c0b4de815",
        "bForceLoad" : false
      },
      {
        "strName" : "ItmRTAN2",
        "fX"      : -4.0,
        "fY"      : 12.0,
        "fRotation" : 90.0,
        "strID"     : "8e23e168-a06f-4e3e-a19b-2c9a39861dfa",
        "bForceLoad" : false
      },
      {
        "strName" : "ItmRTAN2",
        "fX"      : -4.0,
        "fY"      : 11.0,
        "fRotation" : 90.0,
        "strID"     : "5618bb3d-c94f-4df7-8d09-f61c1b613de8",
        "bForceLoad" : false
      },
      {
        "strName" : "ItmRTAN2",
        "fX"      : -4.0,
        "fY"      : 10.0,
        "fRotation" : 90.0,
        "strID"     : "dd9d51ef-eb81-43c2-9f15-68757b891463",
        "bForceLoad" : false
      },
      {
        "strName" : "ItmRTAN2",
        "fX"      : -3.0,
        "fY"      : 10.0,
        "fRotation" : 90.0,
        "strID"     : "894f86b8-4ef7-474f-9dbe-4d2646fdf337",
        "bForceLoad" : false
      },
      {
        "strName" : "ItmRTAN2",
        "fX"      : -3.0,
        "fY"      : 11.0,
        "fRotation" : 90.0,
        "strID"     : "fdaaf74f-8dfd-47f0-ac66-cdacf5769503",
        "bForceLoad" : false
      },
      {
        "strName" : "ItmRTAN2",
        "fX"      : -3.0,
        "fY"      : 12.0,
        "fRotation" : 90.0,
        "strID"     : "0c637faa-1d79-4ebd-ae36-e621516d9177",
        "bForceLoad" : false
      },
      {
        "strName" : "ItmRTAN2",
        "fX"      : -8.0,
        "fY"      : 15.0,
        "fRotation" : 0.0,
        "strID"     : "06f21c02-da36-498f-85ea-799de213c340",
        "bForceLoad" : false
      },
      {
        "strName" : "ItmRTAN2",
        "fX"      : -8.0,
        "fY"      : 16.0,
        "fRotation" : 180.0,
        "strID"     : "f507589b-972b-42e5-8d4f-f80220f8e06f",
        "bForceLoad" : false
      },
      {
        "strName" : "Compartment",
        "fX"      : -12.0,
        "fY"      : 22.0,
        "fRotation" : 0.0,
        "strID"     : "8e88efc2-d3e6-4025-a1f8-284c2e5cddb9",
        "bForceLoad" : false
      },
      {
        "strName" : "Compartment",
        "fX"      : -5.0,
        "fY"      : 20.0,
        "fRotation" : 0.0,
        "strID"     : "c29c631c-7792-4544-b357-c4cc49ef8c82",
        "bForceLoad" : false
      },
      {
        "strName" : "Compartment",
        "fX"      : -8.0,
        "fY"      : 6.0,
        "fRotation" : 0.0,
        "strID"     : "b49c245a-d0ab-4a61-bd5c-369ad43bce61",
        "bForceLoad" : false
      }
    ],
    "aShallowPSpecs"   : [
      {
        "strName" : "SysLootSpawner",
        "fX"      : -6.0,
        "fY"      : 16.0,
        "fRotation" : 0.0,
        "strID"     : "6f73529b-886b-4b37-8392-db5d20deaafe",
        "bForceLoad" : false,
        "aGPMSettings" : [
          {
            "strName" : "Panel A",
            "dictGUIPropMap" : [
              "strGUIPrefab",
              "GUILootSpawn",
              "strFriendlyName",
              "Loot Spawner",
              "strGUIPrefabRight",
              null,
              "strGUIPrefabLeft",
              null,
              "strGUIPrefabUp",
              null,
              "strGUIPrefabDown",
              null,
              "strType",
              "Pspec",
              "strLoot",
              "NotBoarding",
              "strRange",
              "2",
              "strCount",
              "0",
              "strNew",
              "True",
              "strDamaged",
              "True",
              "strDerelict",
              "True"
            ]
          }
        ]
      },
      {
        "strName" : "SysLootSpawner",
        "fX"      : -6.0,
        "fY"      : 5.0,
        "fRotation" : 0.0,
        "strID"     : "e13d0024-bf38-4ccb-8be8-e22597872820",
        "bForceLoad" : false,
        "aGPMSettings" : [
          {
            "strName" : "Panel A",
            "dictGUIPropMap" : [
              "strGUIPrefab",
              "GUILootSpawn",
              "strFriendlyName",
              "Loot Spawner",
              "strGUIPrefabRight",
              null,
              "strGUIPrefabLeft",
              null,
              "strGUIPrefabUp",
              null,
              "strGUIPrefabDown",
              null,
              "strType",
              "Pspec",
              "strLoot",
              "Boarding",
              "strRange",
              "1",
              "strCount",
              "0",
              "strDamaged",
              "True",
              "strDerelict",
              "True",
              "strNew",
              "True"
            ]
          }
        ]
      }
    ],
    "vShipPos"         : {
      "x" : -6.0,
      "y" : 16.0
    },
    "objSS"            : {
      "boPORShip" : "1036 Ganymed",
      "vPosx"     : 0.973887185841131,
      "vPosy"     : -1.56526159343338,
      "vBOOffsetx" : 4.92317223876881E-06,
      "vBOOffsety" : 9.35991046246976E-06,
      "vVelX"      : 1.6719351825234E-07,
      "vVelY"      : 1.35867452843996E-08,
      "vAccIn"     : {
        "x" : 0.0,
        "y" : 0.0
      },
      "vAccRCS"    : {
        "x" : 0.0,
        "y" : 0.0
      },
      "vAccEx"     : {
        "x" : 0.0,
        "y" : 0.0
      },
      "fRot"       : 3.255984,
      "fW"         : 0.0,
      "fA"         : 0.0,
      "bBOLocked"  : true,
      "bIsBO"      : false,
      "bIsRegion"  : false,
      "bIsNoFees"  : false
    },
    "aRooms"           : [
      {
        "strID" : "8e88efc2-d3e6-4025-a1f8-284c2e5cddb9",
        "bVoid" : true,
        "aTiles" : [
          0,
          1,
          13,
          2,
          14,
          26,
          3,
          15,
          27,
          39,
          4,
          16,
          40,
          52,
          5,
          17,
          53,
          65,
          6,
          18,
          66,
          78,
          7,
          79,
          91,
          8,
          104,
          9,
          117,
          10,
          130,
          11,
          143,
          12,
          24,
          156,
          25,
          37,
          169,
          38,
          50,
          182,
          51,
          63,
          195,
          64,
          76,
          208,
          77,
          89,
          209,
          221,
          90,
          210,
          222,
          234,
          103,
          223,
          235,
          247,
          116,
          236,
          248,
          129,
          237,
          249,
          142,
          250,
          155,
          168,
          181,
          194,
          207,
          220,
          219,
          233,
          218,
          232,
          246,
          231,
          245,
          259,
          244,
          258,
          243,
          257,
          256
        ]
      },
      {
        "strID" : "c29c631c-7792-4544-b357-c4cc49ef8c82",
        "bVoid" : false,
        "aTiles" : [
          33,
          34,
          46,
          35,
          47,
          45,
          59,
          48,
          60,
          44,
          58,
          72,
          61,
          73,
          43,
          57,
          71,
          85,
          74,
          86,
          42,
          56,
          70,
          84,
          87,
          99,
          55,
          69,
          83,
          97,
          100,
          112,
          68,
          82,
          96,
          110,
          113,
          111,
          125,
          81,
          95,
          109,
          123,
          114,
          126,
          124,
          138,
          94,
          108,
          122,
          136,
          127,
          139,
          137,
          151,
          107,
          121,
          135,
          149,
          140,
          152,
          150,
          164,
          106,
          120,
          134,
          148,
          162,
          153,
          165,
          163,
          177,
          119,
          133,
          147,
          161,
          175,
          166,
          178,
          176,
          190,
          132,
          146,
          160,
          174,
          188,
          179,
          191,
          189,
          145,
          159,
          173,
          187,
          201,
          192,
          158,
          172,
          186,
          171,
          185,
          184
        ]
      },
      {
        "strID" : "b49c245a-d0ab-4a61-bd5c-369ad43bce61",
        "bVoid" : false,
        "aTiles" : [
          212,
          213,
          214,
          226,
          215,
          227,
          239,
          216,
          228,
          240,
          241,
          253
        ]
      }
    ],
    "DMGStatus"        : 2,
    "fLastVisit"       : 0.0,
    "fAIDockingTimer"  : 0.0,
    "fAIPauseTimer"    : 0.0,
    "bPrefill"         : true,
    "bNoCollisions"    : false,
    "dLastScanTime"    : 65627652873.2588,
    "bLocalAuthority"  : false,
    "bAIShip"          : false,
    "make"             : "Ryokka",
    "model"            : "T TU-7a",
    "year"             : "2060",
    "origin"           : "Fort Simpson",
    "designation"      : "Gas Tug",
    "publicName"       : "Ulterior Topiary",
    "dimensions"       : "0.32m x 3.84m",
    "fShallowMass"     : 6030.0,
    "fShallowRCSRemass" : 749.2463964,
    "fShallowRCSRemassMax" : 749.364694715254,
    "fShallowFusionRemain" : 0.0,
    "fBreakInMultiplier"   : 0.05471739,
    "nRCSCount"            : 4,
    "nRCSDistroCount"      : 2,
    "nDockCount"           : 1,
    "bFusionTorch"         : false
  }
]