
[
  {
    "strName" : "J-14W",
    "strRegID" : "J-14W",
    "nCurrentWaypoint" : -1,
    "fTimeEngaged"     : 160853.3,
    "aCOs"             : [
      {
        "strID" : "db7abf74-219b-47be-9986-d762e4eaeea4",
        "strCODef" : "SysLootSpawner",
        "bAlive"   : true,
        "aConds"   : [
          "IsNonHighlightable=1.0x1",
          "IsHiddenInv=1.0x1",
          "IsLootSpawner=1.0x1",
          "IsSystem=1.0x1"
        ],
        "strCondID" : "SysLootSpawnerdb7abf74-219b-47be-9986-d762e4eaeea4",
        "inventoryX" : 0,
        "inventoryY" : 0,
        "fDGasTemp"  : 0.0,
        "fLastICOUpdate" : 65627555593.5527,
        "nDestTile"      : 0,
        "strIdleAnim"    : "Idle",
        "aMyShips"       : [
          "J-14W"
        ],
        "strIMGPreview"  : "IcoLoot",
        "strFriendlyName" : "SysLootSpawner",
        "strRegIDLast"    : "J-14W"
      },
      {
        "strID" : "6317760c-a1cf-496b-9d91-ee2091e3356a",
        "strCODef" : "SysLootSpawner",
        "bAlive"   : true,
        "aConds"   : [
          "IsNonHighlightable=1.0x1",
          "IsHiddenInv=1.0x1",
          "IsLootSpawner=1.0x1",
          "IsSystem=1.0x1"
        ],
        "strCondID" : "SysLootSpawner6317760c-a1cf-496b-9d91-ee2091e3356a",
        "inventoryX" : 0,
        "inventoryY" : 0,
        "fDGasTemp"  : 0.0,
        "fLastICOUpdate" : 65627555593.5527,
        "nDestTile"      : 0,
        "strIdleAnim"    : "Idle",
        "aMyShips"       : [
          "J-14W"
        ],
        "strIMGPreview"  : "IcoLoot",
        "strFriendlyName" : "SysLootSpawner",
        "strRegIDLast"    : "J-14W"
      },
      {
        "strID" : "f60b6b92-44bb-4136-ac5c-34ef39fc030b",
        "strCODef" : "SysLootSpawner",
        "bAlive"   : true,
        "aConds"   : [
          "IsNonHighlightable=1.0x1",
          "IsHiddenInv=1.0x1",
          "IsLootSpawner=1.0x1",
          "IsSystem=1.0x1"
        ],
        "strCondID" : "SysLootSpawnerf60b6b92-44bb-4136-ac5c-34ef39fc030b",
        "inventoryX" : 0,
        "inventoryY" : 0,
        "fDGasTemp"  : 0.0,
        "fLastICOUpdate" : 65627555593.5527,
        "nDestTile"      : 0,
        "strIdleAnim"    : "Idle",
        "aMyShips"       : [
          "J-14W"
        ],
        "strIMGPreview"  : "IcoLoot",
        "strFriendlyName" : "SysLootSpawner",
        "strRegIDLast"    : "J-14W"
      }
    ],
    "aItems"           : [
      {
        "strName" : "ItmWallMSSLFWhite",
        "fX"      : 8.0,
        "fY"      : -27.0,
        "fRotation" : 0.0,
        "strID"     : "14b6a142-00c3-4896-93df-a3a9f123cada",
        "bForceLoad" : false
      },
      {
        "strName" : "ItmWallMSSLFWhite",
        "fX"      : 2.0,
        "fY"      : -22.0,
        "fRotation" : 0.0,
        "strID"     : "e83b2526-7f5f-4c15-9296-17d59300037b",
        "bForceLoad" : false
      },
      {
        "strName" : "ItmWallMSSLFWhite",
        "fX"      : 3.0,
        "fY"      : -27.0,
        "fRotation" : 0.0,
        "strID"     : "3f3495b9-5798-470b-9504-f662337dda2c",
        "bForceLoad" : false
      },
      {
        "strName" : "ItmWallMSSLFWhite",
        "fX"      : 2.0,
        "fY"      : -21.0,
        "fRotation" : 0.0,
        "strID"     : "9b88947a-a25d-45db-a67d-0a04a75ddf68",
        "bForceLoad" : false
      },
      {
        "strName" : "ItmWallMSSLFWhite",
        "fX"      : 8.0,
        "fY"      : -20.0,
        "fRotation" : 0.0,
        "strID"     : "771b03fd-31d7-4dab-8964-450bd5ae044d",
        "bForceLoad" : false
      },
      {
        "strName" : "ItmBattery02",
        "fX"      : 6.5,
        "fY"      : -25.5,
        "fRotation" : 270.0,
        "strID"     : "8232f782-8079-4869-9ef2-cbcd0f6ea376",
        "bForceLoad" : false,
        "aGPMSettings" : [
          {
            "strName" : "Panel A",
            "dictGUIPropMap" : [
              "strGUIPrefab",
              "GUIMeter",
              "strFriendlyName",
              "Battery",
              "strGUIPrefabRight",
              null,
              "strGUIPrefabLeft",
              null,
              "strGUIPrefabUp",
              null,
              "strGUIPrefabDown",
              null,
              "strTitle",
              "Battery Charge",
              "strCond",
              "StatPower",
              "strInput01",
              "",
              "fMin",
              "0.0",
              "fMax",
              "80.96"
            ]
          }
        ]
      },
      {
        "strName" : "ItmWallMSSLFWhite",
        "fX"      : 2.0,
        "fY"      : -20.0,
        "fRotation" : 0.0,
        "strID"     : "40a04543-d472-4eef-b35a-955392f3ac83",
        "bForceLoad" : false
      },
      {
        "strName" : "ItmWallMSSLFWhite",
        "fX"      : 8.0,
        "fY"      : -25.0,
        "fRotation" : 0.0,
        "strID"     : "eb44f677-66a8-4b2b-bf7f-10a5b306c4fa",
        "bForceLoad" : false
      },
      {
        "strName" : "ItmWallMSSLFWhite",
        "fX"      : 8.0,
        "fY"      : -24.0,
        "fRotation" : 0.0,
        "strID"     : "c3d6d283-4dd2-47b2-b9c2-ced266c698e6",
        "bForceLoad" : false
      },
      {
        "strName" : "ItmWallMSSLFWhite",
        "fX"      : 8.0,
        "fY"      : -23.0,
        "fRotation" : 0.0,
        "strID"     : "89d4ab66-2174-48db-ba08-8d5253e5be32",
        "bForceLoad" : false
      },
      {
        "strName" : "ItmWallMSSLFWhite",
        "fX"      : 8.0,
        "fY"      : -22.0,
        "fRotation" : 0.0,
        "strID"     : "6ae8b8b9-3028-4140-b38f-741a0cfc2683",
        "bForceLoad" : false
      },
      {
        "strName" : "ItmWallMSSLFWhite",
        "fX"      : 8.0,
        "fY"      : -21.0,
        "fRotation" : 0.0,
        "strID"     : "80393310-d410-4f9e-935b-9a3edeacf5d7",
        "bForceLoad" : false
      },
      {
        "strName" : "ItmWallMSSLFWhite",
        "fX"      : 7.0,
        "fY"      : -28.0,
        "fRotation" : 0.0,
        "strID"     : "0ee6225b-3560-4b7d-8eac-dd6da554a211",
        "bForceLoad" : false
      },
      {
        "strName" : "ItmFloorMSSLFWhite02",
        "fX"      : 4.0,
        "fY"      : -29.0,
        "fRotation" : 180.0,
        "strID"     : "2d24594b-b059-4198-8a0b-caefb9dfeb6a",
        "bForceLoad" : false
      },
      {
        "strName" : "ItmFloorMSSLFWhite02",
        "fX"      : 4.0,
        "fY"      : -30.0,
        "fRotation" : 180.0,
        "strID"     : "70116136-e029-46a1-a5a6-ef07add29e8a",
        "bForceLoad" : false
      },
      {
        "strName" : "ItmFloorMSSOW04",
        "fX"      : 5.0,
        "fY"      : -27.0,
        "fRotation" : 0.0,
        "strID"     : "e19a5977-f249-49ef-937b-0d49c50a47e0",
        "bForceLoad" : false
      },
      {
        "strName" : "ItmFloorMSSOW01",
        "fX"      : 4.0,
        "fY"      : -22.0,
        "fRotation" : 180.0,
        "strID"     : "0a5c35be-be19-4647-b79e-beee4fb66bff",
        "bForceLoad" : false
      },
      {
        "strName" : "ItmWallMSSLFWhite",
        "fX"      : 3.0,
        "fY"      : -19.0,
        "fRotation" : 0.0,
        "strID"     : "c44f599a-9293-4226-bbba-f179bf9080e1",
        "bForceLoad" : false
      },
      {
        "strName" : "ItmWallMSSLFWhite",
        "fX"      : 7.0,
        "fY"      : -34.0,
        "fRotation" : 0.0,
        "strID"     : "22d4f549-d0ed-4507-b5ef-340f3d948457",
        "bForceLoad" : false
      },
      {
        "strName" : "ItmWallMSSLFWhite",
        "fX"      : 10.0,
        "fY"      : -24.0,
        "fRotation" : 0.0,
        "strID"     : "06ae9e28-ba79-4e4a-922a-cf76826ef51e",
        "bForceLoad" : false
      },
      {
        "strName" : "ItmWallMSSLFWhite",
        "fX"      : 7.0,
        "fY"      : -33.0,
        "fRotation" : 0.0,
        "strID"     : "8dd71098-32cd-4993-9d88-5e972a2d9f85",
        "bForceLoad" : false
      },
      {
        "strName" : "ItmWallMSSLFWhite",
        "fX"      : 7.0,
        "fY"      : -32.0,
        "fRotation" : 0.0,
        "strID"     : "8367742f-e5a1-45b5-8779-2a6eaa0aece3",
        "bForceLoad" : false
      },
      {
        "strName" : "ItmWallMSSLFWhite",
        "fX"      : 7.0,
        "fY"      : -31.0,
        "fRotation" : 0.0,
        "strID"     : "6884628c-74b2-4cdd-88fc-31d3aa578b74",
        "bForceLoad" : false
      },
      {
        "strName" : "ItmWallMSSLFWhite",
        "fX"      : 7.0,
        "fY"      : -30.0,
        "fRotation" : 0.0,
        "strID"     : "c87370c3-b748-41dd-b7cd-aae036d3b97b",
        "bForceLoad" : false
      },
      {
        "strName" : "ItmWallMSSLFWhite",
        "fX"      : 7.0,
        "fY"      : -29.0,
        "fRotation" : 0.0,
        "strID"     : "06713290-535f-426b-9dae-fac3a2da35d6",
        "bForceLoad" : false
      },
      {
        "strName" : "ItmWallMSSLFWhite",
        "fX"      : 0.0,
        "fY"      : -24.0,
        "fRotation" : 0.0,
        "strID"     : "e7af7150-081c-4d78-9641-6bca0844518a",
        "bForceLoad" : false
      },
      {
        "strName" : "ItmFloorMSSOW01",
        "fX"      : 5.0,
        "fY"      : -22.0,
        "fRotation" : 180.0,
        "strID"     : "a49d756a-6939-422a-a646-c9a1681e8cf3",
        "bForceLoad" : false
      },
      {
        "strName" : "ItmFloorMSSOW01",
        "fX"      : 6.0,
        "fY"      : -22.0,
        "fRotation" : 180.0,
        "strID"     : "4a79b144-cee3-45e7-8531-cf2eea81e110",
        "bForceLoad" : false
      },
      {
        "strName" : "ItmFloorMSSLFWhite02",
        "fX"      : 5.0,
        "fY"      : -24.0,
        "fRotation" : 180.0,
        "strID"     : "7e840022-0f90-497c-a404-0307b377a32b",
        "bForceLoad" : false
      },
      {
        "strName" : "ItmWallMSSLFWhite",
        "fX"      : 7.0,
        "fY"      : -37.0,
        "fRotation" : 0.0,
        "strID"     : "de804d1b-39fb-4167-9286-08ab30603dc4",
        "bForceLoad" : false
      },
      {
        "strName" : "ItmWallMSSLFWhite",
        "fX"      : 7.0,
        "fY"      : -36.0,
        "fRotation" : 0.0,
        "strID"     : "00579735-7557-4838-83d0-4e53f7d3fef5",
        "bForceLoad" : false
      },
      {
        "strName" : "ItmWallMSSLFWhite",
        "fX"      : 7.0,
        "fY"      : -35.0,
        "fRotation" : 0.0,
        "strID"     : "01b4d12f-3a58-45a8-9d31-3e34425abfcb",
        "bForceLoad" : false
      },
      {
        "strName" : "ItmWallMSSLFWhite",
        "fX"      : 7.0,
        "fY"      : -27.0,
        "fRotation" : 0.0,
        "strID"     : "27928098-9cce-406f-94f7-22f6de6f21e9",
        "bForceLoad" : false
      },
      {
        "strName" : "ItmWallMSSLFWhite",
        "fX"      : 2.0,
        "fY"      : -27.0,
        "fRotation" : 0.0,
        "strID"     : "3afb5aea-1697-42c7-a78e-3ab431fd4552",
        "bForceLoad" : false
      },
      {
        "strName" : "ItmWallMSSLFWhite",
        "fX"      : 8.0,
        "fY"      : -26.0,
        "fRotation" : 0.0,
        "strID"     : "c297fb9e-e078-4816-bc45-0136f8375163",
        "bForceLoad" : false
      },
      {
        "strName" : "ItmFloorMSSLFWhite02",
        "fX"      : 5.0,
        "fY"      : -25.0,
        "fRotation" : 180.0,
        "strID"     : "0c2be02f-92b3-45ad-8364-273d8b2e63af",
        "bForceLoad" : false
      },
      {
        "strName" : "ItmFloorMSSOW04",
        "fX"      : 4.0,
        "fY"      : -23.0,
        "fRotation" : 180.0,
        "strID"     : "0a2edb55-7a71-472f-a67c-10232afb6e29",
        "bForceLoad" : false
      },
      {
        "strName" : "ItmFloorMSSOW04",
        "fX"      : 4.0,
        "fY"      : -20.0,
        "fRotation" : 180.0,
        "strID"     : "2051b4fa-345f-4e41-9f8f-3b18d86a2ae2",
        "bForceLoad" : false
      },
      {
        "strName" : "ItmFloorMSSOW05",
        "fX"      : 7.0,
        "fY"      : -24.0,
        "fRotation" : 0.0,
        "strID"     : "45fef84c-8372-4382-8c11-09c652b163d3",
        "bForceLoad" : false
      },
      {
        "strName" : "ItmFloorMSSOW05",
        "fX"      : 6.0,
        "fY"      : -24.0,
        "fRotation" : 90.0,
        "strID"     : "336b080b-7f58-444b-bdaf-5edc49507ebb",
        "bForceLoad" : false
      },
      {
        "strName" : "ItmWallMSSLFWhite",
        "fX"      : 2.0,
        "fY"      : -23.0,
        "fRotation" : 0.0,
        "strID"     : "cea44969-f703-4771-929e-93ede5f76fb1",
        "bForceLoad" : false
      },
      {
        "strName" : "ItmWallMSSLFWhite",
        "fX"      : 2.0,
        "fY"      : -24.0,
        "fRotation" : 0.0,
        "strID"     : "0515fee9-1d3b-43dd-98a2-a1fdb43074e3",
        "bForceLoad" : false
      },
      {
        "strName" : "ItmWallMSSLFWhite",
        "fX"      : 2.0,
        "fY"      : -25.0,
        "fRotation" : 0.0,
        "strID"     : "3da81229-9fe2-42e7-ba7f-865d5414516c",
        "bForceLoad" : false
      },
      {
        "strName" : "ItmWallMSSLFWhite",
        "fX"      : 2.0,
        "fY"      : -26.0,
        "fRotation" : 0.0,
        "strID"     : "fd2610bd-a189-4c5b-b6ca-c933eda2d47e",
        "bForceLoad" : false
      },
      {
        "strName" : "ItmFloorMSSOW04",
        "fX"      : 5.0,
        "fY"      : -20.0,
        "fRotation" : 180.0,
        "strID"     : "0e0b510c-a6f7-4270-b375-49253f2ec0a4",
        "bForceLoad" : false
      },
      {
        "strName" : "ItmFloorMSSOW04",
        "fX"      : 5.0,
        "fY"      : -23.0,
        "fRotation" : 180.0,
        "strID"     : "fd435684-3ba6-4cd2-a646-68f27bd49cee",
        "bForceLoad" : false
      },
      {
        "strName" : "ItmWallMSSLFWhite",
        "fX"      : 3.0,
        "fY"      : -28.0,
        "fRotation" : 0.0,
        "strID"     : "cdfcabea-e3cc-422a-9bff-484c4c31f431",
        "bForceLoad" : false
      },
      {
        "strName" : "ItmWallMSSLFWhite",
        "fX"      : 3.0,
        "fY"      : -29.0,
        "fRotation" : 0.0,
        "strID"     : "5099059e-ffbc-40ff-8296-00b702cb3e62",
        "bForceLoad" : false
      },
      {
        "strName" : "ItmWallMSSLFWhite",
        "fX"      : 3.0,
        "fY"      : -30.0,
        "fRotation" : 0.0,
        "strID"     : "571add34-b20d-4af7-8a99-06d2913c5539",
        "bForceLoad" : false
      },
      {
        "strName" : "ItmWallMSSLFWhite",
        "fX"      : 3.0,
        "fY"      : -31.0,
        "fRotation" : 0.0,
        "strID"     : "01af3275-7bfd-446a-9832-6379290326c8",
        "bForceLoad" : false
      },
      {
        "strName" : "ItmWallMSSLFWhite",
        "fX"      : 3.0,
        "fY"      : -32.0,
        "fRotation" : 0.0,
        "strID"     : "e47a8da0-b3b3-4d53-a753-d7d7a2397bdc",
        "bForceLoad" : false
      },
      {
        "strName" : "ItmWallMSSLFWhite",
        "fX"      : 3.0,
        "fY"      : -33.0,
        "fRotation" : 0.0,
        "strID"     : "8dd8cb74-2bdf-4330-b00c-15119c3f3ddd",
        "bForceLoad" : false
      },
      {
        "strName" : "ItmWallMSSLFWhite",
        "fX"      : 3.0,
        "fY"      : -34.0,
        "fRotation" : 0.0,
        "strID"     : "3950bf18-678d-460e-97a4-80e4c1460baa",
        "bForceLoad" : false
      },
      {
        "strName" : "ItmWallMSSLFWhite",
        "fX"      : 3.0,
        "fY"      : -35.0,
        "fRotation" : 0.0,
        "strID"     : "7ab6da96-2d39-4d5c-851b-c2e9ef4b9454",
        "bForceLoad" : false
      },
      {
        "strName" : "ItmWallMSSLFWhite",
        "fX"      : 3.0,
        "fY"      : -36.0,
        "fRotation" : 0.0,
        "strID"     : "35cd583f-ae23-4d85-b21e-006a75633a6f",
        "bForceLoad" : false
      },
      {
        "strName" : "ItmWallMSSLFWhite",
        "fX"      : 3.0,
        "fY"      : -37.0,
        "fRotation" : 0.0,
        "strID"     : "cdf4d67b-2dbd-440e-8d8d-5f1672c6b7db",
        "bForceLoad" : false
      },
      {
        "strName" : "ItmFloorMSSLFWhite02",
        "fX"      : 5.0,
        "fY"      : -26.0,
        "fRotation" : 180.0,
        "strID"     : "8eb73987-fbfc-468d-9642-6c050fdce73e",
        "bForceLoad" : false
      },
      {
        "strName" : "ItmFloorMSSOW05",
        "fX"      : 4.0,
        "fY"      : -24.0,
        "fRotation" : 0.0,
        "strID"     : "e30f6527-4fde-4329-9404-5d0c5a03205c",
        "bForceLoad" : false
      },
      {
        "strName" : "ItmFloorMSSOW05",
        "fX"      : 3.0,
        "fY"      : -24.0,
        "fRotation" : 90.0,
        "strID"     : "417b3477-07fd-4247-a5f6-9a1880f50edd",
        "bForceLoad" : false
      },
      {
        "strName" : "ItmFloorMSSOW05",
        "fX"      : 3.0,
        "fY"      : -23.0,
        "fRotation" : 180.0,
        "strID"     : "2711a3f3-a818-4b7c-ab7f-f5e9381db328",
        "bForceLoad" : false
      },
      {
        "strName" : "ItmFloorMSSOW05",
        "fX"      : 7.0,
        "fY"      : -23.0,
        "fRotation" : 270.0,
        "strID"     : "ff16052f-f026-45ef-8e51-d31b37a7dc00",
        "bForceLoad" : false
      },
      {
        "strName" : "ItmFloorMSSOW05",
        "fX"      : 7.0,
        "fY"      : -21.0,
        "fRotation" : 0.0,
        "strID"     : "1f852e00-b112-4bf1-88eb-02b668f71f13",
        "bForceLoad" : false
      },
      {
        "strName" : "ItmFloorMSSOW05",
        "fX"      : 3.0,
        "fY"      : -20.0,
        "fRotation" : 180.0,
        "strID"     : "d287cafb-3938-4213-af70-321df5170cb3",
        "bForceLoad" : false
      },
      {
        "strName" : "ItmFloorMSSOW04",
        "fX"      : 6.0,
        "fY"      : -21.0,
        "fRotation" : 0.0,
        "strID"     : "65da050f-65f9-40e5-8798-502cb1d6da90",
        "bForceLoad" : false
      },
      {
        "strName" : "ItmFloorMSSOW04",
        "fX"      : 4.0,
        "fY"      : -21.0,
        "fRotation" : 0.0,
        "strID"     : "27b50ae5-003c-49b6-83c1-a8127ffc07e7",
        "bForceLoad" : false
      },
      {
        "strName" : "ItmFloorMSSOW04",
        "fX"      : 5.0,
        "fY"      : -21.0,
        "fRotation" : 0.0,
        "strID"     : "606a4936-ef3f-4f4f-93bc-e3cece3a68fa",
        "bForceLoad" : false
      },
      {
        "strName" : "ItmFloorMSSOW05",
        "fX"      : 7.0,
        "fY"      : -20.0,
        "fRotation" : 270.0,
        "strID"     : "327dc302-9579-4a92-aba9-234aaea76ac5",
        "bForceLoad" : false
      },
      {
        "strName" : "ItmFloorMSSOW04",
        "fX"      : 5.0,
        "fY"      : -28.0,
        "fRotation" : 180.0,
        "strID"     : "47b928ad-b14d-4991-bfab-83a45db63737",
        "bForceLoad" : false
      },
      {
        "strName" : "ItmFloorMSSOW05",
        "fX"      : 3.0,
        "fY"      : -21.0,
        "fRotation" : 90.0,
        "strID"     : "3c72dfde-41f9-4280-986b-928ececc6026",
        "bForceLoad" : false
      },
      {
        "strName" : "ItmFloorMSSOW02",
        "fX"      : 4.0,
        "fY"      : -33.0,
        "fRotation" : 180.0,
        "strID"     : "a9b7b5e3-d93f-4d70-ae66-182cc1a38173",
        "bForceLoad" : false
      },
      {
        "strName" : "ItmFloorMSSOW04",
        "fX"      : 3.0,
        "fY"      : -22.0,
        "fRotation" : 90.0,
        "strID"     : "ca9f13dd-a086-48e7-907e-dc2d25ea1052",
        "bForceLoad" : false
      },
      {
        "strName" : "ItmFloorMSSOW04",
        "fX"      : 7.0,
        "fY"      : -22.0,
        "fRotation" : 270.0,
        "strID"     : "83efa2dc-c1dc-47fc-b37c-2c2bb5621894",
        "bForceLoad" : false
      },
      {
        "strName" : "ItmFloorMSSOW04",
        "fX"      : 6.0,
        "fY"      : -23.0,
        "fRotation" : 180.0,
        "strID"     : "a81487fd-8207-456a-9606-e30b8dbe615a",
        "bForceLoad" : false
      },
      {
        "strName" : "ItmFloorMSSOW04",
        "fX"      : 6.0,
        "fY"      : -20.0,
        "fRotation" : 180.0,
        "strID"     : "ceff4ea9-5aec-4cb9-a2e0-2635e0c798fe",
        "bForceLoad" : false
      },
      {
        "strName" : "ItmFloorMSSOW04",
        "fX"      : 6.0,
        "fY"      : -25.0,
        "fRotation" : 90.0,
        "strID"     : "e71d69d2-8a40-484b-b1bc-0f43740fb7b4",
        "bForceLoad" : false
      },
      {
        "strName" : "ItmFloorMSSOW04",
        "fX"      : 7.0,
        "fY"      : -25.0,
        "fRotation" : 270.0,
        "strID"     : "b1dca208-28e6-4455-8b5a-a2cd12a212e5",
        "bForceLoad" : false
      },
      {
        "strName" : "ItmFloorMSSOW04",
        "fX"      : 6.0,
        "fY"      : -19.0,
        "fRotation" : 0.0,
        "strID"     : "d0c895fe-6b79-4f4d-a646-4c94c07eeba2",
        "bForceLoad" : false
      },
      {
        "strName" : "ItmFloorMSSOW05",
        "fX"      : 6.0,
        "fY"      : -28.0,
        "fRotation" : 270.0,
        "strID"     : "875419d1-4d7a-4f3f-b0c0-0d4ddd1a0ccd",
        "bForceLoad" : false
      },
      {
        "strName" : "ItmFloorMSSOW05",
        "fX"      : 6.0,
        "fY"      : -27.0,
        "fRotation" : 0.0,
        "strID"     : "9621a380-6132-4a63-8d99-34c5f89b16e2",
        "bForceLoad" : false
      },
      {
        "strName" : "ItmFloorMSSOW05",
        "fX"      : 6.0,
        "fY"      : -26.0,
        "fRotation" : 180.0,
        "strID"     : "a957ab42-0adc-4065-914d-231c85987003",
        "bForceLoad" : false
      },
      {
        "strName" : "ItmFloorMSSOW05",
        "fX"      : 7.0,
        "fY"      : -26.0,
        "fRotation" : 270.0,
        "strID"     : "60806333-e546-48e3-ad3c-cd8e0b076df5",
        "bForceLoad" : false
      },
      {
        "strName" : "ItmFloorMSSOW04",
        "fX"      : 5.0,
        "fY"      : -19.0,
        "fRotation" : 0.0,
        "strID"     : "36af02c6-e949-4b04-b8bb-c2efcd2de803",
        "bForceLoad" : false
      },
      {
        "strName" : "ItmFloorMSSOW04",
        "fX"      : 4.0,
        "fY"      : -19.0,
        "fRotation" : 0.0,
        "strID"     : "e8faa084-60e0-4586-a22c-b193555f43a6",
        "bForceLoad" : false
      },
      {
        "strName" : "ItmFloorMSSOW02",
        "fX"      : 5.0,
        "fY"      : -33.0,
        "fRotation" : 180.0,
        "strID"     : "54c25e4e-dc5a-4361-9242-78e1f613c0b8",
        "bForceLoad" : false
      },
      {
        "strName" : "ItmFloorMSSOW05",
        "fX"      : 4.0,
        "fY"      : -26.0,
        "fRotation" : 270.0,
        "strID"     : "bec2670f-0bc7-4f76-b91c-e7c6d45c3dcb",
        "bForceLoad" : false
      },
      {
        "strName" : "ItmFloorMSSOW04",
        "fX"      : 3.0,
        "fY"      : -25.0,
        "fRotation" : 90.0,
        "strID"     : "806967d4-d3d6-449b-885c-9c089d1dcc30",
        "bForceLoad" : false
      },
      {
        "strName" : "ItmWallMSSLFWhite",
        "fX"      : 4.0,
        "fY"      : -34.0,
        "fRotation" : 0.0,
        "strID"     : "8ba39695-6e2d-4235-b544-63cfb7defb4e",
        "bForceLoad" : false
      },
      {
        "strName" : "ItmFloorMSSLFWhite02",
        "fX"      : 5.0,
        "fY"      : -30.0,
        "fRotation" : 180.0,
        "strID"     : "a9981464-7bb0-486f-82c1-d5f4dcf1cbda",
        "bForceLoad" : false
      },
      {
        "strName" : "ItmFloorMSSLFWhite02",
        "fX"      : 6.0,
        "fY"      : -30.0,
        "fRotation" : 180.0,
        "strID"     : "876c8c71-5357-4fc4-baca-c29eeb94f9bb",
        "bForceLoad" : false
      },
      {
        "strName" : "ItmFloorMSSLFWhite02",
        "fX"      : 6.0,
        "fY"      : -29.0,
        "fRotation" : 180.0,
        "strID"     : "e8856e52-4c18-4f38-a96e-4e064b8daf18",
        "bForceLoad" : false
      },
      {
        "strName" : "ItmFloorMSSOW05",
        "fX"      : 4.0,
        "fY"      : -27.0,
        "fRotation" : 90.0,
        "strID"     : "f611f0a3-ed81-4b52-be77-c06ebd049e82",
        "bForceLoad" : false
      },
      {
        "strName" : "ItmFloorMSSOW05",
        "fX"      : 4.0,
        "fY"      : -28.0,
        "fRotation" : 180.0,
        "strID"     : "04cc94ac-1243-46fb-9fb2-2f42ecc3e20f",
        "bForceLoad" : false
      },
      {
        "strName" : "ItmFloorMSSLFWhite02",
        "fX"      : 5.0,
        "fY"      : -29.0,
        "fRotation" : 180.0,
        "strID"     : "f15383f6-fa0a-4a81-b673-abdb826494d3",
        "bForceLoad" : false
      },
      {
        "strName" : "ItmCooler01Off",
        "fX"      : 3.0,
        "fY"      : -29.5,
        "fRotation" : 90.0,
        "strID"     : "a5ed9f3d-886c-4381-ad2a-0b3ebfc5276e",
        "bForceLoad" : false,
        "aGPMSettings" : [
          {
            "strName" : "Panel A",
            "dictGUIPropMap" : [
              "strGUIPrefab",
              "GUIAirPump",
              "strFriendlyName",
              "Cooler",
              "strGUIPrefabRight",
              null,
              "strGUIPrefabLeft",
              null,
              "strGUIPrefabUp",
              null,
              "strGUIPrefabDown",
              null,
              "strTitle",
              "Unscrew for Thermostat Sensor Input Signal",
              "strValidCOTrigger01",
              "TIsAlarmTemp",
              "strCondMonitor01",
              "DcGasTemp03",
              "strSubPoint",
              "Cool",
              "strAddPoint",
              "Heat",
              "strInput01",
              "9f5ba4cd-16d7-4f15-98e8-f8ef5290b842",
              "nKnobBus",
              "1",
              "bTurbo",
              "false",
              "bReverse",
              "false"
            ]
          }
        ]
      },
      {
        "strName" : "ItmCooler01Off",
        "fX"      : 7.0,
        "fY"      : -29.5,
        "fRotation" : 270.0,
        "strID"     : "1f7d6886-85d4-440c-81a3-c2ca67846c50",
        "bForceLoad" : false,
        "aGPMSettings" : [
          {
            "strName" : "Panel A",
            "dictGUIPropMap" : [
              "strGUIPrefab",
              "GUIAirPump",
              "strFriendlyName",
              "Cooler",
              "strGUIPrefabRight",
              null,
              "strGUIPrefabLeft",
              null,
              "strGUIPrefabUp",
              null,
              "strGUIPrefabDown",
              null,
              "strTitle",
              "Unscrew for Thermostat Sensor Input Signal",
              "strValidCOTrigger01",
              "TIsAlarmTemp",
              "strCondMonitor01",
              "DcGasTemp03",
              "strSubPoint",
              "Cool",
              "strAddPoint",
              "Heat",
              "strInput01",
              "9f5ba4cd-16d7-4f15-98e8-f8ef5290b842",
              "nKnobBus",
              "1",
              "bTurbo",
              "false",
              "bReverse",
              "false"
            ]
          }
        ]
      },
      {
        "strName" : "ItmFloorMSSOW04",
        "fX"      : 4.0,
        "fY"      : -25.0,
        "fRotation" : 270.0,
        "strID"     : "2e1fcbb0-0024-4fb8-8686-515b9a0a9cb3",
        "bForceLoad" : false
      },
      {
        "strName" : "ItmFloorMSSOW05",
        "fX"      : 3.0,
        "fY"      : -26.0,
        "fRotation" : 180.0,
        "strID"     : "a7f3a247-e281-4234-8cca-893bac473af1",
        "bForceLoad" : false
      },
      {
        "strName" : "ItmFloorMSSOW02",
        "fX"      : 6.0,
        "fY"      : -32.0,
        "fRotation" : 180.0,
        "strID"     : "cf9c3af7-d4c3-423c-8cfd-3dfdfe7602d4",
        "bForceLoad" : false
      },
      {
        "strName" : "ItmFloorMSSOW02",
        "fX"      : 4.0,
        "fY"      : -31.0,
        "fRotation" : 180.0,
        "strID"     : "d0b075cd-f568-48ec-926f-066ebcde37b9",
        "bForceLoad" : false
      },
      {
        "strName" : "ItmFloorMSSOW02",
        "fX"      : 5.0,
        "fY"      : -32.0,
        "fRotation" : 180.0,
        "strID"     : "acbd758f-723f-4dc7-8234-714a9928ff1c",
        "bForceLoad" : false
      },
      {
        "strName" : "ItmFloorMSSOW02",
        "fX"      : 4.0,
        "fY"      : -32.0,
        "fRotation" : 180.0,
        "strID"     : "8057d311-c227-4c2d-b34e-2b7e9b152486",
        "bForceLoad" : false
      },
      {
        "strName" : "ItmFloorMSSOW02",
        "fX"      : 5.0,
        "fY"      : -31.0,
        "fRotation" : 180.0,
        "strID"     : "192f04da-678e-48c6-8e2f-3a6bd2642646",
        "bForceLoad" : false
      },
      {
        "strName" : "ItmFloorMSSOW02",
        "fX"      : 6.0,
        "fY"      : -31.0,
        "fRotation" : 180.0,
        "strID"     : "cceab143-1f47-4530-aae4-7b0e28dba6fa",
        "bForceLoad" : false
      },
      {
        "strName" : "ItmFloorMSSOW02",
        "fX"      : 6.0,
        "fY"      : -33.0,
        "fRotation" : 180.0,
        "strID"     : "b1b4e2df-3b79-457f-bcf7-a5be4425c6e3",
        "bForceLoad" : false
      },
      {
        "strName" : "ItmWallMSSLFWhite",
        "fX"      : 5.0,
        "fY"      : -34.0,
        "fRotation" : 0.0,
        "strID"     : "250954c4-eaa9-4cb9-bbf9-f79046bbe652",
        "bForceLoad" : false
      },
      {
        "strName" : "ItmWallMSSLFWhite",
        "fX"      : 6.0,
        "fY"      : -34.0,
        "fRotation" : 0.0,
        "strID"     : "15856da8-22a3-41ea-83b2-d91e46ccf6fd",
        "bForceLoad" : false
      },
      {
        "strName" : "ItmWallMSSLFWhite",
        "fX"      : 3.0,
        "fY"      : -38.0,
        "fRotation" : 0.0,
        "strID"     : "fc829b22-ee1d-4b41-8b35-d350ba45d890",
        "bForceLoad" : false
      },
      {
        "strName" : "ItmWallMSSLFWhite",
        "fX"      : 3.0,
        "fY"      : -39.0,
        "fRotation" : 0.0,
        "strID"     : "203a07e0-a6cf-4f0b-b581-8a755a3f3c1f",
        "bForceLoad" : false
      },
      {
        "strName" : "ItmLitWall1x0OrangeOff",
        "fX"      : 4.0,
        "fY"      : -44.0,
        "fRotation" : 90.0,
        "strID"     : "2d49ea6e-0593-4e0b-b776-c3d29a903667",
        "bForceLoad" : false
      },
      {
        "strName" : "ItmWallMSSLFWhite",
        "fX"      : 7.0,
        "fY"      : -44.0,
        "fRotation" : 0.0,
        "strID"     : "dbfff7f0-a455-4ef0-b136-652b6d19a514",
        "bForceLoad" : false
      },
      {
        "strName" : "ItmWallMSSLFWhite",
        "fX"      : 7.0,
        "fY"      : -38.0,
        "fRotation" : 0.0,
        "strID"     : "5462a722-9d5f-4deb-ba15-5ba52da3cd68",
        "bForceLoad" : false
      },
      {
        "strName" : "ItmWallMSSLFWhite",
        "fX"      : 7.0,
        "fY"      : -39.0,
        "fRotation" : 0.0,
        "strID"     : "4c23dc0f-4890-44d1-8bb1-182a80caccd9",
        "bForceLoad" : false
      },
      {
        "strName" : "ItmWallMSSLFWhite",
        "fX"      : 7.0,
        "fY"      : -41.0,
        "fRotation" : 0.0,
        "strID"     : "686ee10f-2004-458d-a116-306716582ca1",
        "bForceLoad" : false
      },
      {
        "strName" : "ItmFloorMSSOW04",
        "fX"      : 3.0,
        "fY"      : -41.0,
        "fRotation" : 90.0,
        "strID"     : "304cb178-108e-4793-8bb4-704ad59ff0c8",
        "bForceLoad" : false
      },
      {
        "strName" : "ItmDockSys02Closed",
        "fX"      : 5.0,
        "fY"      : -17.5,
        "fRotation" : 0.0,
        "strID"     : "87e3ed5b-9853-46d1-8db0-d417c5b2ee35",
        "bForceLoad" : false
      },
      {
        "strName" : "ItmWallMSSLFWhite",
        "fX"      : 2.0,
        "fY"      : -19.0,
        "fRotation" : 0.0,
        "strID"     : "cfadfb14-2d6d-4f80-82eb-447e373ba451",
        "bForceLoad" : false
      },
      {
        "strName" : "ItmWallMSSLFWhite",
        "fX"      : 7.0,
        "fY"      : -19.0,
        "fRotation" : 0.0,
        "strID"     : "fdd6621f-ca21-4a8b-87f0-93d82a21c49d",
        "bForceLoad" : false
      },
      {
        "strName" : "ItmWallMSSLFWhite",
        "fX"      : 8.0,
        "fY"      : -19.0,
        "fRotation" : 0.0,
        "strID"     : "d6d0b191-aab0-471b-82a6-5a9d085ef28e",
        "bForceLoad" : false
      },
      {
        "strName" : "ItmFloorMSSOW02",
        "fX"      : 6.0,
        "fY"      : -18.0,
        "fRotation" : 180.0,
        "strID"     : "83f30eec-72eb-4011-bdb6-0256a426d176",
        "bForceLoad" : false
      },
      {
        "strName" : "ItmFloorMSSOW02",
        "fX"      : 5.0,
        "fY"      : -18.0,
        "fRotation" : 180.0,
        "strID"     : "77def83d-c96e-4efe-ae65-1b1a221c2e33",
        "bForceLoad" : false
      },
      {
        "strName" : "ItmFloorMSSOW02",
        "fX"      : 4.0,
        "fY"      : -18.0,
        "fRotation" : 180.0,
        "strID"     : "99073ba4-9002-4a14-99fc-086869c61773",
        "bForceLoad" : false
      },
      {
        "strName" : "ItmConduit01",
        "fX"      : 5.0,
        "fY"      : -25.0,
        "fRotation" : 0.0,
        "strID"     : "457c6d09-7279-45fd-bd75-484f51d2712f",
        "bForceLoad" : false
      },
      {
        "strName" : "ItmConduit01",
        "fX"      : 5.0,
        "fY"      : -26.0,
        "fRotation" : 0.0,
        "strID"     : "232c0306-2867-473b-a559-3924a06a3dea",
        "bForceLoad" : false
      },
      {
        "strName" : "ItmFloorMSSOW01",
        "fX"      : 1.0,
        "fY"      : -24.0,
        "fRotation" : 180.0,
        "strID"     : "28881b70-029c-4db7-b7c0-21d551aaea13",
        "bForceLoad" : false
      },
      {
        "strName" : "ItmFloorMSSOW01",
        "fX"      : 9.0,
        "fY"      : -24.0,
        "fRotation" : 180.0,
        "strID"     : "4dabcb41-c1ef-4c20-81ce-ba0b8314f75e",
        "bForceLoad" : false
      },
      {
        "strName" : "ItmFloorMSSOW05",
        "fX"      : 4.0,
        "fY"      : -37.0,
        "fRotation" : 270.0,
        "strID"     : "ecac4f8d-d17e-464e-bf79-857665f262aa",
        "bForceLoad" : false
      },
      {
        "strName" : "ItmConduit01",
        "fX"      : 4.0,
        "fY"      : -34.0,
        "fRotation" : 0.0,
        "strID"     : "a4e853fd-b2c3-457b-8c2f-c74cd51c61fe",
        "bForceLoad" : false
      },
      {
        "strName" : "ItmConduit01",
        "fX"      : 5.0,
        "fY"      : -34.0,
        "fRotation" : 0.0,
        "strID"     : "da852ce3-4eed-4a62-beb0-2f6a1cd728af",
        "bForceLoad" : false
      },
      {
        "strName" : "ItmFloorMSSOW05",
        "fX"      : 4.0,
        "fY"      : -40.0,
        "fRotation" : 0.0,
        "strID"     : "2f6343e8-15ac-4f4e-a27e-13bb3e307a7b",
        "bForceLoad" : false
      },
      {
        "strName" : "ItmConduit01",
        "fX"      : 6.0,
        "fY"      : -34.0,
        "fRotation" : 0.0,
        "strID"     : "d9a714d4-f741-4124-abea-194886ba56ce",
        "bForceLoad" : false
      },
      {
        "strName" : "ItmFloorMSSOW05",
        "fX"      : 6.0,
        "fY"      : -36.0,
        "fRotation" : 90.0,
        "strID"     : "7a3542bc-c33e-4ec8-9d3b-ba53d25fffd2",
        "bForceLoad" : false
      },
      {
        "strName" : "ItmFloorMSSOW05",
        "fX"      : 4.0,
        "fY"      : -36.0,
        "fRotation" : 0.0,
        "strID"     : "ba36f56d-2b2e-4d23-93fa-238ee7180ad4",
        "bForceLoad" : false
      },
      {
        "strName" : "ItmWallMSSLFWhite",
        "fX"      : 10.0,
        "fY"      : -22.0,
        "fRotation" : 0.0,
        "strID"     : "28976d58-1b8c-4053-982f-57233b13624e",
        "bForceLoad" : false
      },
      {
        "strName" : "ItmFloorMSSOW05",
        "fX"      : 6.0,
        "fY"      : -37.0,
        "fRotation" : 180.0,
        "strID"     : "ad566584-3ae9-43a0-ab3f-13560cead9b6",
        "bForceLoad" : false
      },
      {
        "strName" : "ItmLitWall1x0OrangeOff",
        "fX"      : 5.0,
        "fY"      : -35.0,
        "fRotation" : 0.0,
        "strID"     : "b6721dd2-f0f5-4eed-9fc7-ac295dcca479",
        "bForceLoad" : false
      },
      {
        "strName" : "ItmLitWall1x0OrangeOff",
        "fX"      : 10.0,
        "fY"      : -21.0,
        "fRotation" : 180.0,
        "strID"     : "13e0026e-b675-45ed-8684-4d93825af01d",
        "bForceLoad" : false
      },
      {
        "strName" : "ItmFloorMSSOW05",
        "fX"      : 6.0,
        "fY"      : -40.0,
        "fRotation" : 90.0,
        "strID"     : "1ff56916-49e1-4296-9b73-09618b69e79c",
        "bForceLoad" : false
      },
      {
        "strName" : "ItmFloorMSSOW05",
        "fX"      : 4.0,
        "fY"      : -41.0,
        "fRotation" : 270.0,
        "strID"     : "67e73a6f-7e64-4587-a4e5-29dd1edb1be2",
        "bForceLoad" : false
      },
      {
        "strName" : "ItmFloorMSSOW05",
        "fX"      : 6.0,
        "fY"      : -41.0,
        "fRotation" : 180.0,
        "strID"     : "a4567de2-62f6-40ba-adab-5f0d7de77b1c",
        "bForceLoad" : false
      },
      {
        "strName" : "ItmWallMSSLFWhite",
        "fX"      : 3.0,
        "fY"      : -44.0,
        "fRotation" : 0.0,
        "strID"     : "8fa6b912-4ca0-4768-8cd6-da12402fc1e1",
        "bForceLoad" : false
      },
      {
        "strName" : "ItmConduit01",
        "fX"      : 1.0,
        "fY"      : -22.0,
        "fRotation" : 0.0,
        "strID"     : "5ea5058f-784a-4c3c-9045-ef425e675f77",
        "bForceLoad" : false
      },
      {
        "strName" : "ItmRCSCluster01Off",
        "fX"      : 0.0,
        "fY"      : -24.0,
        "fRotation" : 90.0,
        "strID"     : "aff5445c-5272-475b-a179-bc49d9d5f5bd",
        "bForceLoad" : false
      },
      {
        "strName" : "ItmRCSCluster01Off",
        "fX"      : 3.0,
        "fY"      : -41.0,
        "fRotation" : 90.0,
        "strID"     : "307dfc5b-21df-4d76-85ef-32edc4665e07",
        "bForceLoad" : false
      },
      {
        "strName" : "ItmRCSCluster01Off",
        "fX"      : 3.0,
        "fY"      : -37.0,
        "fRotation" : 90.0,
        "strID"     : "a798c1db-d873-4119-8fd0-2725a69050cd",
        "bForceLoad" : false
      },
      {
        "strName" : "ItmRCSCluster01Off",
        "fX"      : 3.0,
        "fY"      : -36.0,
        "fRotation" : 90.0,
        "strID"     : "5d58597c-76e2-4275-aa2d-fd6ef541f252",
        "bForceLoad" : false
      },
      {
        "strName" : "ItmFloorMSSOW04",
        "fX"      : 3.0,
        "fY"      : -37.0,
        "fRotation" : 90.0,
        "strID"     : "af54365e-183b-43e3-98ff-76391ea2677b",
        "bForceLoad" : false
      },
      {
        "strName" : "ItmRCSCluster01Off",
        "fX"      : 7.0,
        "fY"      : -37.0,
        "fRotation" : 270.0,
        "strID"     : "eb43b826-afe9-4992-9b83-4b07cf95498c",
        "bForceLoad" : false
      },
      {
        "strName" : "ItmRCSCluster01Off",
        "fX"      : 7.0,
        "fY"      : -36.0,
        "fRotation" : 270.0,
        "strID"     : "ebf33b23-7729-4427-92e5-b3d5d5a21c2f",
        "bForceLoad" : false
      },
      {
        "strName" : "ItmRCSCluster01Off",
        "fX"      : 10.0,
        "fY"      : -24.0,
        "fRotation" : 270.0,
        "strID"     : "8d66e1d3-aa55-4ea7-9cc3-27769b8ab11b",
        "bForceLoad" : false
      },
      {
        "strName" : "ItmRCSCluster01Off",
        "fX"      : 0.0,
        "fY"      : -22.0,
        "fRotation" : 90.0,
        "strID"     : "6202b8b9-258f-47f9-9a88-906407682395",
        "bForceLoad" : false
      },
      {
        "strName" : "ItmConduit01",
        "fX"      : 0.0,
        "fY"      : -22.0,
        "fRotation" : 0.0,
        "strID"     : "72298832-ecde-4116-af36-d3b9be982f22",
        "bForceLoad" : false
      },
      {
        "strName" : "ItmFloorMSSOW01",
        "fX"      : 10.0,
        "fY"      : -22.0,
        "fRotation" : 180.0,
        "strID"     : "9c0450ca-0aec-4071-bdc5-a0056913ff94",
        "bForceLoad" : false
      },
      {
        "strName" : "ItmLitWall1x0OrangeOff",
        "fX"      : 6.0,
        "fY"      : -44.0,
        "fRotation" : 270.0,
        "strID"     : "8e94dff6-33ea-4f4c-9f41-8e48e0c63915",
        "bForceLoad" : false
      },
      {
        "strName" : "ItmFloorMSSOW04",
        "fX"      : 7.0,
        "fY"      : -42.0,
        "fRotation" : 270.0,
        "strID"     : "c37d7adf-226c-4b04-b63b-9b39c0e8abd4",
        "bForceLoad" : false
      },
      {
        "strName" : "ItmFloorMSSOW04",
        "fX"      : 7.0,
        "fY"      : -43.0,
        "fRotation" : 270.0,
        "strID"     : "99f7ff41-4ba2-4953-aeb2-ac98f152a84e",
        "bForceLoad" : false
      },
      {
        "strName" : "ItmRCSCluster01Off",
        "fX"      : 7.0,
        "fY"      : -41.0,
        "fRotation" : 270.0,
        "strID"     : "6397fce5-06ab-43a3-b9ff-a81d650bc16a",
        "bForceLoad" : false
      },
      {
        "strName" : "ItmFloorMSSOW04",
        "fX"      : 3.0,
        "fY"      : -39.0,
        "fRotation" : 90.0,
        "strID"     : "cb0550cc-c50b-471d-9486-1110aef73033",
        "bForceLoad" : false
      },
      {
        "strName" : "ItmFloorMSSOW04",
        "fX"      : 3.0,
        "fY"      : -42.0,
        "fRotation" : 90.0,
        "strID"     : "4165cc42-0d13-4736-aa10-fe90c1613ad6",
        "bForceLoad" : false
      },
      {
        "strName" : "ItmFloorMSSOW01",
        "fX"      : 8.0,
        "fY"      : -22.0,
        "fRotation" : 180.0,
        "strID"     : "cd18a59d-4cbb-4a05-b918-afdebc5438e7",
        "bForceLoad" : false
      },
      {
        "strName" : "ItmRCSCluster01Off",
        "fX"      : 10.0,
        "fY"      : -22.0,
        "fRotation" : 270.0,
        "strID"     : "cef01894-b1bf-4c1d-a1cf-b76de1797d92",
        "bForceLoad" : false
      },
      {
        "strName" : "ItmFloorMSSOW04",
        "fX"      : 3.0,
        "fY"      : -43.0,
        "fRotation" : 90.0,
        "strID"     : "49163f26-2472-48f7-a09a-76548ebdfd98",
        "bForceLoad" : false
      },
      {
        "strName" : "ItmFloorMSSOW01",
        "fX"      : 8.0,
        "fY"      : -24.0,
        "fRotation" : 180.0,
        "strID"     : "00b1438f-156c-4ed2-9d4c-a2d75eb6d692",
        "bForceLoad" : false
      },
      {
        "strName" : "ItmRTAN2",
        "fX"      : 5.0,
        "fY"      : -32.0,
        "fRotation" : 180.0,
        "strID"     : "d2bcc524-2232-4f92-bf73-36b04bb9d8c6",
        "bForceLoad" : false
      },
      {
        "strName" : "ItmLitWall1x0OrangeOff",
        "fX"      : 8.0,
        "fY"      : -18.0,
        "fRotation" : 180.0,
        "strID"     : "a88358bc-6d69-4a77-b48c-9d540edfb41d",
        "bForceLoad" : false
      },
      {
        "strName" : "ItmFloorMSSOW01",
        "fX"      : 0.0,
        "fY"      : -24.0,
        "fRotation" : 180.0,
        "strID"     : "73c3ec77-ebcd-4427-973f-5fa594cf9d13",
        "bForceLoad" : false
      },
      {
        "strName" : "ItmFloorMSSOW01",
        "fX"      : 2.0,
        "fY"      : -22.0,
        "fRotation" : 180.0,
        "strID"     : "bb078593-4f59-473d-aa92-c5f52dab79e4",
        "bForceLoad" : false
      },
      {
        "strName" : "ItmFloorMSSOW01",
        "fX"      : 2.0,
        "fY"      : -24.0,
        "fRotation" : 180.0,
        "strID"     : "313245e3-94c7-432c-9b5d-f3122e948f6a",
        "bForceLoad" : false
      },
      {
        "strName" : "ItmFloorMSSOW01",
        "fX"      : 9.0,
        "fY"      : -22.0,
        "fRotation" : 180.0,
        "strID"     : "d94ce3cf-348d-426c-bf1a-925f6a5c0e37",
        "bForceLoad" : false
      },
      {
        "strName" : "ItmFloorMSSOW01",
        "fX"      : 0.0,
        "fY"      : -22.0,
        "fRotation" : 180.0,
        "strID"     : "1da206cf-075c-4378-898e-a931d8ef0685",
        "bForceLoad" : false
      },
      {
        "strName" : "ItmFloorMSSOW01",
        "fX"      : 1.0,
        "fY"      : -22.0,
        "fRotation" : 180.0,
        "strID"     : "d87020ff-6593-43b2-9b7f-26b6fed3b37a",
        "bForceLoad" : false
      },
      {
        "strName" : "ItmRCSCluster01Off",
        "fX"      : 3.0,
        "fY"      : -44.0,
        "fRotation" : 180.0,
        "strID"     : "1a5626b9-2d75-434e-8b71-6e7a223db4d6",
        "bForceLoad" : false
      },
      {
        "strName" : "ItmRCSCluster01Off",
        "fX"      : 7.0,
        "fY"      : -44.0,
        "fRotation" : 180.0,
        "strID"     : "3b48751d-7f1f-4876-b3c1-c9a27e396205",
        "bForceLoad" : false
      },
      {
        "strName" : "ItmFloorMSSOW04",
        "fX"      : 3.0,
        "fY"      : -38.0,
        "fRotation" : 90.0,
        "strID"     : "167f9633-e4c9-44bb-a8ad-bc51135b2e8f",
        "bForceLoad" : false
      },
      {
        "strName" : "ItmWallMSSLFWhite",
        "fX"      : 3.0,
        "fY"      : -41.0,
        "fRotation" : 0.0,
        "strID"     : "75cfdd8b-c3c0-40af-9524-8c7893ebf84c",
        "bForceLoad" : false
      },
      {
        "strName" : "ItmFloorMSSOW04",
        "fX"      : 3.0,
        "fY"      : -40.0,
        "fRotation" : 90.0,
        "strID"     : "e4e4a780-5cb3-4640-9df4-b0953baeb6bc",
        "bForceLoad" : false
      },
      {
        "strName" : "ItmWallMSSLFWhite",
        "fX"      : 7.0,
        "fY"      : -40.0,
        "fRotation" : 0.0,
        "strID"     : "dcccbbce-1cc2-4cd0-af7d-0dde2cf987d4",
        "bForceLoad" : false
      },
      {
        "strName" : "ItmRCSCluster01Off",
        "fX"      : 7.0,
        "fY"      : -40.0,
        "fRotation" : 270.0,
        "strID"     : "cfa11438-9dfc-4fb8-80db-fa425a4b6a4a",
        "bForceLoad" : false
      },
      {
        "strName" : "ItmWallMSSLFWhite",
        "fX"      : 3.0,
        "fY"      : -40.0,
        "fRotation" : 0.0,
        "strID"     : "7525413e-c775-4832-8216-fc74023631ca",
        "bForceLoad" : false
      },
      {
        "strName" : "ItmRCSCluster01Off",
        "fX"      : 3.0,
        "fY"      : -40.0,
        "fRotation" : 90.0,
        "strID"     : "1feed3f9-ed2d-4902-859d-493f22da23eb",
        "bForceLoad" : false
      },
      {
        "strName" : "ItmFloorMSSOW04",
        "fX"      : 3.0,
        "fY"      : -36.0,
        "fRotation" : 90.0,
        "strID"     : "758f9967-ce2c-4841-b8a2-f6e2c9bf0e00",
        "bForceLoad" : false
      },
      {
        "strName" : "ItmFloorMSSOW04",
        "fX"      : 7.0,
        "fY"      : -41.0,
        "fRotation" : 270.0,
        "strID"     : "4505eb0a-9d85-47a7-bf97-6bfacd3bdbe7",
        "bForceLoad" : false
      },
      {
        "strName" : "ItmFloorMSSOW04",
        "fX"      : 7.0,
        "fY"      : -40.0,
        "fRotation" : 270.0,
        "strID"     : "cedbf903-2d20-4817-98b7-46b03a3e6a86",
        "bForceLoad" : false
      },
      {
        "strName" : "ItmFloorMSSOW04",
        "fX"      : 7.0,
        "fY"      : -39.0,
        "fRotation" : 270.0,
        "strID"     : "cb2aea63-1f7d-41ec-a463-b4dc68442f95",
        "bForceLoad" : false
      },
      {
        "strName" : "ItmFloorMSSOW04",
        "fX"      : 7.0,
        "fY"      : -38.0,
        "fRotation" : 270.0,
        "strID"     : "ca4c3592-28cd-4d84-b23a-4ccd446c1988",
        "bForceLoad" : false
      },
      {
        "strName" : "ItmFloorMSSOW04",
        "fX"      : 7.0,
        "fY"      : -37.0,
        "fRotation" : 270.0,
        "strID"     : "4bf5731e-ca5c-4686-b90b-52540a48311f",
        "bForceLoad" : false
      },
      {
        "strName" : "ItmFloorMSSOW04",
        "fX"      : 7.0,
        "fY"      : -36.0,
        "fRotation" : 270.0,
        "strID"     : "7a2a51ab-3d77-49eb-9523-040981d6842d",
        "bForceLoad" : false
      },
      {
        "strName" : "ItmFloorMSSOW04",
        "fX"      : 7.0,
        "fY"      : -35.0,
        "fRotation" : 270.0,
        "strID"     : "9e3d2906-2c74-4468-890f-a75cf338d213",
        "bForceLoad" : false
      },
      {
        "strName" : "ItmFloorMSSOW04",
        "fX"      : 3.0,
        "fY"      : -35.0,
        "fRotation" : 90.0,
        "strID"     : "1620426a-1ba6-4dfe-b999-da4654c840a9",
        "bForceLoad" : false
      },
      {
        "strName" : "ItmLitWall1x0OrangeOff",
        "fX"      : 8.0,
        "fY"      : -44.0,
        "fRotation" : 90.0,
        "strID"     : "2eecf493-137c-4bd5-a62f-29d96f1509cd",
        "bForceLoad" : false
      },
      {
        "strName" : "ItmLitWall1x0OrangeOff",
        "fX"      : 2.0,
        "fY"      : -44.0,
        "fRotation" : 270.0,
        "strID"     : "253bdcf5-ca73-4d17-8d30-9e5f5697f306",
        "bForceLoad" : false
      },
      {
        "strName" : "ItmLitWall1x0OrangeOff",
        "fX"      : 2.0,
        "fY"      : -18.0,
        "fRotation" : 180.0,
        "strID"     : "50dcbeb6-88b0-4d37-81b7-e08ae39bb443",
        "bForceLoad" : false
      },
      {
        "strName" : "ItmConduit01",
        "fX"      : 2.0,
        "fY"      : -22.0,
        "fRotation" : 0.0,
        "strID"     : "ed290ed5-8e8b-4309-8230-d8770e28a5ee",
        "bForceLoad" : false
      },
      {
        "strName" : "ItmLitWall1x0OrangeOff",
        "fX"      : 2.0,
        "fY"      : -34.0,
        "fRotation" : 270.0,
        "strID"     : "4a140916-76fe-4f3e-ae51-cf50b9e31246",
        "bForceLoad" : false
      },
      {
        "strName" : "ItmLitWall1x0OrangeOff",
        "fX"      : 8.0,
        "fY"      : -34.0,
        "fRotation" : 90.0,
        "strID"     : "6ce641f2-b5aa-41a2-bd5e-ab628482d271",
        "bForceLoad" : false
      },
      {
        "strName" : "ItmLitWall1x0OrangeOff",
        "fX"      : 0.0,
        "fY"      : -25.0,
        "fRotation" : 0.0,
        "strID"     : "dec9b9a2-95de-4b17-aac9-ed91eb531ddb",
        "bForceLoad" : false
      },
      {
        "strName" : "ItmLitWall1x0OrangeOff",
        "fX"      : 0.0,
        "fY"      : -21.0,
        "fRotation" : 180.0,
        "strID"     : "a52494a7-1857-4d27-99d4-635e5df86a8f",
        "bForceLoad" : false
      },
      {
        "strName" : "ItmLitWall1x0OrangeOff",
        "fX"      : 10.0,
        "fY"      : -25.0,
        "fRotation" : 0.0,
        "strID"     : "3c8ea0c1-1fd3-42f6-a118-ab67faaebd85",
        "bForceLoad" : false
      },
      {
        "strName" : "ItmLitWall1x0OrangeOff",
        "fX"      : 7.0,
        "fY"      : -23.0,
        "fRotation" : 270.0,
        "strID"     : "babe2f74-87bc-4e87-a1be-58aa7dcc93dc",
        "bForceLoad" : false
      },
      {
        "strName" : "ItmLitWall1x0OrangeOff",
        "fX"      : 7.0,
        "fY"      : -21.0,
        "fRotation" : 270.0,
        "strID"     : "316445e8-bc41-4b3b-a25f-b6e66d08ec2b",
        "bForceLoad" : false
      },
      {
        "strName" : "ItmLitWall1x0OrangeOff",
        "fX"      : 3.0,
        "fY"      : -23.0,
        "fRotation" : 90.0,
        "strID"     : "a856c6f0-7c72-495f-9523-94b2038a6866",
        "bForceLoad" : false
      },
      {
        "strName" : "ItmLitWall1x0OrangeOff",
        "fX"      : 3.0,
        "fY"      : -21.0,
        "fRotation" : 90.0,
        "strID"     : "0a74c6d9-b24f-4643-a1c0-452ce021221d",
        "bForceLoad" : false
      },
      {
        "strName" : "ItmLitWall1x0OrangeOff",
        "fX"      : 4.0,
        "fY"      : -32.0,
        "fRotation" : 90.0,
        "strID"     : "fb3f4eb4-8f2f-4bfb-903d-9bdb9856025f",
        "bForceLoad" : false
      },
      {
        "strName" : "ItmLitWall1x0OrangeOff",
        "fX"      : 6.0,
        "fY"      : -32.0,
        "fRotation" : 270.0,
        "strID"     : "7a905ad8-f416-41d7-9008-37cf8fbdc30c",
        "bForceLoad" : false
      },
      {
        "strName" : "ItmLitWall1x0OrangeOff",
        "fX"      : 4.0,
        "fY"      : -18.0,
        "fRotation" : 90.0,
        "strID"     : "23e7a592-8f72-4163-bca0-7b4fccad21c7",
        "bForceLoad" : false
      },
      {
        "strName" : "ItmConduit01",
        "fX"      : 7.0,
        "fY"      : -18.0,
        "fRotation" : 0.0,
        "strID"     : "11217f94-4084-44f6-a75b-9b419790370c",
        "bForceLoad" : false
      },
      {
        "strName" : "ItmLitWall1x0OrangeOff",
        "fX"      : 6.0,
        "fY"      : -18.0,
        "fRotation" : 270.0,
        "strID"     : "0c4e6ddc-1259-4e2d-8c31-fa4b26a33847",
        "bForceLoad" : false
      },
      {
        "strName" : "ItmConduit01",
        "fX"      : 7.0,
        "fY"      : -19.0,
        "fRotation" : 0.0,
        "strID"     : "bfc9c8ed-4b79-4c8d-9caf-3ab9f694dec2",
        "bForceLoad" : false
      },
      {
        "strName" : "ItmConduit01",
        "fX"      : 8.0,
        "fY"      : -19.0,
        "fRotation" : 0.0,
        "strID"     : "619b830b-d27b-4e8d-8736-14300ee8d7db",
        "bForceLoad" : false
      },
      {
        "strName" : "ItmConduit01",
        "fX"      : 8.0,
        "fY"      : -20.0,
        "fRotation" : 0.0,
        "strID"     : "ce67abca-04c1-4cc4-92b5-d623568a0574",
        "bForceLoad" : false
      },
      {
        "strName" : "ItmConduit01",
        "fX"      : 8.0,
        "fY"      : -21.0,
        "fRotation" : 0.0,
        "strID"     : "6a04c395-5f4e-4752-928f-de9dfce9fb02",
        "bForceLoad" : false
      },
      {
        "strName" : "ItmConduit01",
        "fX"      : 8.0,
        "fY"      : -22.0,
        "fRotation" : 0.0,
        "strID"     : "8bd30012-4457-4f60-a06c-9a5081d34f24",
        "bForceLoad" : false
      },
      {
        "strName" : "ItmConduit01",
        "fX"      : 8.0,
        "fY"      : -23.0,
        "fRotation" : 0.0,
        "strID"     : "8294edbd-a0c2-4813-b135-8501d0ebbba7",
        "bForceLoad" : false
      },
      {
        "strName" : "ItmConduit01",
        "fX"      : 6.0,
        "fY"      : -19.0,
        "fRotation" : 0.0,
        "strID"     : "07dd5737-c520-47d7-b251-f59b56f355ca",
        "bForceLoad" : false
      },
      {
        "strName" : "ItmConduit01",
        "fX"      : 9.0,
        "fY"      : -24.0,
        "fRotation" : 0.0,
        "strID"     : "d34bb649-f38d-44fa-a8bd-4632871ba000",
        "bForceLoad" : false
      },
      {
        "strName" : "ItmConduit01",
        "fX"      : 10.0,
        "fY"      : -24.0,
        "fRotation" : 0.0,
        "strID"     : "a32b2f71-3f9b-44bf-8b01-02365f9b2b1e",
        "bForceLoad" : false
      },
      {
        "strName" : "ItmConduit01",
        "fX"      : 3.0,
        "fY"      : -18.0,
        "fRotation" : 0.0,
        "strID"     : "d6a8e447-d516-4937-af98-812448ca5bce",
        "bForceLoad" : false
      },
      {
        "strName" : "ItmConduit01",
        "fX"      : 3.0,
        "fY"      : -19.0,
        "fRotation" : 0.0,
        "strID"     : "0ee760d5-3019-4f64-947c-cc84e1aae00a",
        "bForceLoad" : false
      },
      {
        "strName" : "ItmConduit01",
        "fX"      : 2.0,
        "fY"      : -19.0,
        "fRotation" : 0.0,
        "strID"     : "6ea48341-8308-4a9a-ac59-6af65549947a",
        "bForceLoad" : false
      },
      {
        "strName" : "ItmConduit01",
        "fX"      : 2.0,
        "fY"      : -20.0,
        "fRotation" : 0.0,
        "strID"     : "24e40353-cfb2-4a42-88c6-66e652267942",
        "bForceLoad" : false
      },
      {
        "strName" : "ItmConduit01",
        "fX"      : 2.0,
        "fY"      : -21.0,
        "fRotation" : 0.0,
        "strID"     : "f7b46ea2-836d-46bb-9db6-241ff2ecdf50",
        "bForceLoad" : false
      },
      {
        "strName" : "ItmWallMSSLFWhite",
        "fX"      : 0.0,
        "fY"      : -22.0,
        "fRotation" : 0.0,
        "strID"     : "2b952398-7f17-4936-8535-31709ca3b603",
        "bForceLoad" : false
      },
      {
        "strName" : "ItmConduit01",
        "fX"      : 2.0,
        "fY"      : -23.0,
        "fRotation" : 0.0,
        "strID"     : "39c26d8c-2fb1-4cc1-95d7-fcc664a8c960",
        "bForceLoad" : false
      },
      {
        "strName" : "ItmConduit01",
        "fX"      : 5.0,
        "fY"      : -19.0,
        "fRotation" : 0.0,
        "strID"     : "b9ca1803-1a96-4046-81f1-e442df64480f",
        "bForceLoad" : false
      },
      {
        "strName" : "ItmConduit01",
        "fX"      : 1.0,
        "fY"      : -24.0,
        "fRotation" : 0.0,
        "strID"     : "0b5bf0d0-e6fc-430e-8a3e-152e0d5f949c",
        "bForceLoad" : false
      },
      {
        "strName" : "ItmConduit01",
        "fX"      : 0.0,
        "fY"      : -24.0,
        "fRotation" : 0.0,
        "strID"     : "d6a5a137-dfb8-4124-872e-7b30970e6823",
        "bForceLoad" : false
      },
      {
        "strName" : "ItmConduit01",
        "fX"      : 2.0,
        "fY"      : -25.0,
        "fRotation" : 0.0,
        "strID"     : "6ac86904-3cf0-4ed2-8fda-6a4333398bb5",
        "bForceLoad" : false
      },
      {
        "strName" : "ItmConduit01",
        "fX"      : 2.0,
        "fY"      : -26.0,
        "fRotation" : 0.0,
        "strID"     : "77f6d95a-44d3-4356-b10f-9172d1e8d7b4",
        "bForceLoad" : false
      },
      {
        "strName" : "ItmConduit01",
        "fX"      : 2.0,
        "fY"      : -27.0,
        "fRotation" : 0.0,
        "strID"     : "0e5c4768-26d4-4e7d-b193-8f2e8ca6f5f4",
        "bForceLoad" : false
      },
      {
        "strName" : "ItmConduit01",
        "fX"      : 5.0,
        "fY"      : -20.0,
        "fRotation" : 0.0,
        "strID"     : "3a3e6a13-5bcb-4848-8143-deb46423c1f0",
        "bForceLoad" : false
      },
      {
        "strName" : "ItmConduit01",
        "fX"      : 3.0,
        "fY"      : -28.0,
        "fRotation" : 0.0,
        "strID"     : "870f2024-af65-4048-b8bf-060bcdf0eec3",
        "bForceLoad" : false
      },
      {
        "strName" : "ItmConduit01",
        "fX"      : 3.0,
        "fY"      : -29.0,
        "fRotation" : 0.0,
        "strID"     : "3a1a1db2-9455-45c3-a675-ce61d6a40d18",
        "bForceLoad" : false
      },
      {
        "strName" : "ItmConduit01",
        "fX"      : 3.0,
        "fY"      : -30.0,
        "fRotation" : 0.0,
        "strID"     : "7b35f7d4-c9c5-458a-a51c-930e3ac751b5",
        "bForceLoad" : false
      },
      {
        "strName" : "ItmConduit01",
        "fX"      : 3.0,
        "fY"      : -31.0,
        "fRotation" : 0.0,
        "strID"     : "de0e51b2-ebdc-40e5-81a5-72a5bf31578a",
        "bForceLoad" : false
      },
      {
        "strName" : "ItmConduit01",
        "fX"      : 3.0,
        "fY"      : -32.0,
        "fRotation" : 0.0,
        "strID"     : "2d99d721-c0fe-4a83-a7cd-19591e181cae",
        "bForceLoad" : false
      },
      {
        "strName" : "ItmConduit01",
        "fX"      : 3.0,
        "fY"      : -33.0,
        "fRotation" : 0.0,
        "strID"     : "8fe3ede6-2f5f-4c6e-bdd0-35dc6b6f6fde",
        "bForceLoad" : false
      },
      {
        "strName" : "ItmConduit01",
        "fX"      : 3.0,
        "fY"      : -34.0,
        "fRotation" : 0.0,
        "strID"     : "5ff340d6-966b-4344-9626-edaafe399c24",
        "bForceLoad" : false
      },
      {
        "strName" : "ItmConduit01",
        "fX"      : 3.0,
        "fY"      : -35.0,
        "fRotation" : 0.0,
        "strID"     : "0aea2491-1c4e-4c4a-849b-3b3474100efc",
        "bForceLoad" : false
      },
      {
        "strName" : "ItmConduit01",
        "fX"      : 3.0,
        "fY"      : -36.0,
        "fRotation" : 0.0,
        "strID"     : "9bc1d94b-2a10-4b27-ae3d-33054fef8ae1",
        "bForceLoad" : false
      },
      {
        "strName" : "ItmConduit01",
        "fX"      : 3.0,
        "fY"      : -37.0,
        "fRotation" : 0.0,
        "strID"     : "064e9fb9-d536-4f9e-b653-445e15360266",
        "bForceLoad" : false
      },
      {
        "strName" : "ItmConduit01",
        "fX"      : 3.0,
        "fY"      : -39.0,
        "fRotation" : 0.0,
        "strID"     : "d6a8309e-cbc6-436d-b567-78070d9d5ad3",
        "bForceLoad" : false
      },
      {
        "strName" : "ItmConduit01",
        "fX"      : 3.0,
        "fY"      : -40.0,
        "fRotation" : 0.0,
        "strID"     : "6e778ec3-0cfa-47a6-8ecf-1469d02bbe22",
        "bForceLoad" : false
      },
      {
        "strName" : "ItmConduit01",
        "fX"      : 3.0,
        "fY"      : -41.0,
        "fRotation" : 0.0,
        "strID"     : "1fdaced6-c7f4-472a-9472-54aae9e38df2",
        "bForceLoad" : false
      },
      {
        "strName" : "ItmConduit01",
        "fX"      : 3.0,
        "fY"      : -42.0,
        "fRotation" : 0.0,
        "strID"     : "3a541b8e-5e96-4357-8011-6cb47ca37303",
        "bForceLoad" : false
      },
      {
        "strName" : "ItmConduit01",
        "fX"      : 3.0,
        "fY"      : -43.0,
        "fRotation" : 0.0,
        "strID"     : "fc6735c0-57cd-4146-a227-6fb0c1b14754",
        "bForceLoad" : false
      },
      {
        "strName" : "ItmConduit01",
        "fX"      : 3.0,
        "fY"      : -44.0,
        "fRotation" : 0.0,
        "strID"     : "d77ab2e9-5ff2-4b77-ab92-9ea78a6f75a4",
        "bForceLoad" : false
      },
      {
        "strName" : "ItmConduit01",
        "fX"      : 7.0,
        "fY"      : -44.0,
        "fRotation" : 0.0,
        "strID"     : "0ef74505-d599-490f-8bcb-820842c28c4f",
        "bForceLoad" : false
      },
      {
        "strName" : "ItmConduit01",
        "fX"      : 7.0,
        "fY"      : -43.0,
        "fRotation" : 0.0,
        "strID"     : "9221ca7a-1cd1-421c-8f0d-7e9e314b7254",
        "bForceLoad" : false
      },
      {
        "strName" : "ItmConduit01",
        "fX"      : 7.0,
        "fY"      : -42.0,
        "fRotation" : 0.0,
        "strID"     : "9a5139f4-73ef-429f-88fe-e242dce0bf97",
        "bForceLoad" : false
      },
      {
        "strName" : "ItmConduit01",
        "fX"      : 7.0,
        "fY"      : -41.0,
        "fRotation" : 0.0,
        "strID"     : "5ae8b274-8efc-4cb3-ab04-57314a38cec1",
        "bForceLoad" : false
      },
      {
        "strName" : "ItmConduit01",
        "fX"      : 7.0,
        "fY"      : -40.0,
        "fRotation" : 0.0,
        "strID"     : "e6bbf928-d91c-4f53-99fd-503c9aa251f5",
        "bForceLoad" : false
      },
      {
        "strName" : "ItmConduit01",
        "fX"      : 7.0,
        "fY"      : -39.0,
        "fRotation" : 0.0,
        "strID"     : "576ce31a-0282-4da3-a91f-da112e017298",
        "bForceLoad" : false
      },
      {
        "strName" : "ItmConduit01",
        "fX"      : 7.0,
        "fY"      : -38.0,
        "fRotation" : 0.0,
        "strID"     : "c779946b-e3b1-49f3-b61c-010c3977e725",
        "bForceLoad" : false
      },
      {
        "strName" : "ItmConduit01",
        "fX"      : 7.0,
        "fY"      : -37.0,
        "fRotation" : 0.0,
        "strID"     : "7fcf0879-5a04-47d3-9e9a-a156e72e12e9",
        "bForceLoad" : false
      },
      {
        "strName" : "ItmConduit01",
        "fX"      : 7.0,
        "fY"      : -36.0,
        "fRotation" : 0.0,
        "strID"     : "5494f8bd-a202-4ec2-a585-db3cf90ddd53",
        "bForceLoad" : false
      },
      {
        "strName" : "ItmConduit01",
        "fX"      : 7.0,
        "fY"      : -35.0,
        "fRotation" : 0.0,
        "strID"     : "44f53fae-7fa6-4cba-95f9-9e73afacd3f8",
        "bForceLoad" : false
      },
      {
        "strName" : "ItmConduit01",
        "fX"      : 7.0,
        "fY"      : -34.0,
        "fRotation" : 0.0,
        "strID"     : "fdb67223-1932-4aba-b841-bb9e1dca2354",
        "bForceLoad" : false
      },
      {
        "strName" : "ItmConduit01",
        "fX"      : 7.0,
        "fY"      : -33.0,
        "fRotation" : 0.0,
        "strID"     : "9a6a4d9d-358c-4a13-bb1e-ba7f160f8a5a",
        "bForceLoad" : false
      },
      {
        "strName" : "ItmConduit01",
        "fX"      : 7.0,
        "fY"      : -32.0,
        "fRotation" : 0.0,
        "strID"     : "3f80e1ea-dad5-444d-aad3-5d37f53a6eaf",
        "bForceLoad" : false
      },
      {
        "strName" : "ItmConduit01",
        "fX"      : 7.0,
        "fY"      : -31.0,
        "fRotation" : 0.0,
        "strID"     : "04833d4e-8e39-419c-aa37-5c8e159ddd2e",
        "bForceLoad" : false
      },
      {
        "strName" : "ItmConduit01",
        "fX"      : 7.0,
        "fY"      : -30.0,
        "fRotation" : 0.0,
        "strID"     : "4774dd79-cd93-48dc-9fc5-fe436edccc2d",
        "bForceLoad" : false
      },
      {
        "strName" : "ItmConduit01",
        "fX"      : 7.0,
        "fY"      : -29.0,
        "fRotation" : 0.0,
        "strID"     : "62bc225f-ccf9-48e9-a65f-cde31ac36b0e",
        "bForceLoad" : false
      },
      {
        "strName" : "ItmConduit01",
        "fX"      : 7.0,
        "fY"      : -28.0,
        "fRotation" : 0.0,
        "strID"     : "3b0756dc-bae0-4493-83e0-945957159bcc",
        "bForceLoad" : false
      },
      {
        "strName" : "ItmConduit01",
        "fX"      : 4.0,
        "fY"      : -19.0,
        "fRotation" : 0.0,
        "strID"     : "632c52b3-9f03-4852-8c72-fba054753d78",
        "bForceLoad" : false
      },
      {
        "strName" : "ItmConduit01",
        "fX"      : 8.0,
        "fY"      : -27.0,
        "fRotation" : 0.0,
        "strID"     : "3e5d0cca-bc2d-4c13-b744-acc71fa3a8eb",
        "bForceLoad" : false
      },
      {
        "strName" : "ItmConduit01",
        "fX"      : 8.0,
        "fY"      : -26.0,
        "fRotation" : 0.0,
        "strID"     : "65c7b27a-8d8f-4553-8e1a-e1f7f6d4dbf3",
        "bForceLoad" : false
      },
      {
        "strName" : "ItmConduit01",
        "fX"      : 8.0,
        "fY"      : -25.0,
        "fRotation" : 0.0,
        "strID"     : "eb1f4740-de42-460a-97d7-dc28f2e4d0ee",
        "bForceLoad" : false
      },
      {
        "strName" : "ItmConduit01",
        "fX"      : 5.0,
        "fY"      : -27.0,
        "fRotation" : 0.0,
        "strID"     : "3aa4a961-e358-45e8-8840-d7cddeca661e",
        "bForceLoad" : false
      },
      {
        "strName" : "ItmConduit01",
        "fX"      : 5.0,
        "fY"      : -28.0,
        "fRotation" : 0.0,
        "strID"     : "4cadaffa-6e2d-457c-8381-1b114aca4e41",
        "bForceLoad" : false
      },
      {
        "strName" : "ItmLitWall1x0OrangeOff",
        "fX"      : 9.0,
        "fY"      : -23.0,
        "fRotation" : 90.0,
        "strID"     : "52a51eeb-fab2-4deb-a251-f1c5ac3bd1b8",
        "bForceLoad" : false
      },
      {
        "strName" : "ItmConduit01",
        "fX"      : 4.0,
        "fY"      : -28.0,
        "fRotation" : 0.0,
        "strID"     : "1fb3b8bb-a37e-4dfb-9968-c6b2cf978216",
        "bForceLoad" : false
      },
      {
        "strName" : "ItmConduit01",
        "fX"      : 6.0,
        "fY"      : -28.0,
        "fRotation" : 0.0,
        "strID"     : "fa8d7743-1def-43f3-b096-aca2c1fecb3a",
        "bForceLoad" : false
      },
      {
        "strName" : "ItmSwitch01Off",
        "fX"      : 5.0,
        "fY"      : -33.0,
        "fRotation" : 180.0,
        "strID"     : "e629247f-2a0d-4eac-96b2-2763fd8068a6",
        "bForceLoad" : false
      },
      {
        "strName" : "ItmConduit01",
        "fX"      : 5.0,
        "fY"      : -21.0,
        "fRotation" : 0.0,
        "strID"     : "1dfec678-62cd-4e36-88ba-9e9e5030a90c",
        "bForceLoad" : false
      },
      {
        "strName" : "ItmSwitch01Off",
        "fX"      : 8.0,
        "fY"      : -24.0,
        "fRotation" : 270.0,
        "strID"     : "aef73f7f-7218-4508-8893-0e50aff58d34",
        "bForceLoad" : false
      },
      {
        "strName" : "ItmSwitch01Off",
        "fX"      : 2.0,
        "fY"      : -24.0,
        "fRotation" : 90.0,
        "strID"     : "720a51f8-9a9a-41ea-9cec-8650f86a6403",
        "bForceLoad" : false
      },
      {
        "strName" : "ItmSwitch01Off",
        "fX"      : 3.0,
        "fY"      : -27.0,
        "fRotation" : 90.0,
        "strID"     : "e38f99b5-31de-4d8e-b075-4db6139f9398",
        "bForceLoad" : false
      },
      {
        "strName" : "ItmSwitch01Off",
        "fX"      : 7.0,
        "fY"      : -27.0,
        "fRotation" : 270.0,
        "strID"     : "2f306885-7382-468d-b6c4-6c1f01452a69",
        "bForceLoad" : false
      },
      {
        "strName" : "ItmAlarmTempOff",
        "fX"      : 4.0,
        "fY"      : -31.0,
        "fRotation" : 90.0,
        "strID"     : "9f5ba4cd-16d7-4f15-98e8-f8ef5290b842",
        "bForceLoad" : false,
        "aGPMSettings" : [
          {
            "strName" : "Panel A",
            "dictGUIPropMap" : [
              "strGUIPrefab",
              "GUIOnOff",
              "strFriendlyName",
              "Alarm",
              "strGUIPrefabRight",
              null,
              "strGUIPrefabLeft",
              null,
              "strGUIPrefabUp",
              null,
              "strGUIPrefabDown",
              null,
              "strTitle",
              "Alarm Override"
            ]
          }
        ]
      },
      {
        "strName" : "ItmConduit01",
        "fX"      : 9.0,
        "fY"      : -22.0,
        "fRotation" : 0.0,
        "strID"     : "6abcdc58-91fd-476f-8391-805cadfb6cb1",
        "bForceLoad" : false
      },
      {
        "strName" : "ItmConduit01",
        "fX"      : 10.0,
        "fY"      : -22.0,
        "fRotation" : 0.0,
        "strID"     : "ef0cf07f-c62c-454f-ae19-1f82f9dde47d",
        "bForceLoad" : false
      },
      {
        "strName" : "ItmRTAN2",
        "fX"      : 4.0,
        "fY"      : -33.0,
        "fRotation" : 180.0,
        "strID"     : "7fadedff-ec48-463c-904e-0583c48b8f5c",
        "bForceLoad" : false
      },
      {
        "strName" : "ItmRTAN2",
        "fX"      : 6.0,
        "fY"      : -33.0,
        "fRotation" : 180.0,
        "strID"     : "6049d2fc-ff84-4dfa-8d3d-c3dbc04dac87",
        "bForceLoad" : false
      },
      {
        "strName" : "ItmFloorMSSOW05",
        "fX"      : 7.0,
        "fY"      : -34.0,
        "fRotation" : 0.0,
        "strID"     : "f16abdd0-b8c1-456f-89e1-f1fe21879267",
        "bForceLoad" : false
      },
      {
        "strName" : "ItmFloorMSSOW05",
        "fX"      : 3.0,
        "fY"      : -34.0,
        "fRotation" : 90.0,
        "strID"     : "77cebc6d-53fc-4e58-bc63-7e9843c6d1b3",
        "bForceLoad" : false
      },
      {
        "strName" : "ItmConduit01",
        "fX"      : 3.0,
        "fY"      : -38.0,
        "fRotation" : 0.0,
        "strID"     : "e82d7cbb-5d59-4309-9650-30a40a89f3bf",
        "bForceLoad" : false
      },
      {
        "strName" : "Compartment",
        "fX"      : 11.0,
        "fY"      : -45.0,
        "fRotation" : 0.0,
        "strID"     : "34c98bd9-b6b8-442d-b9ba-e69684362822",
        "bForceLoad" : false
      },
      {
        "strName" : "Compartment",
        "fX"      : 6.0,
        "fY"      : -33.0,
        "fRotation" : 0.0,
        "strID"     : "e8a046f0-b850-44b7-962b-e851fa2a9fc3",
        "bForceLoad" : false
      }
    ],
    "aShallowPSpecs"   : [
      {
        "strName" : "SysLootSpawner",
        "fX"      : 5.0,
        "fY"      : -28.0,
        "fRotation" : 180.0,
        "strID"     : "db7abf74-219b-47be-9986-d762e4eaeea4",
        "bForceLoad" : false,
        "aGPMSettings" : [
          {
            "strName" : "Panel A",
            "dictGUIPropMap" : [
              "strGUIPrefab",
              "GUILootSpawn",
              "strFriendlyName",
              "Loot Spawner",
              "strGUIPrefabRight",
              null,
              "strGUIPrefabLeft",
              null,
              "strGUIPrefabUp",
              null,
              "strGUIPrefabDown",
              null,
              "strType",
              "Pspec",
              "strLoot",
              "NotBoarding",
              "strRange",
              "1",
              "strCount",
              "0",
              "strNew",
              "True",
              "strDamaged",
              "True",
              "strDerelict",
              "True"
            ]
          }
        ]
      },
      {
        "strName" : "SysLootSpawner",
        "fX"      : 5.0,
        "fY"      : -18.0,
        "fRotation" : 180.0,
        "strID"     : "6317760c-a1cf-496b-9d91-ee2091e3356a",
        "bForceLoad" : false,
        "aGPMSettings" : [
          {
            "strName" : "Panel A",
            "dictGUIPropMap" : [
              "strGUIPrefab",
              "GUILootSpawn",
              "strFriendlyName",
              "Loot Spawner",
              "strGUIPrefabRight",
              null,
              "strGUIPrefabLeft",
              null,
              "strGUIPrefabUp",
              null,
              "strGUIPrefabDown",
              null,
              "strType",
              "Pspec",
              "strLoot",
              "Boarding",
              "strRange",
              "0",
              "strCount",
              "0",
              "strNew",
              "True",
              "strDamaged",
              "True",
              "strDerelict",
              "True"
            ]
          }
        ]
      },
      {
        "strName" : "SysLootSpawner",
        "fX"      : 5.0,
        "fY"      : -24.0,
        "fRotation" : 180.0,
        "strID"     : "f60b6b92-44bb-4136-ac5c-34ef39fc030b",
        "bForceLoad" : false,
        "aGPMSettings" : [
          {
            "strName" : "Panel A",
            "dictGUIPropMap" : [
              "strGUIPrefab",
              "GUILootSpawn",
              "strFriendlyName",
              "Loot Spawner",
              "strGUIPrefabRight",
              null,
              "strGUIPrefabLeft",
              null,
              "strGUIPrefabUp",
              null,
              "strGUIPrefabDown",
              null,
              "strType",
              "Pspec",
              "strLoot",
              "PlayerCrew",
              "strRange",
              "0",
              "strCount",
              "0",
              "strNew",
              "True",
              "strDamaged",
              "True",
              "strDerelict",
              "True"
            ]
          }
        ]
      }
    ],
    "vShipPos"         : {
      "x" : 5.0,
      "y" : -18.0
    },
    "objSS"            : {
      "boPORShip" : "1036 Ganymed",
      "vPosx"     : 0.973881765363235,
      "vPosy"     : -1.56527132097221,
      "vBOOffsetx" : -4.97305657320979E-07,
      "vBOOffsety" : -3.67628365083306E-07,
      "vVelX"      : 1.6719351825234E-07,
      "vVelY"      : 1.35867452843996E-08,
      "vAccIn"     : {
        "x" : 0.0,
        "y" : 0.0
      },
      "vAccRCS"    : {
        "x" : 0.0,
        "y" : 0.0
      },
      "vAccEx"     : {
        "x" : 0.0,
        "y" : 0.0
      },
      "fRot"       : 0.3348842,
      "fW"         : 0.0,
      "fA"         : 0.0,
      "bBOLocked"  : true,
      "bIsBO"      : false,
      "bIsRegion"  : false,
      "bIsNoFees"  : false
    },
    "aRooms"           : [
      {
        "strID" : "34c98bd9-b6b8-442d-b9ba-e69684362822",
        "bVoid" : true,
        "aTiles" : [
          376,
          375,
          363,
          374,
          362,
          350,
          373,
          361,
          349,
          337,
          372,
          360,
          348,
          336,
          324,
          371,
          347,
          335,
          323,
          311,
          370,
          358,
          346,
          334,
          322,
          310,
          298,
          369,
          357,
          345,
          333,
          321,
          309,
          297,
          285,
          368,
          356,
          344,
          332,
          308,
          296,
          284,
          272,
          367,
          343,
          331,
          319,
          295,
          283,
          271,
          259,
          366,
          354,
          342,
          330,
          318,
          306,
          282,
          270,
          258,
          246,
          365,
          353,
          341,
          329,
          317,
          305,
          293,
          269,
          257,
          245,
          233,
          364,
          352,
          340,
          328,
          304,
          292,
          280,
          256,
          244,
          232,
          220,
          351,
          339,
          327,
          315,
          291,
          279,
          267,
          243,
          231,
          219,
          207,
          338,
          326,
          314,
          302,
          278,
          266,
          254,
          230,
          218,
          206,
          194,
          325,
          313,
          301,
          289,
          265,
          253,
          241,
          217,
          205,
          193,
          181,
          312,
          300,
          288,
          276,
          252,
          240,
          204,
          192,
          180,
          168,
          299,
          287,
          275,
          263,
          239,
          191,
          179,
          167,
          155,
          286,
          274,
          262,
          250,
          178,
          166,
          154,
          142,
          273,
          261,
          249,
          237,
          165,
          153,
          141,
          129,
          260,
          248,
          236,
          224,
          152,
          140,
          128,
          116,
          247,
          235,
          223,
          211,
          127,
          115,
          103,
          234,
          222,
          210,
          198,
          114,
          90,
          221,
          209,
          197,
          185,
          101,
          89,
          77,
          208,
          196,
          184,
          172,
          88,
          64,
          195,
          183,
          171,
          159,
          75,
          63,
          51,
          182,
          170,
          158,
          146,
          62,
          50,
          38,
          169,
          157,
          145,
          49,
          37,
          25,
          156,
          144,
          132,
          36,
          24,
          12,
          143,
          131,
          119,
          23,
          11,
          130,
          118,
          106,
          22,
          10,
          117,
          105,
          93,
          9,
          104,
          80,
          91,
          79,
          67,
          78,
          54,
          65,
          53,
          41,
          52,
          40,
          28,
          39,
          27,
          15,
          26,
          14,
          16,
          2,
          13,
          1,
          3,
          0
        ]
      },
      {
        "strID" : "e8a046f0-b850-44b7-962b-e851fa2a9fc3",
        "bVoid" : false,
        "aTiles" : [
          215,
          214,
          202,
          213,
          201,
          189,
          200,
          188,
          176,
          187,
          175,
          163,
          174,
          162,
          150,
          161,
          149,
          137,
          148,
          136,
          124,
          135,
          123,
          125,
          111,
          122,
          110,
          112,
          98,
          121,
          109,
          97,
          99,
          85,
          108,
          96,
          84,
          86,
          72,
          95,
          83,
          71,
          73,
          59,
          82,
          70,
          58,
          60,
          46,
          69,
          57,
          45,
          47,
          33,
          56,
          44,
          32,
          20,
          43,
          31,
          19,
          18,
          6
        ]
      }
    ],
    "DMGStatus"        : 2,
    "fLastVisit"       : 65627555962.8202,
    "fAIDockingTimer"  : 0.0,
    "fAIPauseTimer"    : 0.0,
    "bPrefill"         : false,
    "bNoCollisions"    : false,
    "dLastScanTime"    : 65627587389.2693,
    "bLocalAuthority"  : false,
    "bAIShip"          : false,
    "make"             : "Custom",
    "model"            : "Whistler",
    "year"             : "2071",
    "origin"           : "Cloudbreak Aerostat",
    "designation"      : "n/a",
    "publicName"       : "Dreadnaught",
    "dimensions"       : "0.32m x 3.52m",
    "fShallowMass"     : 3090.5,
    "fShallowRCSRemass" : 0.0,
    "fShallowRCSRemassMax" : 0.0,
    "fShallowFusionRemain" : 0.0,
    "fBreakInMultiplier"   : 0.01280089,
    "nRCSCount"            : 0,
    "nRCSDistroCount"      : 0,
    "nDockCount"           : 1,
    "bFusionTorch"         : false
  }
]