
[
  {
    "strName" : "J-3RHV",
    "strRegID" : "J-3RHV",
    "nCurrentWaypoint" : -1,
    "fTimeEngaged"     : 160306.6,
    "aProxCurrent"     : [
      "B-7LLZ"
    ],
    "aCOs"             : [
      {
        "strID" : "3ba05432-9490-465d-a9e7-c78f5bb2edd8",
        "strCODef" : "SysLootSpawner",
        "bAlive"   : true,
        "aConds"   : [
          "IsNonHighlightable=1.0x1",
          "IsHiddenInv=1.0x1",
          "IsLootSpawner=1.0x1",
          "IsSystem=1.0x1"
        ],
        "strCondID" : "SysLootSpawner3ba05432-9490-465d-a9e7-c78f5bb2edd8",
        "inventoryX" : 0,
        "inventoryY" : 0,
        "fDGasTemp"  : 0.0,
        "fLastICOUpdate" : 65627556140.9407,
        "nDestTile"      : 0,
        "strIdleAnim"    : "Idle",
        "aMyShips"       : [
          "J-3RHV"
        ],
        "strIMGPreview"  : "IcoLoot",
        "strFriendlyName" : "SysLootSpawner",
        "strRegIDLast"    : "J-3RHV"
      },
      {
        "strID" : "e9369ca1-8eaa-42bf-ba82-1a75c22994c4",
        "strCODef" : "SysLootSpawner",
        "bAlive"   : true,
        "aConds"   : [
          "IsNonHighlightable=1.0x1",
          "IsHiddenInv=1.0x1",
          "IsLootSpawner=1.0x1",
          "IsSystem=1.0x1"
        ],
        "strCondID" : "SysLootSpawnere9369ca1-8eaa-42bf-ba82-1a75c22994c4",
        "inventoryX" : 0,
        "inventoryY" : 0,
        "fDGasTemp"  : 0.0,
        "fLastICOUpdate" : 65627556140.9407,
        "nDestTile"      : 0,
        "strIdleAnim"    : "Idle",
        "aMyShips"       : [
          "J-3RHV"
        ],
        "strIMGPreview"  : "IcoLoot",
        "strFriendlyName" : "SysLootSpawner",
        "strRegIDLast"    : "J-3RHV"
      }
    ],
    "aItems"           : [
      {
        "strName" : "ItmCanister01",
        "fX"      : 9.0,
        "fY"      : -24.0,
        "fRotation" : 180.0,
        "strID"     : "d8220bc9-86a3-4aa4-8fae-bc409574acc6",
        "bForceLoad" : false
      },
      {
        "strName" : "ItmCanister01",
        "fX"      : 7.0,
        "fY"      : -25.0,
        "fRotation" : 0.0,
        "strID"     : "b6a594ef-323e-43ec-a691-f8391c0508b8",
        "bForceLoad" : false
      },
      {
        "strName" : "ItmCanister01",
        "fX"      : 2.0,
        "fY"      : -25.0,
        "fRotation" : 270.0,
        "strID"     : "12228091-8d1f-4cee-b92e-ca6c55a5d0a7",
        "bForceLoad" : false
      },
      {
        "strName" : "ItmCanister01",
        "fX"      : 7.0,
        "fY"      : -24.0,
        "fRotation" : 270.0,
        "strID"     : "758b8c39-b3d6-41d5-9667-b90a2417c1a4",
        "bForceLoad" : false
      },
      {
        "strName" : "ItmFloorRYOF01",
        "fX"      : 6.0,
        "fY"      : -19.0,
        "fRotation" : 180.0,
        "strID"     : "db52c5bb-33b5-4b88-b8f9-55b92d7c2544",
        "bForceLoad" : false
      },
      {
        "strName" : "ItmFloorRYOF01",
        "fX"      : 5.0,
        "fY"      : -19.0,
        "fRotation" : 180.0,
        "strID"     : "ac3942f4-19f0-4ec1-ad36-304280b26080",
        "bForceLoad" : false
      },
      {
        "strName" : "ItmFloorRYOF01",
        "fX"      : 4.0,
        "fY"      : -19.0,
        "fRotation" : 180.0,
        "strID"     : "378274f0-8435-49a7-a51c-da412069cb04",
        "bForceLoad" : false
      },
      {
        "strName" : "ItmScrapAluminum",
        "fX"      : 8.0,
        "fY"      : -23.0,
        "fRotation" : 0.0,
        "strID"     : "7286d1ca-f250-4c49-b0ca-ad0ab2f65756",
        "strParentID" : "e910ce00-ea2a-491e-bae8-49db7cf9ef6c",
        "bForceLoad"  : false
      },
      {
        "strName" : "ItmScrapAluminum",
        "fX"      : 8.0,
        "fY"      : -23.0,
        "fRotation" : 180.0,
        "strID"     : "e910ce00-ea2a-491e-bae8-49db7cf9ef6c",
        "bForceLoad" : false
      },
      {
        "strName" : "ItmFloorRYOF04",
        "fX"      : 6.0,
        "fY"      : -18.0,
        "fRotation" : 90.0,
        "strID"     : "1089e5e0-f368-450a-9b7f-5b5bf559783e",
        "bForceLoad" : false
      },
      {
        "strName" : "ItmFloorRYOF04",
        "fX"      : 5.0,
        "fY"      : -18.0,
        "fRotation" : 90.0,
        "strID"     : "73a6df83-d8cc-4fff-ab6e-a280723c05f3",
        "bForceLoad" : false
      },
      {
        "strName" : "ItmFloorRYOF04",
        "fX"      : 4.0,
        "fY"      : -18.0,
        "fRotation" : 90.0,
        "strID"     : "0b21e8fc-af0c-48ba-b5c2-3cb3f59ff326",
        "bForceLoad" : false
      },
      {
        "strName" : "ItmDockSys02Closed",
        "fX"      : 5.0,
        "fY"      : -17.5,
        "fRotation" : 0.0,
        "strID"     : "362a55c1-7a52-4f4b-89f2-7872a4c8a036",
        "bForceLoad" : false
      },
      {
        "strName" : "ItmFloorRYOF01",
        "fX"      : 7.0,
        "fY"      : -19.0,
        "fRotation" : 180.0,
        "strID"     : "efaef0d1-1a1e-44e0-94a2-8d299b51343a",
        "bForceLoad" : false
      },
      {
        "strName" : "ItmFloorRYOF01",
        "fX"      : 3.0,
        "fY"      : -19.0,
        "fRotation" : 180.0,
        "strID"     : "2f624c2b-66c9-44cd-8f2a-493835a5782c",
        "bForceLoad" : false
      },
      {
        "strName" : "ItmFloorRYOF01",
        "fX"      : 8.0,
        "fY"      : -19.0,
        "fRotation" : 180.0,
        "strID"     : "bd06c4c2-1f35-4fa4-ab8f-1bc61a40f733",
        "bForceLoad" : false
      },
      {
        "strName" : "ItmFloorRYOF01",
        "fX"      : 8.0,
        "fY"      : -20.0,
        "fRotation" : 180.0,
        "strID"     : "d17b6df1-f59c-4468-91a8-e29b9a8cedaf",
        "bForceLoad" : false
      },
      {
        "strName" : "ItmLitWall1x0Off",
        "fX"      : 8.0,
        "fY"      : -18.0,
        "fRotation" : 90.0,
        "strID"     : "b3617a4a-a7f7-4e42-a56e-7d28c60707c9",
        "bForceLoad" : false
      },
      {
        "strName" : "ItmConduit01",
        "fX"      : 7.0,
        "fY"      : -19.0,
        "fRotation" : 0.0,
        "strID"     : "fe550eb0-bcdd-43d4-a60b-e215274f2502",
        "bForceLoad" : false
      },
      {
        "strName" : "ItmFloorRYOF01",
        "fX"      : 2.0,
        "fY"      : -19.0,
        "fRotation" : 180.0,
        "strID"     : "42d68c3f-1ce6-4819-8445-8418e855782b",
        "bForceLoad" : false
      },
      {
        "strName" : "ItmFloorRYOF01",
        "fX"      : 2.0,
        "fY"      : -20.0,
        "fRotation" : 180.0,
        "strID"     : "b0ae2ac0-0041-4e70-b44f-1a1a2978db99",
        "bForceLoad" : false
      },
      {
        "strName" : "ItmFloorRYOF01",
        "fX"      : 8.0,
        "fY"      : -21.0,
        "fRotation" : 180.0,
        "strID"     : "058371e3-4fd9-4582-a25a-a494c0fb85b6",
        "bForceLoad" : false
      },
      {
        "strName" : "ItmFloorRYOF01",
        "fX"      : 7.0,
        "fY"      : -21.0,
        "fRotation" : 180.0,
        "strID"     : "af78e8bc-2cc3-4445-bbc6-0ee32bba0ead",
        "bForceLoad" : false
      },
      {
        "strName" : "ItmFloorRYOF01",
        "fX"      : 7.0,
        "fY"      : -22.0,
        "fRotation" : 180.0,
        "strID"     : "f0e134a9-283e-4d52-977d-cf200971d7f2",
        "bForceLoad" : false
      },
      {
        "strName" : "ItmFloorRYOF01",
        "fX"      : 8.0,
        "fY"      : -22.0,
        "fRotation" : 180.0,
        "strID"     : "b6ffe813-50a0-48c8-b6e8-c08c5a096fd5",
        "bForceLoad" : false
      },
      {
        "strName" : "ItmConduit01",
        "fX"      : 7.0,
        "fY"      : -21.0,
        "fRotation" : 0.0,
        "strID"     : "bf591258-cd12-4e62-9e7f-c6dd56962a88",
        "bForceLoad" : false
      },
      {
        "strName" : "ItmFloorRYOF01",
        "fX"      : 1.0,
        "fY"      : -21.0,
        "fRotation" : 180.0,
        "strID"     : "77c8c9ef-a8d4-4b5d-a2d7-e47e2200274c",
        "bForceLoad" : false
      },
      {
        "strName" : "ItmFloorRYOF04",
        "fX"      : 1.0,
        "fY"      : -22.0,
        "fRotation" : 0.0,
        "strID"     : "03d99209-1bb1-4792-a7a7-6162e283aae2",
        "bForceLoad" : false
      },
      {
        "strName" : "ItmFloorRYOF04",
        "fX"      : 1.0,
        "fY"      : -23.0,
        "fRotation" : 270.0,
        "strID"     : "c20a0fd8-a8f6-4b16-a9a8-e22f8c5a5ad0",
        "bForceLoad" : false
      },
      {
        "strName" : "ItmFloorRYOF05",
        "fX"      : 1.0,
        "fY"      : -24.0,
        "fRotation" : 180.0,
        "strID"     : "dab9c337-0005-42f4-8913-790c54f42f99",
        "bForceLoad" : false
      },
      {
        "strName" : "ItmFloorRYOF05",
        "fX"      : 1.0,
        "fY"      : -25.0,
        "fRotation" : 180.0,
        "strID"     : "5cfe10f6-25e2-45c2-b4a0-e72c073393f3",
        "bForceLoad" : false
      },
      {
        "strName" : "ItmFloorRYOF04",
        "fX"      : 1.0,
        "fY"      : -26.0,
        "fRotation" : 0.0,
        "strID"     : "87603676-cce6-4972-b8db-f51e7e9dac6f",
        "bForceLoad" : false
      },
      {
        "strName" : "ItmFloorRYOF01",
        "fX"      : 1.0,
        "fY"      : -27.0,
        "fRotation" : 180.0,
        "strID"     : "ca1265aa-59d3-43f1-8adc-50e74b4950e7",
        "bForceLoad" : false
      },
      {
        "strName" : "ItmFloorRYOF01",
        "fX"      : 1.0,
        "fY"      : -28.0,
        "fRotation" : 180.0,
        "strID"     : "b698ed84-b14f-4555-804c-766449780ab3",
        "bForceLoad" : false
      },
      {
        "strName" : "ItmFloorRYOF01",
        "fX"      : 2.0,
        "fY"      : -27.0,
        "fRotation" : 180.0,
        "strID"     : "16781104-2594-4465-9131-0723c311fee6",
        "bForceLoad" : false
      },
      {
        "strName" : "ItmFloorRYOF04",
        "fX"      : 2.0,
        "fY"      : -26.0,
        "fRotation" : 90.0,
        "strID"     : "687b097c-98e3-4c9a-85a1-b7da553734c2",
        "bForceLoad" : false
      },
      {
        "strName" : "ItmFloorRYOF05",
        "fX"      : 2.0,
        "fY"      : -25.0,
        "fRotation" : 180.0,
        "strID"     : "1a248b0b-cda0-4f75-bf63-796932ecf859",
        "bForceLoad" : false
      },
      {
        "strName" : "ItmFloorRYOF01",
        "fX"      : 7.0,
        "fY"      : -20.0,
        "fRotation" : 180.0,
        "strID"     : "840d1ced-613e-4ae1-9339-04a0f11dec5e",
        "bForceLoad" : false
      },
      {
        "strName" : "ItmFloorRYOF01",
        "fX"      : 2.0,
        "fY"      : -21.0,
        "fRotation" : 180.0,
        "strID"     : "62df1969-4169-4fca-8866-7807174615ed",
        "bForceLoad" : false
      },
      {
        "strName" : "ItmFloorRYOF01",
        "fX"      : 3.0,
        "fY"      : -21.0,
        "fRotation" : 180.0,
        "strID"     : "8b35b486-d85e-4bb7-89cc-ebc369d93ebf",
        "bForceLoad" : false
      },
      {
        "strName" : "ItmFloorRYOF05",
        "fX"      : 2.0,
        "fY"      : -24.0,
        "fRotation" : 180.0,
        "strID"     : "30b582dc-1f63-4dab-98d1-6db357b44537",
        "bForceLoad" : false
      },
      {
        "strName" : "ItmFloorRYOF04",
        "fX"      : 2.0,
        "fY"      : -23.0,
        "fRotation" : 270.0,
        "strID"     : "22a54212-b7f0-4e33-980a-046ccefedc73",
        "bForceLoad" : false
      },
      {
        "strName" : "ItmFloorRYOF05",
        "fX"      : 7.0,
        "fY"      : -25.0,
        "fRotation" : 180.0,
        "strID"     : "158b9691-70cb-4cc0-81cc-b312ce4dc59d",
        "bForceLoad" : false
      },
      {
        "strName" : "ItmFloorRYOF01",
        "fX"      : 3.0,
        "fY"      : -20.0,
        "fRotation" : 180.0,
        "strID"     : "961b985a-4d29-43bf-a5c2-6c3ccbeba04a",
        "bForceLoad" : false
      },
      {
        "strName" : "ItmFloorRYOF04",
        "fX"      : 8.0,
        "fY"      : -23.0,
        "fRotation" : 270.0,
        "strID"     : "8ed681d4-374f-4200-8c9c-a2d040e5c9ad",
        "bForceLoad" : false
      },
      {
        "strName" : "ItmFloorRYOF04",
        "fX"      : 7.0,
        "fY"      : -23.0,
        "fRotation" : 270.0,
        "strID"     : "48a5dc4f-c42f-4776-8b8d-2b8eafcbe944",
        "bForceLoad" : false
      },
      {
        "strName" : "ItmFloorRYOF05",
        "fX"      : 7.0,
        "fY"      : -24.0,
        "fRotation" : 180.0,
        "strID"     : "897fd9af-b8cc-4545-bf54-ed32631d1853",
        "bForceLoad" : false
      },
      {
        "strName" : "ItmFloorRYOF05",
        "fX"      : 8.0,
        "fY"      : -24.0,
        "fRotation" : 180.0,
        "strID"     : "6f49bf31-0a92-4202-9adc-8261cb4d34c9",
        "bForceLoad" : false
      },
      {
        "strName" : "ItmFloorRYOF05",
        "fX"      : 3.0,
        "fY"      : -25.0,
        "fRotation" : 180.0,
        "strID"     : "d53194b8-8a9a-4d52-940a-0f3b4dd84d30",
        "bForceLoad" : false
      },
      {
        "strName" : "ItmFloorRYOF04",
        "fX"      : 3.0,
        "fY"      : -26.0,
        "fRotation" : 90.0,
        "strID"     : "b50e1be4-c93a-4cc3-84aa-be22fc09d8d0",
        "bForceLoad" : false
      },
      {
        "strName" : "ItmFloorRYOF01",
        "fX"      : 3.0,
        "fY"      : -27.0,
        "fRotation" : 180.0,
        "strID"     : "a8b18169-bb35-4605-8b5b-3895fe3361d5",
        "bForceLoad" : false
      },
      {
        "strName" : "ItmFloorRYOF01",
        "fX"      : 4.0,
        "fY"      : -27.0,
        "fRotation" : 180.0,
        "strID"     : "ed5d8869-ac72-4797-950a-54064ef5a67b",
        "bForceLoad" : false
      },
      {
        "strName" : "ItmFloorRYOF01",
        "fX"      : 5.0,
        "fY"      : -27.0,
        "fRotation" : 180.0,
        "strID"     : "475a9460-b468-48f9-b002-fdb45f67cbc6",
        "bForceLoad" : false
      },
      {
        "strName" : "ItmFloorRYOF01",
        "fX"      : 6.0,
        "fY"      : -27.0,
        "fRotation" : 180.0,
        "strID"     : "8ba96742-44c0-4ba5-8725-c9d39469aaf2",
        "bForceLoad" : false
      },
      {
        "strName" : "ItmFloorRYOF01",
        "fX"      : 7.0,
        "fY"      : -27.0,
        "fRotation" : 180.0,
        "strID"     : "a0c40526-eb0e-4bf8-80a5-0bdc00914db9",
        "bForceLoad" : false
      },
      {
        "strName" : "ItmFloorRYOF04",
        "fX"      : 7.0,
        "fY"      : -26.0,
        "fRotation" : 90.0,
        "strID"     : "5ea7363b-4885-4e65-9915-36b665bf9c83",
        "bForceLoad" : false
      },
      {
        "strName" : "ItmFloorRYOF04",
        "fX"      : 6.0,
        "fY"      : -24.0,
        "fRotation" : 0.0,
        "strID"     : "6e206719-6c96-4380-8e4e-38199662999c",
        "bForceLoad" : false
      },
      {
        "strName" : "ItmFloorRYOF01",
        "fX"      : 6.0,
        "fY"      : -23.0,
        "fRotation" : 180.0,
        "strID"     : "f130f545-4bd8-432e-8b8f-f63b429f0bb4",
        "bForceLoad" : false
      },
      {
        "strName" : "ItmFloorRYOF01",
        "fX"      : 5.0,
        "fY"      : -22.0,
        "fRotation" : 180.0,
        "strID"     : "d6da2b69-7dfd-4f4c-acb0-46ba573240b5",
        "bForceLoad" : false
      },
      {
        "strName" : "ItmFloorRYOF01",
        "fX"      : 5.0,
        "fY"      : -23.0,
        "fRotation" : 180.0,
        "strID"     : "9679a9e5-fda9-4b14-8487-c6c8e7586d39",
        "bForceLoad" : false
      },
      {
        "strName" : "ItmFloorRYOF01",
        "fX"      : 5.0,
        "fY"      : -24.0,
        "fRotation" : 180.0,
        "strID"     : "40f3d390-40c8-43d2-bf52-4b8cd7afba9e",
        "bForceLoad" : false
      },
      {
        "strName" : "ItmFloorRYOF01",
        "fX"      : 5.0,
        "fY"      : -25.0,
        "fRotation" : 180.0,
        "strID"     : "b85bbaa7-9a37-42b9-8772-364a0c720a77",
        "bForceLoad" : false
      },
      {
        "strName" : "ItmFloorRYOF01",
        "fX"      : 6.0,
        "fY"      : -26.0,
        "fRotation" : 180.0,
        "strID"     : "47075ced-1108-457e-9496-a04bd6933b9e",
        "bForceLoad" : false
      },
      {
        "strName" : "ItmFloorRYOF04",
        "fX"      : 6.0,
        "fY"      : -25.0,
        "fRotation" : 0.0,
        "strID"     : "ecfb0d1a-12c4-4925-8979-d64c1c385c18",
        "bForceLoad" : false
      },
      {
        "strName" : "ItmFloorRYOF01",
        "fX"      : 6.0,
        "fY"      : -22.0,
        "fRotation" : 180.0,
        "strID"     : "75a5e615-e2da-4191-95fb-9777899e89a6",
        "bForceLoad" : false
      },
      {
        "strName" : "ItmFloorRYOF01",
        "fX"      : 5.0,
        "fY"      : -21.0,
        "fRotation" : 180.0,
        "strID"     : "9adb40d4-4f5d-4762-90b3-811fbf6e50a9",
        "bForceLoad" : false
      },
      {
        "strName" : "ItmFloorRYOF01",
        "fX"      : 4.0,
        "fY"      : -22.0,
        "fRotation" : 180.0,
        "strID"     : "4982e784-f992-4a1d-9b32-d6628b67c176",
        "bForceLoad" : false
      },
      {
        "strName" : "ItmFloorRYOF01",
        "fX"      : 4.0,
        "fY"      : -23.0,
        "fRotation" : 180.0,
        "strID"     : "603e1b3a-b41d-42b8-9eb0-fa52d5a41b4b",
        "bForceLoad" : false
      },
      {
        "strName" : "ItmFloorRYOF04",
        "fX"      : 4.0,
        "fY"      : -24.0,
        "fRotation" : 180.0,
        "strID"     : "17885f94-3738-41e3-a802-f2a7aef605ca",
        "bForceLoad" : false
      },
      {
        "strName" : "ItmFloorRYOF04",
        "fX"      : 4.0,
        "fY"      : -25.0,
        "fRotation" : 180.0,
        "strID"     : "08a579c1-3298-4a03-bc23-f0451baa3590",
        "bForceLoad" : false
      },
      {
        "strName" : "ItmFloorRYOF01",
        "fX"      : 4.0,
        "fY"      : -26.0,
        "fRotation" : 180.0,
        "strID"     : "acce3275-caaa-47cf-9c6d-6de699db04de",
        "bForceLoad" : false
      },
      {
        "strName" : "ItmFloorRYOF01",
        "fX"      : 5.0,
        "fY"      : -26.0,
        "fRotation" : 180.0,
        "strID"     : "7881cc54-429b-4923-9c3b-61b5efd1630e",
        "bForceLoad" : false
      },
      {
        "strName" : "ItmFloorRYOF01",
        "fX"      : 4.0,
        "fY"      : -21.0,
        "fRotation" : 180.0,
        "strID"     : "0d8669ba-8c66-44b0-8e8c-d268d1ea1290",
        "bForceLoad" : false
      },
      {
        "strName" : "ItmFloorRYOF04",
        "fX"      : 4.0,
        "fY"      : -20.0,
        "fRotation" : 270.0,
        "strID"     : "b12cc76c-1e0d-4d40-a606-a6269a9ab47d",
        "bForceLoad" : false
      },
      {
        "strName" : "ItmFloorRYOF01",
        "fX"      : 6.0,
        "fY"      : -21.0,
        "fRotation" : 180.0,
        "strID"     : "df559bc3-af1a-4dda-8d6a-f9e520efd6d0",
        "bForceLoad" : false
      },
      {
        "strName" : "ItmFloorRYOF04",
        "fX"      : 5.0,
        "fY"      : -20.0,
        "fRotation" : 270.0,
        "strID"     : "77467001-bbee-42f3-9d0d-919422800225",
        "bForceLoad" : false
      },
      {
        "strName" : "ItmFloorRYOF04",
        "fX"      : 6.0,
        "fY"      : -20.0,
        "fRotation" : 270.0,
        "strID"     : "72686c03-fc5d-4c19-8630-4309111d4ac1",
        "bForceLoad" : false
      },
      {
        "strName" : "ItmFloorRYOF01",
        "fX"      : 2.0,
        "fY"      : -22.0,
        "fRotation" : 180.0,
        "strID"     : "f68f46dd-fbfe-4aef-ac89-b2ada2bfbafc",
        "bForceLoad" : false
      },
      {
        "strName" : "ItmFloorRYOF01",
        "fX"      : 3.0,
        "fY"      : -22.0,
        "fRotation" : 180.0,
        "strID"     : "d0f63b67-68f1-4ae4-864a-bc031145fa5a",
        "bForceLoad" : false
      },
      {
        "strName" : "ItmFloorRYOF04",
        "fX"      : 3.0,
        "fY"      : -23.0,
        "fRotation" : 270.0,
        "strID"     : "e2902acb-fa98-4e48-8684-9bb7e0ba4bc3",
        "bForceLoad" : false
      },
      {
        "strName" : "ItmFloorRYOF05",
        "fX"      : 3.0,
        "fY"      : -24.0,
        "fRotation" : 180.0,
        "strID"     : "398db668-afae-4b7c-a79c-0595c1c0a638",
        "bForceLoad" : false
      },
      {
        "strName" : "ItmFloorRYOF05",
        "fX"      : 8.0,
        "fY"      : -25.0,
        "fRotation" : 180.0,
        "strID"     : "1d80bd49-6cf9-40b8-a03b-2d7683baed6c",
        "bForceLoad" : false
      },
      {
        "strName" : "ItmFloorRYOF04",
        "fX"      : 8.0,
        "fY"      : -26.0,
        "fRotation" : 90.0,
        "strID"     : "6527c7c2-f975-4d9f-89ed-6f1e7fffc2c5",
        "bForceLoad" : false
      },
      {
        "strName" : "ItmFloorRYOF01",
        "fX"      : 8.0,
        "fY"      : -27.0,
        "fRotation" : 180.0,
        "strID"     : "f59fddb7-966f-4221-8955-8a850d1c42f4",
        "bForceLoad" : false
      },
      {
        "strName" : "ItmConduit01",
        "fX"      : 8.0,
        "fY"      : -21.0,
        "fRotation" : 0.0,
        "strID"     : "35519b33-8458-4365-9e7e-b2bdf3466bfd",
        "bForceLoad" : false
      },
      {
        "strName" : "ItmFloorRYOF01",
        "fX"      : 9.0,
        "fY"      : -21.0,
        "fRotation" : 180.0,
        "strID"     : "739e665a-3fad-4b8b-b79c-548b2c9dd939",
        "bForceLoad" : false
      },
      {
        "strName" : "ItmFloorRYOF04",
        "fX"      : 9.0,
        "fY"      : -22.0,
        "fRotation" : 180.0,
        "strID"     : "45f7bf95-448d-4517-82f3-d28712d10566",
        "bForceLoad" : false
      },
      {
        "strName" : "ItmFloorRYOF04",
        "fX"      : 9.0,
        "fY"      : -23.0,
        "fRotation" : 270.0,
        "strID"     : "1a8345fd-5228-4995-8a3a-a9085419b320",
        "bForceLoad" : false
      },
      {
        "strName" : "ItmFloorRYOF05",
        "fX"      : 9.0,
        "fY"      : -24.0,
        "fRotation" : 180.0,
        "strID"     : "ffeb1498-22f8-4b01-8fb7-e0ff2b6206a6",
        "bForceLoad" : false
      },
      {
        "strName" : "ItmFloorRYOF05",
        "fX"      : 9.0,
        "fY"      : -25.0,
        "fRotation" : 180.0,
        "strID"     : "5b358db7-223c-43a4-a042-a66358ef45c6",
        "bForceLoad" : false
      },
      {
        "strName" : "ItmFloorRYOF04",
        "fX"      : 9.0,
        "fY"      : -26.0,
        "fRotation" : 180.0,
        "strID"     : "48bca3a5-5c00-42bd-991c-825103ada3ec",
        "bForceLoad" : false
      },
      {
        "strName" : "ItmFloorRYOF01",
        "fX"      : 9.0,
        "fY"      : -27.0,
        "fRotation" : 180.0,
        "strID"     : "08e58dc3-fb8b-41c0-a05b-d455e3bae49e",
        "bForceLoad" : false
      },
      {
        "strName" : "ItmFloorRYOF01",
        "fX"      : 9.0,
        "fY"      : -28.0,
        "fRotation" : 180.0,
        "strID"     : "92ff0fd9-f4aa-4dd0-b392-d03d158eb7cf",
        "bForceLoad" : false
      },
      {
        "strName" : "ItmFloorRYOF01",
        "fX"      : 2.0,
        "fY"      : -28.0,
        "fRotation" : 180.0,
        "strID"     : "42843f56-b0df-48da-a40e-c0c026978bce",
        "bForceLoad" : false
      },
      {
        "strName" : "ItmFloorRYOF01",
        "fX"      : 3.0,
        "fY"      : -28.0,
        "fRotation" : 180.0,
        "strID"     : "78c9c8e3-f0ae-4c73-9dc8-87ff7b5c8a24",
        "bForceLoad" : false
      },
      {
        "strName" : "ItmFloorRYOF01",
        "fX"      : 4.0,
        "fY"      : -28.0,
        "fRotation" : 180.0,
        "strID"     : "aee6277c-2441-42b5-a9e5-d20d5da5a7fc",
        "bForceLoad" : false
      },
      {
        "strName" : "ItmFloorRYOF01",
        "fX"      : 5.0,
        "fY"      : -28.0,
        "fRotation" : 180.0,
        "strID"     : "22076a11-1550-4b61-909a-7d6a23b8e018",
        "bForceLoad" : false
      },
      {
        "strName" : "ItmFloorRYOF01",
        "fX"      : 6.0,
        "fY"      : -28.0,
        "fRotation" : 180.0,
        "strID"     : "d9d48dce-8de9-4060-b290-cf5a878b741e",
        "bForceLoad" : false
      },
      {
        "strName" : "ItmFloorRYOF01",
        "fX"      : 7.0,
        "fY"      : -28.0,
        "fRotation" : 180.0,
        "strID"     : "aa129b68-a0a6-4f19-a030-d817dbb462a4",
        "bForceLoad" : false
      },
      {
        "strName" : "ItmFloorRYOF01",
        "fX"      : 8.0,
        "fY"      : -28.0,
        "fRotation" : 180.0,
        "strID"     : "1ac14115-6543-4a0f-9c2d-c943307879b3",
        "bForceLoad" : false
      },
      {
        "strName" : "ItmFloorRYOF01",
        "fX"      : 2.0,
        "fY"      : -29.0,
        "fRotation" : 180.0,
        "strID"     : "702c2368-0a77-43f6-b1ef-7e8e629130ba",
        "bForceLoad" : false
      },
      {
        "strName" : "ItmFloorRYOF01",
        "fX"      : 3.0,
        "fY"      : -29.0,
        "fRotation" : 180.0,
        "strID"     : "25dd4662-4e94-453a-9b7d-1cdfa44d9535",
        "bForceLoad" : false
      },
      {
        "strName" : "ItmFloorRYOF01",
        "fX"      : 4.0,
        "fY"      : -29.0,
        "fRotation" : 180.0,
        "strID"     : "e223ba76-ce2a-442c-b5bb-1986c4322637",
        "bForceLoad" : false
      },
      {
        "strName" : "ItmFloorRYOF01",
        "fX"      : 4.0,
        "fY"      : -30.0,
        "fRotation" : 180.0,
        "strID"     : "31b644c2-4c42-4f3e-81f0-7d6fa41f29fa",
        "bForceLoad" : false
      },
      {
        "strName" : "ItmFloorRYOF01",
        "fX"      : 3.0,
        "fY"      : -30.0,
        "fRotation" : 180.0,
        "strID"     : "e844d31a-c3f9-497b-b17f-58acc5e27b06",
        "bForceLoad" : false
      },
      {
        "strName" : "ItmFloorRYOF01",
        "fX"      : 2.0,
        "fY"      : -30.0,
        "fRotation" : 180.0,
        "strID"     : "e533da34-2287-45af-b4ce-86a6a037cdc2",
        "bForceLoad" : false
      },
      {
        "strName" : "ItmFloorRYOF01",
        "fX"      : 1.0,
        "fY"      : -29.0,
        "fRotation" : 180.0,
        "strID"     : "3526f413-d975-443e-b821-443514848e54",
        "bForceLoad" : false
      },
      {
        "strName" : "ItmFloorRYOF01",
        "fX"      : 1.0,
        "fY"      : -30.0,
        "fRotation" : 180.0,
        "strID"     : "ddaf8538-4ebc-4a3a-b17c-73eb5e2be392",
        "bForceLoad" : false
      },
      {
        "strName" : "ItmFloorRYOF01",
        "fX"      : 1.0,
        "fY"      : -31.0,
        "fRotation" : 180.0,
        "strID"     : "c611f6b1-5b49-495c-8d0f-f31a5653075a",
        "bForceLoad" : false
      },
      {
        "strName" : "ItmFloorRYOF01",
        "fX"      : 2.0,
        "fY"      : -31.0,
        "fRotation" : 180.0,
        "strID"     : "7ae38bdd-f3f4-4b09-b3a0-26bd55b05daf",
        "bForceLoad" : false
      },
      {
        "strName" : "ItmFloorRYOF01",
        "fX"      : 3.0,
        "fY"      : -31.0,
        "fRotation" : 180.0,
        "strID"     : "67617371-81f8-41c4-8daa-73f56b40b497",
        "bForceLoad" : false
      },
      {
        "strName" : "ItmFloorRYOF01",
        "fX"      : 4.0,
        "fY"      : -31.0,
        "fRotation" : 180.0,
        "strID"     : "e091e0cb-23b8-41d9-bc75-73ae532f1c30",
        "bForceLoad" : false
      },
      {
        "strName" : "ItmFloorRYOF01",
        "fX"      : 5.0,
        "fY"      : -31.0,
        "fRotation" : 180.0,
        "strID"     : "b035f7bb-ef1d-4470-90a5-dc85bdbb7117",
        "bForceLoad" : false
      },
      {
        "strName" : "ItmFloorRYOF01",
        "fX"      : 5.0,
        "fY"      : -30.0,
        "fRotation" : 180.0,
        "strID"     : "bdea5c0f-59f8-4d3c-909b-3d1cab5683f0",
        "bForceLoad" : false
      },
      {
        "strName" : "ItmFloorRYOF01",
        "fX"      : 5.0,
        "fY"      : -29.0,
        "fRotation" : 180.0,
        "strID"     : "e384e7e7-aed0-4102-8c4b-2127564ca289",
        "bForceLoad" : false
      },
      {
        "strName" : "ItmFloorRYOF01",
        "fX"      : 6.0,
        "fY"      : -29.0,
        "fRotation" : 180.0,
        "strID"     : "1f8a4774-fa32-4f1a-8f38-c1cde3106649",
        "bForceLoad" : false
      },
      {
        "strName" : "ItmFloorRYOF01",
        "fX"      : 7.0,
        "fY"      : -29.0,
        "fRotation" : 180.0,
        "strID"     : "fbe97706-476c-43b1-aecf-13ab99521b5d",
        "bForceLoad" : false
      },
      {
        "strName" : "ItmFloorRYOF01",
        "fX"      : 8.0,
        "fY"      : -29.0,
        "fRotation" : 180.0,
        "strID"     : "336e2cc0-554b-4311-94d3-cb9d36c54db4",
        "bForceLoad" : false
      },
      {
        "strName" : "ItmFloorRYOF01",
        "fX"      : 9.0,
        "fY"      : -29.0,
        "fRotation" : 180.0,
        "strID"     : "ad202d06-de2c-4372-a59e-bda95a8eb6f6",
        "bForceLoad" : false
      },
      {
        "strName" : "ItmConduit01",
        "fX"      : 7.0,
        "fY"      : -26.0,
        "fRotation" : 0.0,
        "strID"     : "22bed8b7-1c1c-45ea-bd73-68840d3ed3b6",
        "bForceLoad" : false
      },
      {
        "strName" : "ItmConduit01",
        "fX"      : 8.0,
        "fY"      : -20.0,
        "fRotation" : 0.0,
        "strID"     : "9995eedf-f565-4de6-97cd-9938e73077da",
        "bForceLoad" : false
      },
      {
        "strName" : "ItmWallRYOB01",
        "fX"      : 2.0,
        "fY"      : -21.0,
        "fRotation" : 0.0,
        "strID"     : "567d2d02-4287-4167-b346-3eff0aadfc57",
        "bForceLoad" : false
      },
      {
        "strName" : "ItmConduit01",
        "fX"      : 3.0,
        "fY"      : -21.0,
        "fRotation" : 0.0,
        "strID"     : "f353154c-4f1f-4701-9aee-7410b2cd4744",
        "bForceLoad" : false
      },
      {
        "strName" : "ItmWallRYOB01",
        "fX"      : 1.0,
        "fY"      : -21.0,
        "fRotation" : 0.0,
        "strID"     : "66418205-7b18-4460-94bd-77b3fb5172b8",
        "bForceLoad" : false
      },
      {
        "strName" : "ItmRCSCluster01Off",
        "fX"      : 0.0,
        "fY"      : -26.0,
        "fRotation" : 90.0,
        "strID"     : "5017389e-054a-457c-879e-76a9573770e9",
        "bForceLoad" : false
      },
      {
        "strName" : "ItmConduit01",
        "fX"      : 0.0,
        "fY"      : -23.0,
        "fRotation" : 0.0,
        "strID"     : "b8e9b7d9-0507-4cea-b02d-39d227cef35b",
        "bForceLoad" : false
      },
      {
        "strName" : "ItmConduit01",
        "fX"      : 0.0,
        "fY"      : -24.0,
        "fRotation" : 0.0,
        "strID"     : "b1472dc7-77a6-40a5-a5ef-2c9595f801c8",
        "bForceLoad" : false
      },
      {
        "strName" : "ItmConduit01",
        "fX"      : 0.0,
        "fY"      : -26.0,
        "fRotation" : 0.0,
        "strID"     : "8eeef9ca-bbe4-4879-9f28-691f831b40e4",
        "bForceLoad" : false
      },
      {
        "strName" : "ItmConduit01",
        "fX"      : 1.0,
        "fY"      : -26.0,
        "fRotation" : 0.0,
        "strID"     : "818d1492-9029-4167-bb50-556ec05a5b11",
        "bForceLoad" : false
      },
      {
        "strName" : "ItmWallRYOB01",
        "fX"      : 1.0,
        "fY"      : -27.0,
        "fRotation" : 0.0,
        "strID"     : "cbb45e76-c961-4171-8681-1b7539ca99a6",
        "bForceLoad" : false
      },
      {
        "strName" : "ItmWallRYOB01",
        "fX"      : 1.0,
        "fY"      : -28.0,
        "fRotation" : 0.0,
        "strID"     : "e4a7f57e-4a6d-4c3c-9fcb-7468b856ded4",
        "bForceLoad" : false
      },
      {
        "strName" : "ItmWallRYOB01",
        "fX"      : 1.0,
        "fY"      : -29.0,
        "fRotation" : 0.0,
        "strID"     : "5ac0102b-de8d-421c-bce6-abfa4dbbc0f6",
        "bForceLoad" : false
      },
      {
        "strName" : "ItmWallRYOB01",
        "fX"      : 1.0,
        "fY"      : -30.0,
        "fRotation" : 0.0,
        "strID"     : "c413ea45-4527-451f-a9cd-1218feaaf336",
        "bForceLoad" : false
      },
      {
        "strName" : "ItmFloorRYOF01",
        "fX"      : 2.0,
        "fY"      : -32.0,
        "fRotation" : 180.0,
        "strID"     : "3682d72c-fd1a-4cea-b13d-6a3b7dfe3fe9",
        "bForceLoad" : false
      },
      {
        "strName" : "ItmFloorRYOF01",
        "fX"      : 3.0,
        "fY"      : -32.0,
        "fRotation" : 180.0,
        "strID"     : "a62b9a1e-80c7-451e-b9c5-67eb9dab3e5b",
        "bForceLoad" : false
      },
      {
        "strName" : "ItmFloorRYOF01",
        "fX"      : 4.0,
        "fY"      : -32.0,
        "fRotation" : 180.0,
        "strID"     : "496cb17d-95be-466f-8546-beda632e489c",
        "bForceLoad" : false
      },
      {
        "strName" : "ItmFloorRYOF01",
        "fX"      : 5.0,
        "fY"      : -32.0,
        "fRotation" : 180.0,
        "strID"     : "5a93f8c2-1c92-4ec0-b5b9-1f659a61230e",
        "bForceLoad" : false
      },
      {
        "strName" : "ItmCanister01",
        "fX"      : 8.0,
        "fY"      : -24.0,
        "fRotation" : 90.0,
        "strID"     : "a1d545ee-64b1-4594-bc3a-5c111eb59918",
        "bForceLoad" : false
      },
      {
        "strName" : "ItmCanister01",
        "fX"      : 8.0,
        "fY"      : -25.0,
        "fRotation" : 270.0,
        "strID"     : "180ed9bc-0765-4a7b-b9b2-e0bed1234c31",
        "bForceLoad" : false
      },
      {
        "strName" : "ItmWallRYOB01",
        "fX"      : 9.0,
        "fY"      : -32.0,
        "fRotation" : 0.0,
        "strID"     : "9559c2ee-8931-4b32-be08-714af84e475a",
        "bForceLoad" : false
      },
      {
        "strName" : "ItmWallRYOB01",
        "fX"      : 9.0,
        "fY"      : -30.0,
        "fRotation" : 0.0,
        "strID"     : "d3e8ea54-f23a-4f5d-b6f8-482fb77406e1",
        "bForceLoad" : false
      },
      {
        "strName" : "ItmWallRYOB01",
        "fX"      : 9.0,
        "fY"      : -29.0,
        "fRotation" : 0.0,
        "strID"     : "66b51b20-2f6f-495f-9088-a99243b5585e",
        "bForceLoad" : false
      },
      {
        "strName" : "ItmWallRYOB01",
        "fX"      : 9.0,
        "fY"      : -28.0,
        "fRotation" : 0.0,
        "strID"     : "ac73bbdf-8aff-4060-9f27-1c5240020080",
        "bForceLoad" : false
      },
      {
        "strName" : "ItmWallRYOB01",
        "fX"      : 9.0,
        "fY"      : -27.0,
        "fRotation" : 0.0,
        "strID"     : "bdb6664c-db1b-41df-8c04-beb4b53d75de",
        "bForceLoad" : false
      },
      {
        "strName" : "ItmPartsMechSmall01",
        "fX"      : 9.0,
        "fY"      : -23.0,
        "fRotation" : 0.0,
        "strID"     : "91013e00-71a7-40c1-b937-09ebef964871",
        "strParentID" : "a5d92336-ed7b-4191-95ba-c4aa7a24f22b",
        "bForceLoad"  : false
      },
      {
        "strName" : "ItmPartsMechSmall01",
        "fX"      : 9.0,
        "fY"      : -23.0,
        "fRotation" : 0.0,
        "strID"     : "f024349c-8709-46da-959c-301ecc69535b",
        "strParentID" : "a5d92336-ed7b-4191-95ba-c4aa7a24f22b",
        "bForceLoad"  : false
      },
      {
        "strName" : "ItmPartsMechSmall01",
        "fX"      : 9.0,
        "fY"      : -23.0,
        "fRotation" : 0.0,
        "strID"     : "9c30eb27-7267-4c43-8f08-8d529a352b90",
        "strParentID" : "a5d92336-ed7b-4191-95ba-c4aa7a24f22b",
        "bForceLoad"  : false
      },
      {
        "strName" : "ItmPartsMechSmall01",
        "fX"      : 9.0,
        "fY"      : -23.0,
        "fRotation" : 180.0,
        "strID"     : "a5d92336-ed7b-4191-95ba-c4aa7a24f22b",
        "bForceLoad" : false
      },
      {
        "strName" : "ItmCanister01",
        "fX"      : 3.0,
        "fY"      : -24.0,
        "fRotation" : 0.0,
        "strID"     : "48debb11-e1fc-4a5d-a05d-2ed3f3b21337",
        "bForceLoad" : false
      },
      {
        "strName" : "ItmCanister01",
        "fX"      : 1.0,
        "fY"      : -25.0,
        "fRotation" : 180.0,
        "strID"     : "deb986e9-598e-4ae3-93c3-3c47d11adcfb",
        "bForceLoad" : false
      },
      {
        "strName" : "ItmCanister01",
        "fX"      : 1.0,
        "fY"      : -24.0,
        "fRotation" : 270.0,
        "strID"     : "efbd8af2-af16-49ec-82d5-71f177daeca0",
        "bForceLoad" : false
      },
      {
        "strName" : "ItmCanister01",
        "fX"      : 3.0,
        "fY"      : -25.0,
        "fRotation" : 90.0,
        "strID"     : "526b78f6-0677-4410-a927-4d9e9fd2b876",
        "bForceLoad" : false
      },
      {
        "strName" : "ItmWallRYOB01",
        "fX"      : 9.0,
        "fY"      : -21.0,
        "fRotation" : 0.0,
        "strID"     : "f82d4366-92a5-421e-bba0-400b5df50bc9",
        "bForceLoad" : false
      },
      {
        "strName" : "ItmConduit01",
        "fX"      : 2.0,
        "fY"      : -20.0,
        "fRotation" : 0.0,
        "strID"     : "07f69e96-4fda-4031-9969-04777c963120",
        "bForceLoad" : false
      },
      {
        "strName" : "ItmWallRYOB01",
        "fX"      : 0.0,
        "fY"      : -21.0,
        "fRotation" : 0.0,
        "strID"     : "a4b82ce3-0b26-479e-a14b-c3e37b0c50d7",
        "bForceLoad" : false
      },
      {
        "strName" : "ItmConduit01",
        "fX"      : 3.0,
        "fY"      : -18.0,
        "fRotation" : 0.0,
        "strID"     : "9fb9b2be-32ef-4913-b06a-b9e40dc84ee6",
        "bForceLoad" : false
      },
      {
        "strName" : "ItmRTAN2",
        "fX"      : 7.0,
        "fY"      : -20.0,
        "fRotation" : 270.0,
        "strID"     : "2b07c0f6-8fae-4ba9-bdfd-8b83aa57fff8",
        "bForceLoad" : false
      },
      {
        "strName" : "ItmConduit01",
        "fX"      : 6.0,
        "fY"      : -27.0,
        "fRotation" : 0.0,
        "strID"     : "fc0388da-500e-4b87-9b14-8e14cf45e8ef",
        "bForceLoad" : false
      },
      {
        "strName" : "ItmDoor01Open",
        "fX"      : 5.0,
        "fY"      : -21.0,
        "fRotation" : 180.0,
        "strID"     : "46ad555f-1092-4c09-987a-823205148d14",
        "bForceLoad" : false,
        "aGPMSettings" : [
          {
            "strName" : "Panel A",
            "dictGUIPropMap" : [
              "strGUIPrefab",
              "GUILocks",
              "strFriendlyName",
              "Door Lock",
              "strGUIPrefabRight",
              null,
              "strGUIPrefabLeft",
              null,
              "strGUIPrefabUp",
              null,
              "strGUIPrefabDown",
              null,
              "strBrand",
              "Bieler",
              "strBrandSub",
              "Commercial Door Systems",
              "strMSLock",
              "ItmDoorInt01OpenLocked",
              "strMSUnlock",
              "ItmDoorInt01Open",
              "strPIN",
              "2683"
            ]
          }
        ]
      },
      {
        "strName" : "ItmFloorRYOF01",
        "fX"      : 1.0,
        "fY"      : -32.0,
        "fRotation" : 180.0,
        "strID"     : "496c963a-b591-445d-a1b0-e6cee48e7d73",
        "bForceLoad" : false
      },
      {
        "strName" : "ItmWallRYOB01",
        "fX"      : 9.0,
        "fY"      : -31.0,
        "fRotation" : 0.0,
        "strID"     : "25ffb46e-e3cc-416a-aa01-f87f4122703d",
        "bForceLoad" : false
      },
      {
        "strName" : "ItmWallRYOB01",
        "fX"      : 7.0,
        "fY"      : -32.0,
        "fRotation" : 0.0,
        "strID"     : "21bd5be1-abe9-4f63-a4bc-a5d058edeeec",
        "bForceLoad" : false
      },
      {
        "strName" : "ItmConduit01",
        "fX"      : 6.0,
        "fY"      : -26.0,
        "fRotation" : 0.0,
        "strID"     : "b76707c0-0ebf-4de3-8233-03b52a05e81e",
        "bForceLoad" : false
      },
      {
        "strName" : "ItmWallRYOB01",
        "fX"      : 8.0,
        "fY"      : -20.0,
        "fRotation" : 0.0,
        "strID"     : "cc7a2930-d8f4-46a2-8948-8d0a5da00932",
        "bForceLoad" : false
      },
      {
        "strName" : "ItmConduit01",
        "fX"      : 8.0,
        "fY"      : -26.0,
        "fRotation" : 0.0,
        "strID"     : "2791648e-c664-4e65-9a2e-eba35557536d",
        "bForceLoad" : false
      },
      {
        "strName" : "ItmDocumentOgiso01",
        "fX"      : 2.0,
        "fY"      : -29.0,
        "fRotation" : 90.0,
        "strID"     : "d3dbcb4e-7904-4491-b579-8e736227007a",
        "bForceLoad" : false,
        "aGPMSettings" : [
          {
            "strName" : "Panel OneSheet",
            "dictGUIPropMap" : [
              "strGUIPrefab",
              "GUIOneSheet",
              "strFriendlyName",
              "Ogiso's Register Work Safety",
              "strGUIPrefabRight",
              null,
              "strGUIPrefabLeft",
              null,
              "strGUIPrefabUp",
              null,
              "strGUIPrefabDown",
              null,
              "strPNG",
              "manuals/Ogiso's Register Work Safety Poster/000.png"
            ]
          },
          {
            "strName" : "Panel A",
            "dictGUIPropMap" : [
              "strGUIPrefab",
              "GUIOneSheet",
              "strFriendlyName",
              "Ogiso's Register Work Safety",
              "strGUIPrefabRight",
              null,
              "strGUIPrefabLeft",
              null,
              "strGUIPrefabUp",
              null,
              "strGUIPrefabDown",
              null,
              "strPNG",
              "manuals/Ogiso's Register Work Safety Poster/000.png"
            ]
          }
        ]
      },
      {
        "strName" : "ItmLitWall1x0Off",
        "fX"      : 2.0,
        "fY"      : -18.0,
        "fRotation" : 270.0,
        "strID"     : "765c35b6-0c6a-480e-be1d-e6aadf647d1c",
        "bForceLoad" : false
      },
      {
        "strName" : "ItmWallRYOB01",
        "fX"      : 0.0,
        "fY"      : -22.0,
        "fRotation" : 0.0,
        "strID"     : "e15c30f7-3216-41e1-93cb-23cc9999c2ce",
        "bForceLoad" : false
      },
      {
        "strName" : "ItmFloorRYOF01",
        "fX"      : 7.0,
        "fY"      : -32.0,
        "fRotation" : 180.0,
        "strID"     : "7b070b65-c381-494c-aabb-5b7242f59d35",
        "bForceLoad" : false
      },
      {
        "strName" : "ItmWallRYOB01",
        "fX"      : 10.0,
        "fY"      : -26.0,
        "fRotation" : 0.0,
        "strID"     : "79b81dae-3000-4150-835b-9ef71ddc6282",
        "bForceLoad" : false
      },
      {
        "strName" : "ItmWallRYOB01",
        "fX"      : 10.0,
        "fY"      : -25.0,
        "fRotation" : 0.0,
        "strID"     : "a12e9b5d-e93c-4ab7-8f98-fb72f53a1080",
        "bForceLoad" : false
      },
      {
        "strName" : "ItmWallRYOB01",
        "fX"      : 10.0,
        "fY"      : -24.0,
        "fRotation" : 0.0,
        "strID"     : "50cc8b19-03d6-496d-b2fb-3e69e9507979",
        "bForceLoad" : false
      },
      {
        "strName" : "ItmConduit01",
        "fX"      : 10.0,
        "fY"      : -24.0,
        "fRotation" : 0.0,
        "strID"     : "873f99cf-2427-4a7c-a80c-b6bb23931846",
        "bForceLoad" : false
      },
      {
        "strName" : "ItmConduit01",
        "fX"      : 8.0,
        "fY"      : -19.0,
        "fRotation" : 0.0,
        "strID"     : "2f6b5030-da05-4855-a6c9-f11a38a0afff",
        "bForceLoad" : false
      },
      {
        "strName" : "ItmConduit01",
        "fX"      : 2.0,
        "fY"      : -19.0,
        "fRotation" : 0.0,
        "strID"     : "264b32d2-0f8a-41c7-a6f0-6b0af2431e84",
        "bForceLoad" : false
      },
      {
        "strName" : "ItmRCSCluster01Off",
        "fX"      : 10.0,
        "fY"      : -22.0,
        "fRotation" : 270.0,
        "strID"     : "0d4e1b70-a2ca-449b-a24e-864b5922a460",
        "bForceLoad" : false
      },
      {
        "strName" : "ItmWallRYOB01",
        "fX"      : 8.0,
        "fY"      : -32.0,
        "fRotation" : 0.0,
        "strID"     : "7c5aa6dc-5b58-4ae6-b034-145c551fe0c4",
        "bForceLoad" : false
      },
      {
        "strName" : "ItmCanister01",
        "fX"      : 3.0,
        "fY"      : -22.0,
        "fRotation" : 180.0,
        "strID"     : "2f6e77e6-d6de-425d-ada1-59a6a2f22210",
        "bForceLoad" : false
      },
      {
        "strName" : "ItmAirPump03Off",
        "fX"      : 7.0,
        "fY"      : -21.0,
        "fRotation" : 0.0,
        "strID"     : "d85a80a2-b77f-4a08-a3c1-1aee4a073cbf",
        "bForceLoad" : false,
        "aGPMSettings" : [
          {
            "strName" : "Panel A",
            "dictGUIPropMap" : [
              "strGUIPrefab",
              "GUIAirPump",
              "strFriendlyName",
              "Air Pump",
              "strGUIPrefabRight",
              null,
              "strGUIPrefabLeft",
              null,
              "strGUIPrefabUp",
              null,
              "strGUIPrefabDown",
              null,
              "strTitle",
              "Unscrew for Pressure Sensor Input Signal",
              "strValidCOTrigger01",
              "TIsAlarm2",
              "strCondMonitor01",
              "IsReadyPumpAir",
              "strInput01",
              "102894e4-faf6-407d-a508-c821fc4c46b1",
              "nKnobBus",
              "1",
              "bTurbo",
              "false",
              "bReverse",
              "false"
            ]
          }
        ]
      },
      {
        "strName" : "ItmWallRYOB01",
        "fX"      : 5.0,
        "fY"      : -32.0,
        "fRotation" : 0.0,
        "strID"     : "c545b83f-41c0-4bdb-8784-bd127e9cb0c8",
        "bForceLoad" : false
      },
      {
        "strName" : "ItmRCSDistro02Off",
        "fX"      : 7.5,
        "fY"      : -27.5,
        "fRotation" : 90.0,
        "strID"     : "52796491-21fd-4737-94a6-13895f3be0cf",
        "bForceLoad" : false
      },
      {
        "strName" : "ItmFloorRYOF01",
        "fX"      : 1.0,
        "fY"      : -33.0,
        "fRotation" : 180.0,
        "strID"     : "de7b1f54-d2ea-4c8c-b24a-b1d1013f58d0",
        "bForceLoad" : false
      },
      {
        "strName" : "ItmWallRYOB01",
        "fX"      : 1.0,
        "fY"      : -32.0,
        "fRotation" : 0.0,
        "strID"     : "81d55956-fb97-44e6-ba8e-70c877289172",
        "bForceLoad" : false
      },
      {
        "strName" : "ItmWallRYOB01",
        "fX"      : 1.0,
        "fY"      : -31.0,
        "fRotation" : 0.0,
        "strID"     : "1f3d04e7-1279-46b0-aa09-e05fbc3ff518",
        "bForceLoad" : false
      },
      {
        "strName" : "ItmFloorRYOF01",
        "fX"      : 6.0,
        "fY"      : -30.0,
        "fRotation" : 180.0,
        "strID"     : "973d6a8b-4d13-4abd-99e0-49a44ce695b0",
        "bForceLoad" : false
      },
      {
        "strName" : "ItmFloorRYOF01",
        "fX"      : 7.0,
        "fY"      : -30.0,
        "fRotation" : 180.0,
        "strID"     : "4d62a81c-3fbd-44b0-8ddf-cbd82d0715a5",
        "bForceLoad" : false
      },
      {
        "strName" : "ItmFloorRYOF01",
        "fX"      : 8.0,
        "fY"      : -30.0,
        "fRotation" : 180.0,
        "strID"     : "f41a35e6-3404-4ac7-b510-ad0caf13eaf1",
        "bForceLoad" : false
      },
      {
        "strName" : "ItmFloorRYOF01",
        "fX"      : 9.0,
        "fY"      : -30.0,
        "fRotation" : 180.0,
        "strID"     : "fca9ff0d-59e4-468e-8a72-82596f4008a3",
        "bForceLoad" : false
      },
      {
        "strName" : "ItmCanister01",
        "fX"      : 9.0,
        "fY"      : -25.0,
        "fRotation" : 90.0,
        "strID"     : "34232dd4-cf29-4433-8a83-ec75d231c31b",
        "bForceLoad" : false
      },
      {
        "strName" : "ItmCanister01",
        "fX"      : 2.0,
        "fY"      : -24.0,
        "fRotation" : 180.0,
        "strID"     : "f3f9218a-3138-452e-91e0-394763c944a4",
        "bForceLoad" : false
      },
      {
        "strName" : "ItmFloorRYOF01",
        "fX"      : 8.0,
        "fY"      : -31.0,
        "fRotation" : 180.0,
        "strID"     : "c60449cd-68d8-48e0-a631-6444f3cde5c6",
        "bForceLoad" : false
      },
      {
        "strName" : "ItmFloorRYOF01",
        "fX"      : 9.0,
        "fY"      : -31.0,
        "fRotation" : 180.0,
        "strID"     : "da8cda88-b682-4285-9591-b7fa46bc4c71",
        "bForceLoad" : false
      },
      {
        "strName" : "ItmWallRYOB01",
        "fX"      : 5.0,
        "fY"      : -33.0,
        "fRotation" : 0.0,
        "strID"     : "b29e34e4-18e5-42cf-bf0a-b70902c6158e",
        "bForceLoad" : false
      },
      {
        "strName" : "ItmWallRYOB01",
        "fX"      : 4.0,
        "fY"      : -33.0,
        "fRotation" : 0.0,
        "strID"     : "7e3de725-a83e-444c-bf36-8d355c52c6c4",
        "bForceLoad" : false
      },
      {
        "strName" : "ItmWallRYOB01",
        "fX"      : 3.0,
        "fY"      : -33.0,
        "fRotation" : 0.0,
        "strID"     : "e89a61ef-981e-4e1a-ac8c-cc41c031ef78",
        "bForceLoad" : false
      },
      {
        "strName" : "ItmWallRYOB01",
        "fX"      : 2.0,
        "fY"      : -33.0,
        "fRotation" : 0.0,
        "strID"     : "af2ee404-3d46-40fd-b9f8-c245c34c03dd",
        "bForceLoad" : false
      },
      {
        "strName" : "ItmWallRYOB01",
        "fX"      : 1.0,
        "fY"      : -33.0,
        "fRotation" : 0.0,
        "strID"     : "3f552e01-04df-4c9d-a509-1047d283cdfe",
        "bForceLoad" : false
      },
      {
        "strName" : "ItmFloorRYOF01",
        "fX"      : 7.0,
        "fY"      : -31.0,
        "fRotation" : 180.0,
        "strID"     : "40a3c27a-4a59-472f-8cbd-e6c46cdd6db3",
        "bForceLoad" : false
      },
      {
        "strName" : "ItmFloorRYOF01",
        "fX"      : 6.0,
        "fY"      : -31.0,
        "fRotation" : 180.0,
        "strID"     : "a0edd282-27e4-4e2a-8eb7-8adb405dcd0e",
        "bForceLoad" : false
      },
      {
        "strName" : "ItmFloorRYOF01",
        "fX"      : 5.0,
        "fY"      : -33.0,
        "fRotation" : 180.0,
        "strID"     : "d49c1168-bc20-47f8-b5f4-8af5f5911b1c",
        "bForceLoad" : false
      },
      {
        "strName" : "ItmFloorRYOF01",
        "fX"      : 4.0,
        "fY"      : -33.0,
        "fRotation" : 180.0,
        "strID"     : "f1c0b9c1-29fa-4660-b0c1-bee10f2f0d42",
        "bForceLoad" : false
      },
      {
        "strName" : "ItmFloorRYOF01",
        "fX"      : 3.0,
        "fY"      : -33.0,
        "fRotation" : 180.0,
        "strID"     : "91a4bbdc-2bd6-4475-bd90-ae3fdff3324c",
        "bForceLoad" : false
      },
      {
        "strName" : "ItmFloorRYOF01",
        "fX"      : 2.0,
        "fY"      : -33.0,
        "fRotation" : 180.0,
        "strID"     : "6a092922-f9fe-4b74-9b55-12443c2bd1d3",
        "bForceLoad" : false
      },
      {
        "strName" : "ItmRCSDistro02Off",
        "fX"      : 6.5,
        "fY"      : -27.5,
        "fRotation" : 270.0,
        "strID"     : "98cd82dd-5a5e-465d-bfd6-7950bf40b10a",
        "bForceLoad" : false
      },
      {
        "strName" : "ItmWallRYOB01",
        "fX"      : 2.0,
        "fY"      : -19.0,
        "fRotation" : 0.0,
        "strID"     : "3bc5a1c1-1b06-47bf-8c42-0b5c3791bb27",
        "bForceLoad" : false
      },
      {
        "strName" : "ItmConduit01",
        "fX"      : 1.0,
        "fY"      : -27.0,
        "fRotation" : 0.0,
        "strID"     : "e16922a2-c5ca-427e-904d-8afa3706eab3",
        "bForceLoad" : false
      },
      {
        "strName" : "ItmWallRYOB01",
        "fX"      : 6.0,
        "fY"      : -32.0,
        "fRotation" : 0.0,
        "strID"     : "c65fae91-8a04-4267-a507-4960e96dcb98",
        "bForceLoad" : false
      },
      {
        "strName" : "ItmFloorRYOF01",
        "fX"      : 6.0,
        "fY"      : -32.0,
        "fRotation" : 180.0,
        "strID"     : "1b4726de-393b-4ceb-86ca-4c61e1811683",
        "bForceLoad" : false
      },
      {
        "strName" : "ItmFloorRYOF01",
        "fX"      : 8.0,
        "fY"      : -32.0,
        "fRotation" : 180.0,
        "strID"     : "668a58d4-f622-4765-b1a7-2602419447ad",
        "bForceLoad" : false
      },
      {
        "strName" : "ItmFloorRYOF01",
        "fX"      : 9.0,
        "fY"      : -32.0,
        "fRotation" : 180.0,
        "strID"     : "d2f88bc9-31cd-42b3-8f67-8fc58607c4ef",
        "bForceLoad" : false
      },
      {
        "strName" : "ItmConduit01",
        "fX"      : 2.0,
        "fY"      : -26.0,
        "fRotation" : 0.0,
        "strID"     : "e90868cc-1122-4cad-a19a-3ff779c10fae",
        "bForceLoad" : false
      },
      {
        "strName" : "ItmWallRYOB01",
        "fX"      : 3.0,
        "fY"      : -19.0,
        "fRotation" : 0.0,
        "strID"     : "8c1378f9-2e2b-4763-9855-34f637f3f2c8",
        "bForceLoad" : false
      },
      {
        "strName" : "ItmConduit01",
        "fX"      : 2.0,
        "fY"      : -21.0,
        "fRotation" : 0.0,
        "strID"     : "de28f0f1-59a5-4e88-90f1-99a497076811",
        "bForceLoad" : false
      },
      {
        "strName" : "ItmConduit01",
        "fX"      : 1.0,
        "fY"      : -21.0,
        "fRotation" : 0.0,
        "strID"     : "f9688008-da71-4bf4-b168-545235000670",
        "bForceLoad" : false
      },
      {
        "strName" : "ItmRCSCluster01Off",
        "fX"      : 0.0,
        "fY"      : -22.0,
        "fRotation" : 90.0,
        "strID"     : "a003f2e8-d8b0-47c3-b5fd-b70f5ad84f9c",
        "bForceLoad" : false
      },
      {
        "strName" : "ItmConduit01",
        "fX"      : 0.0,
        "fY"      : -21.0,
        "fRotation" : 0.0,
        "strID"     : "8d800bd2-5df6-4b09-b05f-8c3f9214205b",
        "bForceLoad" : false
      },
      {
        "strName" : "ItmConduit01",
        "fX"      : 0.0,
        "fY"      : -22.0,
        "fRotation" : 0.0,
        "strID"     : "cc84e88b-8395-404e-a875-db787f204677",
        "bForceLoad" : false
      },
      {
        "strName" : "ItmConduit01",
        "fX"      : 0.0,
        "fY"      : -25.0,
        "fRotation" : 0.0,
        "strID"     : "af96f32a-ff50-487e-be6c-9ae5f32681f7",
        "bForceLoad" : false
      },
      {
        "strName" : "ItmConduit01",
        "fX"      : 0.0,
        "fY"      : -27.0,
        "fRotation" : 0.0,
        "strID"     : "6ce3feb0-6d1c-46e4-91ec-2084e7ef8324",
        "bForceLoad" : false
      },
      {
        "strName" : "ItmWallRYOB01",
        "fX"      : 0.0,
        "fY"      : -27.0,
        "fRotation" : 0.0,
        "strID"     : "5a99b1d9-32b5-4b17-b8f5-66ebe674a508",
        "bForceLoad" : false
      },
      {
        "strName" : "ItmConduit01",
        "fX"      : 1.0,
        "fY"      : -28.0,
        "fRotation" : 0.0,
        "strID"     : "f60ba447-6c64-4d92-bc12-fadda3fdf78d",
        "bForceLoad" : false
      },
      {
        "strName" : "ItmConduit01",
        "fX"      : 1.0,
        "fY"      : -29.0,
        "fRotation" : 0.0,
        "strID"     : "0b480718-d745-4636-8a63-72372cd8fd20",
        "bForceLoad" : false
      },
      {
        "strName" : "ItmConduit01",
        "fX"      : 1.0,
        "fY"      : -30.0,
        "fRotation" : 0.0,
        "strID"     : "9babab12-25fc-4e62-98f4-6d3aeb0770d2",
        "bForceLoad" : false
      },
      {
        "strName" : "ItmConduit01",
        "fX"      : 1.0,
        "fY"      : -31.0,
        "fRotation" : 0.0,
        "strID"     : "6f7353c7-c19d-4155-b7f6-45c6445b5f72",
        "bForceLoad" : false
      },
      {
        "strName" : "ItmConduit01",
        "fX"      : 1.0,
        "fY"      : -32.0,
        "fRotation" : 0.0,
        "strID"     : "0cdc038a-e39f-4480-a915-4c801b9fa882",
        "bForceLoad" : false
      },
      {
        "strName" : "ItmConduit01",
        "fX"      : 1.0,
        "fY"      : -33.0,
        "fRotation" : 0.0,
        "strID"     : "7a6e798b-dad7-4a21-88bb-1abbe858855e",
        "bForceLoad" : false
      },
      {
        "strName" : "ItmConduit01",
        "fX"      : 4.0,
        "fY"      : -33.0,
        "fRotation" : 0.0,
        "strID"     : "65e202c7-dfa9-4b66-b6fd-49b734e0380a",
        "bForceLoad" : false
      },
      {
        "strName" : "ItmConduit01",
        "fX"      : 3.0,
        "fY"      : -33.0,
        "fRotation" : 0.0,
        "strID"     : "5b12b4de-a9b6-470f-b908-0a069959ccbf",
        "bForceLoad" : false
      },
      {
        "strName" : "ItmConduit01",
        "fX"      : 2.0,
        "fY"      : -33.0,
        "fRotation" : 0.0,
        "strID"     : "6cb6c225-bffa-458a-bb20-d804c73be8b1",
        "bForceLoad" : false
      },
      {
        "strName" : "ItmConduit01",
        "fX"      : 5.0,
        "fY"      : -33.0,
        "fRotation" : 0.0,
        "strID"     : "fdc00fad-a6e1-4be3-8830-84e8fdcd2063",
        "bForceLoad" : false
      },
      {
        "strName" : "ItmConduit01",
        "fX"      : 5.0,
        "fY"      : -32.0,
        "fRotation" : 0.0,
        "strID"     : "cd23ee8d-775a-449d-b1b1-7405cc213baf",
        "bForceLoad" : false
      },
      {
        "strName" : "ItmConduit01",
        "fX"      : 6.0,
        "fY"      : -32.0,
        "fRotation" : 0.0,
        "strID"     : "94a5ce23-2166-49f8-a68d-41b2796e3fa9",
        "bForceLoad" : false
      },
      {
        "strName" : "ItmConduit01",
        "fX"      : 7.0,
        "fY"      : -32.0,
        "fRotation" : 0.0,
        "strID"     : "25874d6b-d022-4614-b403-f64a4051be48",
        "bForceLoad" : false
      },
      {
        "strName" : "ItmConduit01",
        "fX"      : 8.0,
        "fY"      : -32.0,
        "fRotation" : 0.0,
        "strID"     : "22b0c92b-430a-498a-bf10-4bd815c399fc",
        "bForceLoad" : false
      },
      {
        "strName" : "ItmConduit01",
        "fX"      : 9.0,
        "fY"      : -32.0,
        "fRotation" : 0.0,
        "strID"     : "9fd57912-b916-4852-8ec7-cb19f0f061c9",
        "bForceLoad" : false
      },
      {
        "strName" : "ItmConduit01",
        "fX"      : 9.0,
        "fY"      : -31.0,
        "fRotation" : 0.0,
        "strID"     : "e13684fb-3764-4a87-b72f-0f0d9f00f928",
        "bForceLoad" : false
      },
      {
        "strName" : "ItmConduit01",
        "fX"      : 9.0,
        "fY"      : -30.0,
        "fRotation" : 0.0,
        "strID"     : "1637084c-ca9b-4cd3-9825-0ef5ebeb8d9f",
        "bForceLoad" : false
      },
      {
        "strName" : "ItmConduit01",
        "fX"      : 9.0,
        "fY"      : -29.0,
        "fRotation" : 0.0,
        "strID"     : "b7e25079-b270-4ba6-8035-f472d306762e",
        "bForceLoad" : false
      },
      {
        "strName" : "ItmConduit01",
        "fX"      : 9.0,
        "fY"      : -28.0,
        "fRotation" : 0.0,
        "strID"     : "8cbec81a-f645-4cef-ba5b-90f92eb0335c",
        "bForceLoad" : false
      },
      {
        "strName" : "ItmConduit01",
        "fX"      : 9.0,
        "fY"      : -27.0,
        "fRotation" : 0.0,
        "strID"     : "78b5df35-6873-4d6e-bbd2-07aa014e110b",
        "bForceLoad" : false
      },
      {
        "strName" : "ItmConduit01Dmg",
        "fX"      : 10.0,
        "fY"      : -23.0,
        "fRotation" : 0.0,
        "strID"     : "65558ce1-55bc-4c53-ae5e-84d95a6d658e",
        "bForceLoad" : false
      },
      {
        "strName" : "ItmConduit01",
        "fX"      : 10.0,
        "fY"      : -25.0,
        "fRotation" : 0.0,
        "strID"     : "ba07245e-1726-403a-94a7-1737b6ae99ee",
        "bForceLoad" : false
      },
      {
        "strName" : "ItmConduit01",
        "fX"      : 10.0,
        "fY"      : -26.0,
        "fRotation" : 0.0,
        "strID"     : "a2cfd906-803c-41d9-a7c9-e08499c0aa56",
        "bForceLoad" : false
      },
      {
        "strName" : "ItmConduit01",
        "fX"      : 10.0,
        "fY"      : -27.0,
        "fRotation" : 0.0,
        "strID"     : "54009fac-47ce-4bd7-a3f9-cb4dadbfa76c",
        "bForceLoad" : false
      },
      {
        "strName" : "ItmRCSCluster01Off",
        "fX"      : 10.0,
        "fY"      : -26.0,
        "fRotation" : 270.0,
        "strID"     : "98544ce8-4580-4bc9-9326-ef70d2d362fb",
        "bForceLoad" : false
      },
      {
        "strName" : "ItmConduit01",
        "fX"      : 9.0,
        "fY"      : -21.0,
        "fRotation" : 0.0,
        "strID"     : "6739439b-3c37-443f-9495-ebd47b3c6adb",
        "bForceLoad" : false
      },
      {
        "strName" : "ItmConduit01",
        "fX"      : 3.0,
        "fY"      : -19.0,
        "fRotation" : 0.0,
        "strID"     : "770aaf63-7390-4d2a-b98f-a1f2b7cceddb",
        "bForceLoad" : false
      },
      {
        "strName" : "ItmLitWall1x0OrangeOff",
        "fX"      : 3.0,
        "fY"      : -32.0,
        "fRotation" : 180.0,
        "strID"     : "2dd09515-62c8-4a07-aff7-7f020cf7a577",
        "bForceLoad" : false
      },
      {
        "strName" : "ItmWallRYOB01",
        "fX"      : 7.0,
        "fY"      : -19.0,
        "fRotation" : 0.0,
        "strID"     : "be8b3263-2cf5-4698-9c71-56b8c38f44f1",
        "bForceLoad" : false
      },
      {
        "strName" : "ItmWallRYOB01",
        "fX"      : 8.0,
        "fY"      : -21.0,
        "fRotation" : 0.0,
        "strID"     : "7d5273e3-a410-497b-af53-13afa21a0234",
        "bForceLoad" : false
      },
      {
        "strName" : "ItmConduit01",
        "fX"      : 8.0,
        "fY"      : -28.0,
        "fRotation" : 0.0,
        "strID"     : "0f70f299-bae5-4a40-8b45-52a9c9ef2765",
        "bForceLoad" : false
      },
      {
        "strName" : "ItmLitWall1x0OrangeOff",
        "fX"      : 2.0,
        "fY"      : -22.0,
        "fRotation" : 0.0,
        "strID"     : "07117686-2488-44eb-8aab-b24f65c11a89",
        "bForceLoad" : false
      },
      {
        "strName" : "ItmAirPump03Off",
        "fX"      : 4.0,
        "fY"      : -27.0,
        "fRotation" : 180.0,
        "strID"     : "ae367360-5a59-4649-8392-e77adfa5c186",
        "bForceLoad" : false,
        "aGPMSettings" : [
          {
            "strName" : "Panel A",
            "dictGUIPropMap" : [
              "strGUIPrefab",
              "GUIAirPump",
              "strFriendlyName",
              "Air Pump",
              "strGUIPrefabRight",
              null,
              "strGUIPrefabLeft",
              null,
              "strGUIPrefabUp",
              null,
              "strGUIPrefabDown",
              null,
              "strTitle",
              "Unscrew for Pressure Sensor Input Signal",
              "strValidCOTrigger01",
              "TIsAlarm2",
              "strCondMonitor01",
              "IsReadyPumpAir",
              "strInput01",
              "5ed47976-ec4d-47aa-998c-f960429b5b49",
              "nKnobBus",
              "1",
              "bTurbo",
              "false",
              "bReverse",
              "false"
            ]
          }
        ]
      },
      {
        "strName" : "ItmWallRYOB01",
        "fX"      : 4.0,
        "fY"      : -27.0,
        "fRotation" : 0.0,
        "strID"     : "fcfa03ea-ccd6-4d1c-b489-075f9e3150ec",
        "bForceLoad" : false
      },
      {
        "strName" : "ItmConduit01",
        "fX"      : 4.0,
        "fY"      : -27.0,
        "fRotation" : 0.0,
        "strID"     : "a2b346bc-66bb-4c47-baa9-b61f2d16f87b",
        "bForceLoad" : false
      },
      {
        "strName" : "ItmConduit01",
        "fX"      : 3.0,
        "fY"      : -27.0,
        "fRotation" : 0.0,
        "strID"     : "69b2c836-8089-47dd-842e-c0feb04c6565",
        "bForceLoad" : false
      },
      {
        "strName" : "ItmConduit01",
        "fX"      : 3.0,
        "fY"      : -26.0,
        "fRotation" : 0.0,
        "strID"     : "c0d81a08-113c-4cd4-a03a-048ae7d3fec9",
        "bForceLoad" : false
      },
      {
        "strName" : "ItmAlarmTempOff",
        "fX"      : 8.0,
        "fY"      : -30.0,
        "fRotation" : 270.0,
        "strID"     : "7331475a-6e63-44eb-b1ea-4505095584fd",
        "bForceLoad" : false,
        "aGPMSettings" : [
          {
            "strName" : "Panel A",
            "dictGUIPropMap" : [
              "strGUIPrefab",
              "GUIOnOff",
              "strFriendlyName",
              "Alarm",
              "strGUIPrefabRight",
              null,
              "strGUIPrefabLeft",
              null,
              "strGUIPrefabUp",
              null,
              "strGUIPrefabDown",
              null,
              "strTitle",
              "Alarm Override"
            ]
          }
        ]
      },
      {
        "strName" : "ItmAlarmO2Off",
        "fX"      : 8.0,
        "fY"      : -29.0,
        "fRotation" : 270.0,
        "strID"     : "5ed47976-ec4d-47aa-998c-f960429b5b49",
        "bForceLoad" : false,
        "aGPMSettings" : [
          {
            "strName" : "Panel A",
            "dictGUIPropMap" : [
              "strGUIPrefab",
              "GUIOnOff",
              "strFriendlyName",
              "Alarm",
              "strGUIPrefabRight",
              null,
              "strGUIPrefabLeft",
              null,
              "strGUIPrefabUp",
              null,
              "strGUIPrefabDown",
              null,
              "strTitle",
              "Alarm Override"
            ]
          }
        ]
      },
      {
        "strName" : "ItmWallRYOB01",
        "fX"      : 2.0,
        "fY"      : -20.0,
        "fRotation" : 0.0,
        "strID"     : "9ca521a8-3495-4c34-9d55-c50221aa716b",
        "bForceLoad" : false
      },
      {
        "strName" : "ItmWallRYOB01",
        "fX"      : 8.0,
        "fY"      : -19.0,
        "fRotation" : 0.0,
        "strID"     : "17dd7289-90ca-4ae0-8b96-49bfa3303848",
        "bForceLoad" : false
      },
      {
        "strName" : "ItmConduit01",
        "fX"      : 7.0,
        "fY"      : -18.0,
        "fRotation" : 0.0,
        "strID"     : "b829a155-0242-4d66-ac4f-53f35d00cab0",
        "bForceLoad" : false
      },
      {
        "strName" : "ItmWallRYOB01",
        "fX"      : 0.0,
        "fY"      : -26.0,
        "fRotation" : 0.0,
        "strID"     : "3e825bda-6bd2-4df8-855d-a34c1b871d52",
        "bForceLoad" : false
      },
      {
        "strName" : "ItmWallRYOB01",
        "fX"      : 0.0,
        "fY"      : -25.0,
        "fRotation" : 0.0,
        "strID"     : "31095fce-4f29-4070-b9c5-b6a3a410f7dc",
        "bForceLoad" : false
      },
      {
        "strName" : "ItmWallRYOB01",
        "fX"      : 0.0,
        "fY"      : -24.0,
        "fRotation" : 0.0,
        "strID"     : "249e7a9a-a4fb-49b4-9f39-8c8400a60ecb",
        "bForceLoad" : false
      },
      {
        "strName" : "ItmWallRYOB01",
        "fX"      : 0.0,
        "fY"      : -23.0,
        "fRotation" : 0.0,
        "strID"     : "526f18db-9015-41a0-ab87-73b79e01d22e",
        "bForceLoad" : false
      },
      {
        "strName" : "ItmWallRYOB01",
        "fX"      : 10.0,
        "fY"      : -27.0,
        "fRotation" : 0.0,
        "strID"     : "f08a85dc-55d3-4e69-a523-a5878bfd1f0d",
        "bForceLoad" : false
      },
      {
        "strName" : "ItmWallRYOB01Dmg",
        "fX"      : 10.0,
        "fY"      : -23.0,
        "fRotation" : 180.0,
        "strID"     : "a3510f36-bd35-4379-bd0b-0f7200dc24ff",
        "bForceLoad" : false
      },
      {
        "strName" : "ItmWallRYOB01",
        "fX"      : 10.0,
        "fY"      : -22.0,
        "fRotation" : 0.0,
        "strID"     : "c5624456-d604-42a7-a7d3-6f55d7d07b87",
        "bForceLoad" : false
      },
      {
        "strName" : "ItmWallRYOB01",
        "fX"      : 10.0,
        "fY"      : -21.0,
        "fRotation" : 0.0,
        "strID"     : "3f8ae66e-10ba-4754-b74f-7ced557e0d9c",
        "bForceLoad" : false
      },
      {
        "strName" : "ItmFloorRYOF01",
        "fX"      : 10.0,
        "fY"      : -21.0,
        "fRotation" : 180.0,
        "strID"     : "1084249b-7c8e-4da2-8e80-5aefc5f7268c",
        "bForceLoad" : false
      },
      {
        "strName" : "ItmFloorRYOF01",
        "fX"      : 10.0,
        "fY"      : -22.0,
        "fRotation" : 180.0,
        "strID"     : "f1ac9e90-3528-4182-a052-c012e931b614",
        "bForceLoad" : false
      },
      {
        "strName" : "ItmFloorRYOF01Dmg",
        "fX"      : 10.0,
        "fY"      : -23.0,
        "fRotation" : 180.0,
        "strID"     : "03126d2c-400f-44e2-9cad-8e286ea30101",
        "bForceLoad" : false
      },
      {
        "strName" : "ItmFloorRYOF01",
        "fX"      : 10.0,
        "fY"      : -24.0,
        "fRotation" : 180.0,
        "strID"     : "9ec66d95-73ed-43b0-a009-784eacf3cf8f",
        "bForceLoad" : false
      },
      {
        "strName" : "ItmFloorRYOF01",
        "fX"      : 10.0,
        "fY"      : -25.0,
        "fRotation" : 180.0,
        "strID"     : "7c5bcc7b-8d07-45df-b889-97908b8a5a39",
        "bForceLoad" : false
      },
      {
        "strName" : "ItmFloorRYOF01",
        "fX"      : 10.0,
        "fY"      : -26.0,
        "fRotation" : 180.0,
        "strID"     : "adc5496c-3548-4550-b3a2-e057b521a341",
        "bForceLoad" : false
      },
      {
        "strName" : "ItmFloorRYOF01",
        "fX"      : 10.0,
        "fY"      : -27.0,
        "fRotation" : 180.0,
        "strID"     : "3d39a88c-798a-4410-8b54-5e8d89f06b67",
        "bForceLoad" : false
      },
      {
        "strName" : "ItmFloorRYOF01",
        "fX"      : 0.0,
        "fY"      : -21.0,
        "fRotation" : 180.0,
        "strID"     : "00a62802-9e91-4e3f-90e5-53dc60e5ca69",
        "bForceLoad" : false
      },
      {
        "strName" : "ItmFloorRYOF01",
        "fX"      : 0.0,
        "fY"      : -22.0,
        "fRotation" : 180.0,
        "strID"     : "1370aae2-d7e8-425c-afcd-ba83857b65ad",
        "bForceLoad" : false
      },
      {
        "strName" : "ItmFloorRYOF01",
        "fX"      : 0.0,
        "fY"      : -23.0,
        "fRotation" : 180.0,
        "strID"     : "2b9f6200-c546-4ce5-8c19-994717a34264",
        "bForceLoad" : false
      },
      {
        "strName" : "ItmFloorRYOF01",
        "fX"      : 0.0,
        "fY"      : -24.0,
        "fRotation" : 180.0,
        "strID"     : "41a23391-2656-442f-8763-8f49cf6a982b",
        "bForceLoad" : false
      },
      {
        "strName" : "ItmFloorRYOF01",
        "fX"      : 0.0,
        "fY"      : -25.0,
        "fRotation" : 180.0,
        "strID"     : "b602637e-83fb-4a1f-8609-bbbbea6573db",
        "bForceLoad" : false
      },
      {
        "strName" : "ItmFloorRYOF01",
        "fX"      : 0.0,
        "fY"      : -26.0,
        "fRotation" : 180.0,
        "strID"     : "975b456b-16ba-4a6e-8f58-be0025484c0b",
        "bForceLoad" : false
      },
      {
        "strName" : "ItmFloorRYOF01",
        "fX"      : 0.0,
        "fY"      : -27.0,
        "fRotation" : 180.0,
        "strID"     : "ad04689a-af38-436c-9ed7-4489a89b5460",
        "bForceLoad" : false
      },
      {
        "strName" : "ItmConduit01",
        "fX"      : 9.0,
        "fY"      : -26.0,
        "fRotation" : 0.0,
        "strID"     : "a8b6bb1f-d612-4f40-87da-429d38c0f8a9",
        "bForceLoad" : false
      },
      {
        "strName" : "ItmConduit01",
        "fX"      : 10.0,
        "fY"      : -21.0,
        "fRotation" : 0.0,
        "strID"     : "134e7dc9-9bdb-454e-bc3d-0a3d8fc9eea5",
        "bForceLoad" : false
      },
      {
        "strName" : "ItmConduit01",
        "fX"      : 10.0,
        "fY"      : -22.0,
        "fRotation" : 0.0,
        "strID"     : "28531955-11be-4c69-a8cf-bd0427c24729",
        "bForceLoad" : false
      },
      {
        "strName" : "ItmCooler01Off",
        "fX"      : 7.5,
        "fY"      : -32.0,
        "fRotation" : 180.0,
        "strID"     : "96d11caa-9a6c-460a-8630-01335ec08299",
        "bForceLoad" : false,
        "aGPMSettings" : [
          {
            "strName" : "Panel A",
            "dictGUIPropMap" : [
              "strGUIPrefab",
              "GUIAirPump",
              "strFriendlyName",
              "Cooler",
              "strGUIPrefabRight",
              null,
              "strGUIPrefabLeft",
              null,
              "strGUIPrefabUp",
              null,
              "strGUIPrefabDown",
              null,
              "strTitle",
              "Unscrew for Thermostat Sensor Input Signal",
              "strValidCOTrigger01",
              "TIsAlarmTemp",
              "strCondMonitor01",
              "DcGasTemp03",
              "strSubPoint",
              "Cool",
              "strAddPoint",
              "Heat",
              "strInput01",
              ""
            ]
          }
        ]
      },
      {
        "strName" : "ItmAlarmN2Off",
        "fX"      : 5.0,
        "fY"      : -31.0,
        "fRotation" : 180.0,
        "strID"     : "fa1001ad-6b06-4904-8c70-7d1c716bdffe",
        "bForceLoad" : false,
        "aGPMSettings" : [
          {
            "strName" : "Panel A",
            "dictGUIPropMap" : [
              "strGUIPrefab",
              "GUIOnOff",
              "strFriendlyName",
              "Alarm",
              "strGUIPrefabRight",
              null,
              "strGUIPrefabLeft",
              null,
              "strGUIPrefabUp",
              null,
              "strGUIPrefabDown",
              null,
              "strTitle",
              "Alarm Override"
            ]
          }
        ]
      },
      {
        "strName" : "ItmSwitch01Off",
        "fX"      : 7.0,
        "fY"      : -30.0,
        "fRotation" : 180.0,
        "strID"     : "8acf322b-3daf-4033-b3a5-d938a45ffa02",
        "bForceLoad" : false
      },
      {
        "strName" : "ItmToolFireEx01",
        "fX"      : 6.0,
        "fY"      : -19.5,
        "fRotation" : 180.0,
        "strID"     : "e1e3a8f4-4b44-47ae-8562-b8e4ad8e624f",
        "bForceLoad" : false
      },
      {
        "strName" : "ItmRTAN2",
        "fX"      : 7.0,
        "fY"      : -28.0,
        "fRotation" : 0.0,
        "strID"     : "544d64b3-3146-410b-bfb2-1cb48b3c07bd",
        "bForceLoad" : false
      },
      {
        "strName" : "ItmScrapCarbonFiber",
        "fX"      : 8.0,
        "fY"      : -22.0,
        "fRotation" : 0.0,
        "strID"     : "abbeb44e-b20c-4cd8-95e3-10a87355b78e",
        "strParentID" : "833f4a39-df1c-4b02-a6cb-af538506f1a8",
        "bForceLoad"  : false
      },
      {
        "strName" : "ItmScrapCarbonFiber",
        "fX"      : 8.0,
        "fY"      : -22.0,
        "fRotation" : 180.0,
        "strID"     : "833f4a39-df1c-4b02-a6cb-af538506f1a8",
        "bForceLoad" : false
      },
      {
        "strName" : "ItmConduit01",
        "fX"      : 7.0,
        "fY"      : -31.0,
        "fRotation" : 0.0,
        "strID"     : "1b57e4b5-ace7-403f-9976-a6165b1eca78",
        "bForceLoad" : false
      },
      {
        "strName" : "ItmConduit01",
        "fX"      : 5.0,
        "fY"      : -31.0,
        "fRotation" : 0.0,
        "strID"     : "1a83142f-6259-41b2-8ff4-1b7244d28c86",
        "bForceLoad" : false
      },
      {
        "strName" : "ItmConduit01",
        "fX"      : 4.0,
        "fY"      : -31.0,
        "fRotation" : 0.0,
        "strID"     : "f15b61d5-5bb0-4a49-8f59-8c2046484ea7",
        "bForceLoad" : false
      },
      {
        "strName" : "Compartment",
        "fX"      : 11.0,
        "fY"      : -33.0,
        "fRotation" : 0.0,
        "strID"     : "7d221b90-ccad-45de-84b2-b0b02b1e9182",
        "bForceLoad" : false
      },
      {
        "strName" : "Compartment",
        "fX"      : 0.0,
        "fY"      : -33.0,
        "fRotation" : 0.0,
        "strID"     : "f600ca92-ec59-4444-a68d-7b4d0a5dda89",
        "bForceLoad" : false
      },
      {
        "strName" : "Compartment",
        "fX"      : 4.0,
        "fY"      : -32.0,
        "fRotation" : 0.0,
        "strID"     : "44b5775c-9799-49cc-8245-fde010eea0e9",
        "bForceLoad" : false
      },
      {
        "strName" : "Compartment",
        "fX"      : 7.0,
        "fY"      : -20.0,
        "fRotation" : 0.0,
        "strID"     : "9fbfdbad-bff8-4e29-9d59-f63fef956799",
        "bForceLoad" : false
      }
    ],
    "aShallowPSpecs"   : [
      {
        "strName" : "SysLootSpawner",
        "fX"      : 5.0,
        "fY"      : -19.0,
        "fRotation" : 180.0,
        "strID"     : "3ba05432-9490-465d-a9e7-c78f5bb2edd8",
        "bForceLoad" : false,
        "aGPMSettings" : [
          {
            "strName" : "Panel A",
            "dictGUIPropMap" : [
              "strGUIPrefab",
              "GUILootSpawn",
              "strFriendlyName",
              "Loot Spawner",
              "strGUIPrefabRight",
              null,
              "strGUIPrefabLeft",
              null,
              "strGUIPrefabUp",
              null,
              "strGUIPrefabDown",
              null,
              "strType",
              "Pspec",
              "strLoot",
              "Boarding",
              "strRange",
              "1",
              "strCount",
              "0"
            ]
          }
        ]
      },
      {
        "strName" : "SysLootSpawner",
        "fX"      : 5.0,
        "fY"      : -28.0,
        "fRotation" : 180.0,
        "strID"     : "e9369ca1-8eaa-42bf-ba82-1a75c22994c4",
        "bForceLoad" : false,
        "aGPMSettings" : [
          {
            "strName" : "Panel A",
            "dictGUIPropMap" : [
              "strGUIPrefab",
              "GUILootSpawn",
              "strFriendlyName",
              "Loot Spawner",
              "strGUIPrefabRight",
              null,
              "strGUIPrefabLeft",
              null,
              "strGUIPrefabUp",
              null,
              "strGUIPrefabDown",
              null,
              "strType",
              "Pspec",
              "strLoot",
              "NotBoarding",
              "strRange",
              "2",
              "strCount",
              "0"
            ]
          }
        ]
      }
    ],
    "vShipPos"         : {
      "x" : 5.0,
      "y" : -19.0
    },
    "objSS"            : {
      "boPORShip" : "1036 Ganymed",
      "vPosx"     : 0.973881847719544,
      "vPosy"     : -1.56527139946248,
      "vBOOffsetx" : -4.14949349103466E-07,
      "vBOOffsety" : -4.4611863447841E-07,
      "vVelX"      : 1.6719351825234E-07,
      "vVelY"      : 1.35867452843996E-08,
      "vAccIn"     : {
        "x" : 0.0,
        "y" : 0.0
      },
      "vAccRCS"    : {
        "x" : 0.0,
        "y" : 0.0
      },
      "vAccEx"     : {
        "x" : 0.0,
        "y" : 0.0
      },
      "fRot"       : 0.03359103,
      "fW"         : 0.0,
      "fA"         : 0.0,
      "bBOLocked"  : true,
      "bIsBO"      : false,
      "bIsRegion"  : false,
      "bIsNoFees"  : false
    },
    "aRooms"           : [
      {
        "strID" : "7d221b90-ccad-45de-84b2-b0b02b1e9182",
        "bVoid" : true,
        "aTiles" : [
          220,
          219,
          207,
          218,
          206,
          194,
          217,
          193,
          181,
          216,
          180,
          168,
          215,
          167,
          155,
          154,
          142,
          129,
          116,
          103,
          90,
          77,
          64,
          51,
          50,
          38,
          49,
          37,
          25,
          36,
          24,
          12,
          23,
          11,
          22,
          10,
          9
        ]
      },
      {
        "strID" : "f600ca92-ec59-4444-a68d-7b4d0a5dda89",
        "bVoid" : true,
        "aTiles" : [
          209,
          208,
          196,
          195,
          183,
          182,
          170,
          169,
          157,
          156,
          144,
          143,
          130,
          117,
          104,
          91,
          78,
          65,
          52,
          39,
          40,
          26,
          41,
          27,
          13,
          28,
          14,
          0,
          15,
          1,
          16,
          2,
          3
        ]
      },
      {
        "strID" : "44b5775c-9799-49cc-8245-fde010eea0e9",
        "bVoid" : false,
        "aTiles" : [
          200,
          199,
          187,
          198,
          186,
          188,
          174,
          185,
          173,
          189,
          175,
          161,
          172,
          160,
          190,
          176,
          162,
          148,
          159,
          147,
          191,
          177,
          163,
          149,
          146,
          134,
          178,
          164,
          150,
          136,
          133,
          121,
          165,
          151,
          137,
          123,
          120,
          122,
          108,
          152,
          138,
          124,
          110,
          119,
          107,
          109,
          95,
          139,
          125,
          111,
          97,
          106,
          94,
          96,
          82,
          126,
          112,
          98,
          84,
          93,
          81,
          83,
          69,
          127,
          113,
          99,
          85,
          71,
          80,
          68,
          70,
          114,
          100,
          86,
          72,
          58,
          67,
          101,
          87,
          73,
          88,
          74,
          75
        ]
      },
      {
        "strID" : "9fbfdbad-bff8-4e29-9d59-f63fef956799",
        "bVoid" : false,
        "aTiles" : [
          47,
          46,
          45,
          33,
          44,
          32,
          20,
          43,
          31,
          19,
          18,
          6
        ]
      }
    ],
    "DMGStatus"        : 2,
    "fLastVisit"       : 65627556410.0383,
    "fAIDockingTimer"  : 0.0,
    "fAIPauseTimer"    : 7.99552828073502,
    "bPrefill"         : false,
    "bNoCollisions"    : false,
    "dLastScanTime"    : 65627629997.2209,
    "bLocalAuthority"  : false,
    "bAIShip"          : false,
    "make"             : "Ryokka",
    "model"            : "T TU-1a",
    "year"             : "2056",
    "origin"           : "Cloudbreak Aerostat",
    "designation"      : "Gas Tug",
    "publicName"       : "Telic One",
    "dimensions"       : "0.32m x 3.2m",
    "fShallowMass"     : 4381.005,
    "fShallowRCSRemass" : 0.0,
    "fShallowRCSRemassMax" : 0.0,
    "fShallowFusionRemain" : 0.0,
    "fBreakInMultiplier"   : 0.2330921,
    "nRCSCount"            : 0,
    "nRCSDistroCount"      : 0,
    "nDockCount"           : 1,
    "bFusionTorch"         : false
  }
]