
[
  {
    "strName" : "O-QCN",
    "strRegID" : "O-QCN",
    "nCurrentWaypoint" : -1,
    "fTimeEngaged"     : 162854.1,
    "aCOs"             : [
      {
        "strID" : "0a35769f-c43d-420b-bdb2-9a2371fea87d",
        "strCODef" : "SysLootSpawner",
        "bAlive"   : true,
        "aConds"   : [
          "IsNonHighlightable=1.0x1",
          "IsHiddenInv=1.0x1",
          "IsLootSpawner=1.0x1",
          "IsSystem=1.0x1"
        ],
        "strCondID" : "SysLootSpawner0a35769f-c43d-420b-bdb2-9a2371fea87d",
        "inventoryX" : 0,
        "inventoryY" : 0,
        "fDGasTemp"  : 0.0,
        "fLastICOUpdate" : 65627660945.9803,
        "nDestTile"      : 0,
        "strIdleAnim"    : "Idle",
        "aMyShips"       : [
          "O-QCN"
        ],
        "strIMGPreview"  : "IcoLoot",
        "strFriendlyName" : "SysLootSpawner",
        "strRegIDLast"    : "O-QCN"
      },
      {
        "strID" : "fbe0b033-0058-4a63-bc73-675f00d31f35",
        "strCODef" : "SysLootSpawner",
        "bAlive"   : true,
        "aConds"   : [
          "IsNonHighlightable=1.0x1",
          "IsHiddenInv=1.0x1",
          "IsLootSpawner=1.0x1",
          "IsSystem=1.0x1"
        ],
        "strCondID" : "SysLootSpawnerfbe0b033-0058-4a63-bc73-675f00d31f35",
        "inventoryX" : 0,
        "inventoryY" : 0,
        "fDGasTemp"  : 0.0,
        "fLastICOUpdate" : 65627660945.9803,
        "nDestTile"      : 0,
        "strIdleAnim"    : "Idle",
        "aMyShips"       : [
          "O-QCN"
        ],
        "strIMGPreview"  : "IcoLoot",
        "strFriendlyName" : "SysLootSpawner",
        "strRegIDLast"    : "O-QCN"
      }
    ],
    "aItems"           : [
      {
        "strName" : "ItmConduit01",
        "fX"      : 9.0,
        "fY"      : -26.0,
        "fRotation" : 0.0,
        "strID"     : "36def417-64fc-4401-a491-3cc9d35e18f2",
        "bForceLoad" : false
      },
      {
        "strName" : "ItmFloorRYOF01",
        "fX"      : 7.0,
        "fY"      : -22.0,
        "fRotation" : 180.0,
        "strID"     : "a67da6da-e853-421c-8bbb-9ece9c773570",
        "bForceLoad" : false
      },
      {
        "strName" : "ItmFloorRYOF01",
        "fX"      : 7.0,
        "fY"      : -23.0,
        "fRotation" : 180.0,
        "strID"     : "38381b4c-ea34-414c-b012-15201d73400d",
        "bForceLoad" : false
      },
      {
        "strName" : "ItmFloorRYOF01",
        "fX"      : 7.0,
        "fY"      : -24.0,
        "fRotation" : 180.0,
        "strID"     : "5dccc025-5ef1-48da-a309-881dda3ac4e0",
        "bForceLoad" : false
      },
      {
        "strName" : "ItmFloorRYOF01",
        "fX"      : 7.0,
        "fY"      : -25.0,
        "fRotation" : 180.0,
        "strID"     : "2c299a9e-c7f7-4de1-a7c8-f6024f1ba564",
        "bForceLoad" : false
      },
      {
        "strName" : "ItmFloorRYOF01",
        "fX"      : 7.0,
        "fY"      : -26.0,
        "fRotation" : 180.0,
        "strID"     : "1f981cb9-07e8-442f-a16c-f693780f9e8f",
        "bForceLoad" : false
      },
      {
        "strName" : "ItmFloorRYOF01",
        "fX"      : 7.0,
        "fY"      : -27.0,
        "fRotation" : 180.0,
        "strID"     : "51bae25d-15c7-420f-b036-0e2f0f3c2c8e",
        "bForceLoad" : false
      },
      {
        "strName" : "ItmFloorRYOF01",
        "fX"      : 6.0,
        "fY"      : -27.0,
        "fRotation" : 180.0,
        "strID"     : "4f28ebc9-6292-4af3-960a-e222af9d85bb",
        "bForceLoad" : false
      },
      {
        "strName" : "ItmFloorRYOF01",
        "fX"      : 5.0,
        "fY"      : -27.0,
        "fRotation" : 180.0,
        "strID"     : "93dea9c9-c77b-4150-9f9f-3f46c297262f",
        "bForceLoad" : false
      },
      {
        "strName" : "ItmFloorRYOF01",
        "fX"      : 4.0,
        "fY"      : -27.0,
        "fRotation" : 180.0,
        "strID"     : "74504956-82fa-4d9d-929d-f9478169cff3",
        "bForceLoad" : false
      },
      {
        "strName" : "ItmFloorRYOF01",
        "fX"      : 3.0,
        "fY"      : -27.0,
        "fRotation" : 180.0,
        "strID"     : "659e96a1-6b61-463c-b21f-dc51ef918bd6",
        "bForceLoad" : false
      },
      {
        "strName" : "ItmFloorRYOF01",
        "fX"      : 8.0,
        "fY"      : -24.0,
        "fRotation" : 180.0,
        "strID"     : "c437ac57-6e52-425f-aaf8-40ca93072b3c",
        "bForceLoad" : false
      },
      {
        "strName" : "ItmFloorRYOF01Dmg",
        "fX"      : 8.0,
        "fY"      : -23.0,
        "fRotation" : 180.0,
        "strID"     : "c376856d-b9ff-469f-b9d7-d4b643e7aa42",
        "bForceLoad" : false
      },
      {
        "strName" : "ItmFloorRYOF01",
        "fX"      : 8.0,
        "fY"      : -22.0,
        "fRotation" : 180.0,
        "strID"     : "0a6c1b9f-4f62-4d64-b519-19d67319950e",
        "bForceLoad" : false
      },
      {
        "strName" : "ItmFloorRYOF01",
        "fX"      : 2.0,
        "fY"      : -24.0,
        "fRotation" : 180.0,
        "strID"     : "fb710243-b1b2-411a-a688-8d9c0acf7e2e",
        "bForceLoad" : false
      },
      {
        "strName" : "ItmFloorRYOF01",
        "fX"      : 2.0,
        "fY"      : -23.0,
        "fRotation" : 180.0,
        "strID"     : "e62713aa-266e-4fff-aa69-d05387fbd62c",
        "bForceLoad" : false
      },
      {
        "strName" : "ItmFloorRYOF01",
        "fX"      : 2.0,
        "fY"      : -22.0,
        "fRotation" : 180.0,
        "strID"     : "9b399716-dbdd-4f5b-b3c0-e52ba9666b19",
        "bForceLoad" : false
      },
      {
        "strName" : "ItmFloorRYOF01",
        "fX"      : 3.0,
        "fY"      : -22.0,
        "fRotation" : 180.0,
        "strID"     : "9d802508-b4d2-452d-a0c3-c838c409fa7d",
        "bForceLoad" : false
      },
      {
        "strName" : "ItmFloorRYOF01",
        "fX"      : 4.0,
        "fY"      : -22.0,
        "fRotation" : 180.0,
        "strID"     : "d6d70391-3af1-4468-98cf-415c10608958",
        "bForceLoad" : false
      },
      {
        "strName" : "ItmFloorRYOF01",
        "fX"      : 5.0,
        "fY"      : -22.0,
        "fRotation" : 180.0,
        "strID"     : "831e2494-6198-4028-82f9-593fbf80f515",
        "bForceLoad" : false
      },
      {
        "strName" : "ItmFloorRYOF01",
        "fX"      : 6.0,
        "fY"      : -22.0,
        "fRotation" : 180.0,
        "strID"     : "cbe778f8-0005-4dfa-b89a-c3b50e7e1597",
        "bForceLoad" : false
      },
      {
        "strName" : "ItmFloorRYOF01",
        "fX"      : 6.0,
        "fY"      : -23.0,
        "fRotation" : 180.0,
        "strID"     : "85089bef-4e9a-4f41-a4ae-e8d564ad2ebd",
        "bForceLoad" : false
      },
      {
        "strName" : "ItmFloorRYOF01",
        "fX"      : 6.0,
        "fY"      : -24.0,
        "fRotation" : 180.0,
        "strID"     : "43b2d27e-dc99-445d-b64b-8e0da03915c6",
        "bForceLoad" : false
      },
      {
        "strName" : "ItmFloorRYOF01",
        "fX"      : 6.0,
        "fY"      : -25.0,
        "fRotation" : 180.0,
        "strID"     : "f246e8ef-a9cd-42cd-a669-3b8e50182681",
        "bForceLoad" : false
      },
      {
        "strName" : "ItmFloorRYOF01",
        "fX"      : 6.0,
        "fY"      : -26.0,
        "fRotation" : 180.0,
        "strID"     : "f8eb0f1d-7bff-4111-8740-29c0cb2dc844",
        "bForceLoad" : false
      },
      {
        "strName" : "ItmFloorRYOF01",
        "fX"      : 5.0,
        "fY"      : -26.0,
        "fRotation" : 180.0,
        "strID"     : "bc9ca21e-6c65-41d7-84ce-5cf9702278e2",
        "bForceLoad" : false
      },
      {
        "strName" : "ItmFloorRYOF01",
        "fX"      : 4.0,
        "fY"      : -26.0,
        "fRotation" : 180.0,
        "strID"     : "4d72e845-5ce1-4d65-96d7-3c7618e44e49",
        "bForceLoad" : false
      },
      {
        "strName" : "ItmFloorRYOF01",
        "fX"      : 3.0,
        "fY"      : -26.0,
        "fRotation" : 180.0,
        "strID"     : "adf01420-c3e0-4e75-84bc-5730bb83621d",
        "bForceLoad" : false
      },
      {
        "strName" : "ItmFloorRYOF01",
        "fX"      : 3.0,
        "fY"      : -25.0,
        "fRotation" : 180.0,
        "strID"     : "95c7e50f-7a21-4b5b-a5b8-058eb038fd0e",
        "bForceLoad" : false
      },
      {
        "strName" : "ItmFloorRYOF01",
        "fX"      : 3.0,
        "fY"      : -24.0,
        "fRotation" : 180.0,
        "strID"     : "ab514547-4852-4ab5-88f9-5ed468d828c9",
        "bForceLoad" : false
      },
      {
        "strName" : "ItmFloorRYOF01",
        "fX"      : 3.0,
        "fY"      : -23.0,
        "fRotation" : 180.0,
        "strID"     : "0c90d92d-d28e-416d-8f54-4c0297432c4c",
        "bForceLoad" : false
      },
      {
        "strName" : "ItmFloorRYOF01",
        "fX"      : 4.0,
        "fY"      : -23.0,
        "fRotation" : 180.0,
        "strID"     : "349b3ae8-0c87-4ac7-9132-89d48dc2eced",
        "bForceLoad" : false
      },
      {
        "strName" : "ItmFloorRYOF01",
        "fX"      : 5.0,
        "fY"      : -23.0,
        "fRotation" : 180.0,
        "strID"     : "f086d469-35c5-4608-969e-f486f6e16aca",
        "bForceLoad" : false
      },
      {
        "strName" : "ItmFloorRYOF01",
        "fX"      : 5.0,
        "fY"      : -24.0,
        "fRotation" : 180.0,
        "strID"     : "50e5c1bc-b5a5-4b94-b3c8-4b7963935e87",
        "bForceLoad" : false
      },
      {
        "strName" : "ItmFloorRYOF01",
        "fX"      : 5.0,
        "fY"      : -25.0,
        "fRotation" : 180.0,
        "strID"     : "f5bc627a-693e-407d-a90d-ffd3d04365f5",
        "bForceLoad" : false
      },
      {
        "strName" : "ItmFloorRYOF01",
        "fX"      : 4.0,
        "fY"      : -25.0,
        "fRotation" : 180.0,
        "strID"     : "0e457421-92c5-46f3-8c5c-ac7190356c8f",
        "bForceLoad" : false
      },
      {
        "strName" : "ItmFloorRYOF01",
        "fX"      : 4.0,
        "fY"      : -24.0,
        "fRotation" : 180.0,
        "strID"     : "f7067159-42e3-44fe-90e3-159ac0179e6f",
        "bForceLoad" : false
      },
      {
        "strName" : "ItmFloorRYOF01",
        "fX"      : 4.0,
        "fY"      : -21.0,
        "fRotation" : 180.0,
        "strID"     : "2d4800b5-8a97-4074-b80f-fe54dd7bfee8",
        "bForceLoad" : false
      },
      {
        "strName" : "ItmFloorRYOF01",
        "fX"      : 5.0,
        "fY"      : -21.0,
        "fRotation" : 180.0,
        "strID"     : "88f7da6e-4496-4588-8f19-80785ae5dbad",
        "bForceLoad" : false
      },
      {
        "strName" : "ItmFloorRYOF01",
        "fX"      : 6.0,
        "fY"      : -21.0,
        "fRotation" : 180.0,
        "strID"     : "6d4844e8-c349-4a1a-8051-43d78d6a23a5",
        "bForceLoad" : false
      },
      {
        "strName" : "ItmFloorRYOF01",
        "fX"      : 6.0,
        "fY"      : -20.0,
        "fRotation" : 180.0,
        "strID"     : "5f70e5d4-5440-4eb5-bee2-eee4e190806b",
        "bForceLoad" : false
      },
      {
        "strName" : "ItmFloorRYOF01",
        "fX"      : 5.0,
        "fY"      : -20.0,
        "fRotation" : 180.0,
        "strID"     : "f4a34818-64d8-4c07-95eb-db597736d973",
        "bForceLoad" : false
      },
      {
        "strName" : "ItmFloorRYOF01",
        "fX"      : 4.0,
        "fY"      : -20.0,
        "fRotation" : 180.0,
        "strID"     : "52722826-d367-4a87-87d0-3fa656e22ceb",
        "bForceLoad" : false
      },
      {
        "strName" : "ItmFloorRYOF01",
        "fX"      : 4.0,
        "fY"      : -19.0,
        "fRotation" : 180.0,
        "strID"     : "2e1ae94b-90a5-42ec-845c-5cf83457369a",
        "bForceLoad" : false
      },
      {
        "strName" : "ItmFloorRYOF01",
        "fX"      : 5.0,
        "fY"      : -19.0,
        "fRotation" : 180.0,
        "strID"     : "6759f6fa-448b-4989-9b99-2bcabe6501be",
        "bForceLoad" : false
      },
      {
        "strName" : "ItmFloorRYOF01",
        "fX"      : 6.0,
        "fY"      : -19.0,
        "fRotation" : 180.0,
        "strID"     : "e17d6896-ef51-4b44-aa7f-4065e0ffee1e",
        "bForceLoad" : false
      },
      {
        "strName" : "ItmFloorRYOF01",
        "fX"      : 4.0,
        "fY"      : -18.0,
        "fRotation" : 180.0,
        "strID"     : "130fb5ab-0ae2-44df-8049-4fd082cabbfc",
        "bForceLoad" : false
      },
      {
        "strName" : "ItmFloorRYOF01",
        "fX"      : 7.0,
        "fY"      : -21.0,
        "fRotation" : 180.0,
        "strID"     : "8814576f-b6aa-45f9-974e-508da3da5b5c",
        "bForceLoad" : false
      },
      {
        "strName" : "ItmFloorRYOF01",
        "fX"      : 3.0,
        "fY"      : -21.0,
        "fRotation" : 180.0,
        "strID"     : "de18f4f5-b48c-401f-901e-32c1ba9fadbb",
        "bForceLoad" : false
      },
      {
        "strName" : "ItmDoor01ClosedLoose",
        "fX"      : 5.0,
        "fY"      : -21.0,
        "fRotation" : 180.0,
        "strID"     : "c2e35914-abf9-4363-bbbd-cc44efc38d66",
        "bForceLoad" : false,
        "aGPMSettings" : [
          {
            "strName" : "Panel A",
            "dictGUIPropMap" : [
              "strGUIPrefab",
              "GUILocks",
              "strFriendlyName",
              "Door Lock",
              "strGUIPrefabRight",
              null,
              "strGUIPrefabLeft",
              null,
              "strGUIPrefabUp",
              null,
              "strGUIPrefabDown",
              null,
              "strBrand",
              "Bieler",
              "strBrandSub",
              "Commercial Door Systems",
              "strMSLock",
              "ItmDoorInt01ClosedLocked",
              "strMSUnlock",
              "ItmDoorInt01Closed",
              "strPIN",
              "5687"
            ]
          }
        ]
      },
      {
        "strName" : "ItmFloorRYOF01",
        "fX"      : 5.0,
        "fY"      : -18.0,
        "fRotation" : 180.0,
        "strID"     : "1f0c898a-d3ec-4fcb-945f-e07f16b240e5",
        "bForceLoad" : false
      },
      {
        "strName" : "ItmFloorRYOF01",
        "fX"      : 6.0,
        "fY"      : -18.0,
        "fRotation" : 180.0,
        "strID"     : "6eedb669-82cc-4e04-b0c9-97abdc606c9f",
        "bForceLoad" : false
      },
      {
        "strName" : "ItmDockSys02Closed",
        "fX"      : 5.0,
        "fY"      : -17.5,
        "fRotation" : 0.0,
        "strID"     : "4135fb75-98c7-4099-909e-53f1254f3347",
        "bForceLoad" : false
      },
      {
        "strName" : "ItmWallRYOB01Dmg",
        "fX"      : 2.0,
        "fY"      : -20.0,
        "fRotation" : 180.0,
        "strID"     : "25f283ea-f210-4712-8c71-1c56aeb32b06",
        "bForceLoad" : false
      },
      {
        "strName" : "ItmWallRYOB01",
        "fX"      : 8.0,
        "fY"      : -20.0,
        "fRotation" : 0.0,
        "strID"     : "f290e2fd-126d-4971-b3c5-0aae9824f3aa",
        "bForceLoad" : false
      },
      {
        "strName" : "ItmConduit01Dmg",
        "fX"      : 9.0,
        "fY"      : -25.0,
        "fRotation" : 0.0,
        "strID"     : "96363f40-20f6-4dfe-9580-4f6729a9cc9b",
        "bForceLoad" : false
      },
      {
        "strName" : "ItmFloorRYOF01",
        "fX"      : 2.0,
        "fY"      : -25.0,
        "fRotation" : 180.0,
        "strID"     : "7fa4feb3-1f18-4749-9d3b-ab75f6b6c50e",
        "bForceLoad" : false
      },
      {
        "strName" : "ItmFloorRYOF01",
        "fX"      : 2.0,
        "fY"      : -26.0,
        "fRotation" : 180.0,
        "strID"     : "a66e74ba-adda-43f0-b6f7-32e9ae5d89d9",
        "bForceLoad" : false
      },
      {
        "strName" : "ItmFloorRYOF01",
        "fX"      : 8.0,
        "fY"      : -27.0,
        "fRotation" : 180.0,
        "strID"     : "e424150f-403f-400d-99ce-e544dd9df4ef",
        "bForceLoad" : false
      },
      {
        "strName" : "ItmFloorRYOF01",
        "fX"      : 8.0,
        "fY"      : -26.0,
        "fRotation" : 180.0,
        "strID"     : "d5d0c259-bbb1-4b3d-a821-1be2464c7c55",
        "bForceLoad" : false
      },
      {
        "strName" : "ItmWallRYOB01Dmg",
        "fX"      : 9.0,
        "fY"      : -24.0,
        "fRotation" : 180.0,
        "strID"     : "610a3db6-dcfc-4f19-ba88-0055be3f0325",
        "bForceLoad" : false
      },
      {
        "strName" : "ItmFloorRYOF01",
        "fX"      : 8.0,
        "fY"      : -21.0,
        "fRotation" : 180.0,
        "strID"     : "c1d9c67a-5d23-40f0-bac4-fc0e4f208259",
        "bForceLoad" : false
      },
      {
        "strName" : "ItmFloorRYOF01",
        "fX"      : 8.0,
        "fY"      : -25.0,
        "fRotation" : 180.0,
        "strID"     : "63b79eb3-8671-40ee-b516-a7c32ef15c62",
        "bForceLoad" : false
      },
      {
        "strName" : "ItmFloorRYOF01",
        "fX"      : 2.0,
        "fY"      : -27.0,
        "fRotation" : 180.0,
        "strID"     : "764ec301-ee90-4f19-b620-652095a1613a",
        "bForceLoad" : false
      },
      {
        "strName" : "ItmWallRYOB01",
        "fX"      : 8.0,
        "fY"      : -21.0,
        "fRotation" : 0.0,
        "strID"     : "4968cba8-00fa-4603-a293-db25602d3c68",
        "bForceLoad" : false
      },
      {
        "strName" : "ItmScrapTrash",
        "fX"      : 6.0,
        "fY"      : -23.0,
        "fRotation" : 0.0,
        "strID"     : "b8d5ca84-b74c-446b-aca2-7026ceb6b1a3",
        "strParentID" : "e9e228cc-3a72-4ed9-9e56-74bf6d0da467",
        "bForceLoad"  : false
      },
      {
        "strName" : "ItmLitWall1x0Off",
        "fX"      : 8.0,
        "fY"      : -25.0,
        "fRotation" : 270.0,
        "strID"     : "c24773f7-49cd-45b2-87c1-4d6a9ee60a4e",
        "bForceLoad" : false
      },
      {
        "strName" : "ItmLitWall1x0Off",
        "fX"      : 8.0,
        "fY"      : -29.0,
        "fRotation" : 270.0,
        "strID"     : "823aa7dd-7cee-4688-af25-401b6d215330",
        "bForceLoad" : false
      },
      {
        "strName" : "ItmLitWall1x0Off",
        "fX"      : 2.0,
        "fY"      : -25.0,
        "fRotation" : 90.0,
        "strID"     : "99a3336a-162f-48fb-bb02-59c8ca2df312",
        "bForceLoad" : false
      },
      {
        "strName" : "ItmLitWall1x0Off",
        "fX"      : 2.0,
        "fY"      : -29.0,
        "fRotation" : 90.0,
        "strID"     : "12c15361-2e29-42e8-b09b-8b2768cb6fe2",
        "bForceLoad" : false
      },
      {
        "strName" : "ItmLitWall1x0Off",
        "fX"      : 2.0,
        "fY"      : -18.0,
        "fRotation" : 180.0,
        "strID"     : "67a73fab-4e19-4a70-b2ad-1ce849520dca",
        "bForceLoad" : false
      },
      {
        "strName" : "ItmConduit01Dmg",
        "fX"      : 9.0,
        "fY"      : -24.0,
        "fRotation" : 0.0,
        "strID"     : "ff842ecb-a98b-42e3-89e9-19496889e8e6",
        "bForceLoad" : false
      },
      {
        "strName" : "ItmConduit01",
        "fX"      : 9.0,
        "fY"      : -22.0,
        "fRotation" : 0.0,
        "strID"     : "b45ca0b9-11f9-42d6-9196-c8efb64c71d4",
        "bForceLoad" : false
      },
      {
        "strName" : "ItmLitWall1x0Off",
        "fX"      : 8.0,
        "fY"      : -18.0,
        "fRotation" : 180.0,
        "strID"     : "e310e171-696b-4fce-ad08-435a28e24395",
        "bForceLoad" : false
      },
      {
        "strName" : "ItmConduit01",
        "fX"      : 8.0,
        "fY"      : -28.0,
        "fRotation" : 0.0,
        "strID"     : "ac4c0eec-aee6-454a-92d3-dbae05067733",
        "bForceLoad" : false
      },
      {
        "strName" : "ItmConduit01",
        "fX"      : 2.0,
        "fY"      : -26.0,
        "fRotation" : 0.0,
        "strID"     : "a613b699-ae76-4b20-b036-1c9dc7520f50",
        "bForceLoad" : false
      },
      {
        "strName" : "ItmScrapCarbonFiber",
        "fX"      : 7.0,
        "fY"      : -25.0,
        "fRotation" : 0.0,
        "strID"     : "3ad50fdf-641f-4a02-bab6-dedd5505ec82",
        "strParentID" : "996b8fc0-5500-4e85-bdab-50749da6f5eb",
        "bForceLoad"  : false
      },
      {
        "strName" : "ItmFloorRYOF01Dmg",
        "fX"      : 3.0,
        "fY"      : -20.0,
        "fRotation" : 180.0,
        "strID"     : "7d1810d1-d638-4c0f-96a0-fc9807936020",
        "bForceLoad" : false
      },
      {
        "strName" : "ItmFloorRYOF01",
        "fX"      : 7.0,
        "fY"      : -20.0,
        "fRotation" : 180.0,
        "strID"     : "57755e42-0c67-42ff-9075-dfee3fed97df",
        "bForceLoad" : false
      },
      {
        "strName" : "ItmConduit01",
        "fX"      : 9.0,
        "fY"      : -31.0,
        "fRotation" : 0.0,
        "strID"     : "864ed72e-b4fe-4b2b-a06f-4c522711db1f",
        "bForceLoad" : false
      },
      {
        "strName" : "ItmFloorRYOF01",
        "fX"      : 1.0,
        "fY"      : -26.0,
        "fRotation" : 180.0,
        "strID"     : "43cb986a-779b-41c2-9f21-37ba37fbf217",
        "bForceLoad" : false
      },
      {
        "strName" : "ItmFloorRYOF01",
        "fX"      : 1.0,
        "fY"      : -25.0,
        "fRotation" : 180.0,
        "strID"     : "2a98eeb5-0ba4-4bcd-84ba-6813e1470bbe",
        "bForceLoad" : false
      },
      {
        "strName" : "ItmFloorRYOF01",
        "fX"      : 1.0,
        "fY"      : -24.0,
        "fRotation" : 180.0,
        "strID"     : "c6f0b4eb-9be3-419f-ac19-4c2588210cb5",
        "bForceLoad" : false
      },
      {
        "strName" : "ItmFloorRYOF01",
        "fX"      : 1.0,
        "fY"      : -23.0,
        "fRotation" : 180.0,
        "strID"     : "b6e530a1-4c97-423e-b72d-89fe6eea5bc2",
        "bForceLoad" : false
      },
      {
        "strName" : "ItmFloorRYOF01",
        "fX"      : 1.0,
        "fY"      : -22.0,
        "fRotation" : 180.0,
        "strID"     : "aa1a4709-d697-44d3-a61d-2d5c634fea4a",
        "bForceLoad" : false
      },
      {
        "strName" : "ItmFloorRYOF01",
        "fX"      : 1.0,
        "fY"      : -21.0,
        "fRotation" : 180.0,
        "strID"     : "037ebfe1-0b2a-45c8-a4e7-accf0499cb11",
        "bForceLoad" : false
      },
      {
        "strName" : "ItmRCSDistro02Off",
        "fX"      : 7.5,
        "fY"      : -27.5,
        "fRotation" : 90.0,
        "strID"     : "eb27e2f1-6f36-48a8-8556-720b8fdf71e2",
        "bForceLoad" : false
      },
      {
        "strName" : "ItmScrapAluminum",
        "fX"      : 7.0,
        "fY"      : -22.0,
        "fRotation" : 0.0,
        "strID"     : "8c61b9b1-8b06-4e26-8a58-829082c5af3b",
        "strParentID" : "0295710d-4a33-4937-bd5a-77d6f8b0114e",
        "bForceLoad"  : false
      },
      {
        "strName" : "ItmBattery02",
        "fX"      : 7.5,
        "fY"      : -23.5,
        "fRotation" : 90.0,
        "strID"     : "9d3e7c9b-f25b-4f66-8c40-64a2c89ec565",
        "bForceLoad" : false,
        "aGPMSettings" : [
          {
            "strName" : "Panel A",
            "dictGUIPropMap" : [
              "strGUIPrefab",
              "GUIMeter",
              "strFriendlyName",
              "Battery",
              "strGUIPrefabRight",
              null,
              "strGUIPrefabLeft",
              null,
              "strGUIPrefabUp",
              null,
              "strGUIPrefabDown",
              null,
              "strTitle",
              "Battery Charge",
              "strCond",
              "StatPower",
              "strInput01",
              "",
              "fMin",
              "0.0",
              "fMax",
              "80.96"
            ]
          }
        ]
      },
      {
        "strName" : "ItmScrapCarbonFiber",
        "fX"      : 7.0,
        "fY"      : -25.0,
        "fRotation" : 0.0,
        "strID"     : "adb28114-4be2-4f05-a415-f8c5cae91fc5",
        "strParentID" : "996b8fc0-5500-4e85-bdab-50749da6f5eb",
        "bForceLoad"  : false
      },
      {
        "strName" : "ItmRCSCluster01Off",
        "fX"      : 1.0,
        "fY"      : -22.0,
        "fRotation" : 90.0,
        "strID"     : "702b61a8-a03d-4107-965e-739d75ed52b7",
        "bForceLoad" : false
      },
      {
        "strName" : "ItmScrapAluminum",
        "fX"      : 7.0,
        "fY"      : -22.0,
        "fRotation" : 0.0,
        "strID"     : "d0ae001d-ca45-464f-ae96-b743a5c68bee",
        "strParentID" : "0295710d-4a33-4937-bd5a-77d6f8b0114e",
        "bForceLoad"  : false
      },
      {
        "strName" : "ItmFloorRYOF01",
        "fX"      : 9.0,
        "fY"      : -26.0,
        "fRotation" : 180.0,
        "strID"     : "c2a83d1f-476b-40af-8c73-140343f91b6f",
        "bForceLoad" : false
      },
      {
        "strName" : "ItmFloorRYOF01",
        "fX"      : 9.0,
        "fY"      : -25.0,
        "fRotation" : 180.0,
        "strID"     : "b6e50106-4ca3-47eb-84d9-29770f1079e9",
        "bForceLoad" : false
      },
      {
        "strName" : "ItmFloorRYOF01Dmg",
        "fX"      : 9.0,
        "fY"      : -24.0,
        "fRotation" : 180.0,
        "strID"     : "e51a5e8e-6b37-434d-8cfa-f77d7a434118",
        "bForceLoad" : false
      },
      {
        "strName" : "ItmFloorRYOF01Dmg",
        "fX"      : 9.0,
        "fY"      : -23.0,
        "fRotation" : 180.0,
        "strID"     : "efd3c54d-fe44-4966-a804-1fbf69dc38bc",
        "bForceLoad" : false
      },
      {
        "strName" : "ItmFloorRYOF01",
        "fX"      : 9.0,
        "fY"      : -22.0,
        "fRotation" : 180.0,
        "strID"     : "6b11a56e-bf6b-415a-8c99-43bbdbe09005",
        "bForceLoad" : false
      },
      {
        "strName" : "ItmFloorRYOF01",
        "fX"      : 9.0,
        "fY"      : -21.0,
        "fRotation" : 180.0,
        "strID"     : "1b647051-fc83-4f94-aed0-fe007ddc19d2",
        "bForceLoad" : false
      },
      {
        "strName" : "ItmPartsMechSmall01",
        "fX"      : 8.0,
        "fY"      : -25.0,
        "fRotation" : 0.0,
        "strID"     : "46819622-18ea-4420-af63-49feeadd0268",
        "strParentID" : "b28a66c8-47ff-4b8e-b551-6fcc750e478e",
        "bForceLoad"  : false
      },
      {
        "strName" : "ItmPartsMechSmall01",
        "fX"      : 8.0,
        "fY"      : -25.0,
        "fRotation" : 0.0,
        "strID"     : "b7567543-858d-4a32-83bc-6158b06645bc",
        "strParentID" : "b28a66c8-47ff-4b8e-b551-6fcc750e478e",
        "bForceLoad"  : false
      },
      {
        "strName" : "ItmPartsMechSmall01",
        "fX"      : 8.0,
        "fY"      : -25.0,
        "fRotation" : 0.0,
        "strID"     : "2cf8deff-3c2b-4463-916b-e49bfbbdf121",
        "strParentID" : "b28a66c8-47ff-4b8e-b551-6fcc750e478e",
        "bForceLoad"  : false
      },
      {
        "strName" : "ItmPartsMechSmall01",
        "fX"      : 8.0,
        "fY"      : -25.0,
        "fRotation" : 180.0,
        "strID"     : "b28a66c8-47ff-4b8e-b551-6fcc750e478e",
        "bForceLoad" : false
      },
      {
        "strName" : "ItmWallRYOB01",
        "fX"      : 1.0,
        "fY"      : -21.0,
        "fRotation" : 0.0,
        "strID"     : "406d1853-90a6-4828-9d33-9ee268b25615",
        "bForceLoad" : false
      },
      {
        "strName" : "ItmWallRYOB01",
        "fX"      : 2.0,
        "fY"      : -21.0,
        "fRotation" : 0.0,
        "strID"     : "f34b4ace-b050-418f-be74-bcae1cbc6713",
        "bForceLoad" : false
      },
      {
        "strName" : "ItmFloorRYOF01",
        "fX"      : 2.0,
        "fY"      : -21.0,
        "fRotation" : 180.0,
        "strID"     : "a23f43ef-c839-4489-97be-b16009eb2e37",
        "bForceLoad" : false
      },
      {
        "strName" : "ItmWallRYOB01",
        "fX"      : 9.0,
        "fY"      : -21.0,
        "fRotation" : 0.0,
        "strID"     : "56714e36-4de8-4779-ba8d-e5cdcca38598",
        "bForceLoad" : false
      },
      {
        "strName" : "ItmRCSCluster01Off",
        "fX"      : 1.0,
        "fY"      : -30.0,
        "fRotation" : 90.0,
        "strID"     : "9afcf691-c265-4734-9a6f-603fdaca0420",
        "bForceLoad" : false
      },
      {
        "strName" : "ItmWallRYOB01",
        "fX"      : 1.0,
        "fY"      : -22.0,
        "fRotation" : 0.0,
        "strID"     : "50f5a77d-10e7-4457-a623-fa9cd4ec3090",
        "bForceLoad" : false
      },
      {
        "strName" : "ItmConduit01",
        "fX"      : 1.0,
        "fY"      : -23.0,
        "fRotation" : 0.0,
        "strID"     : "92ed3683-5bb5-4675-bae2-dd4957048ed1",
        "bForceLoad" : false
      },
      {
        "strName" : "ItmSwitch01On",
        "fX"      : 6.0,
        "fY"      : -24.0,
        "fRotation" : 270.0,
        "strID"     : "c89d218d-700f-4f6e-bc80-f4bde717bef3",
        "bForceLoad" : false
      },
      {
        "strName" : "ItmConduit01",
        "fX"      : 8.0,
        "fY"      : -31.0,
        "fRotation" : 0.0,
        "strID"     : "af60fb9e-bc6a-4b76-9862-78a98e721b24",
        "bForceLoad" : false
      },
      {
        "strName" : "ItmConduit01",
        "fX"      : 8.0,
        "fY"      : -32.0,
        "fRotation" : 0.0,
        "strID"     : "40d8b172-1b4d-411e-9b2e-ef979bd68f7b",
        "bForceLoad" : false
      },
      {
        "strName" : "ItmConduit01",
        "fX"      : 9.0,
        "fY"      : -21.0,
        "fRotation" : 0.0,
        "strID"     : "cc89d67a-4d2c-446b-9f21-956c8949ce01",
        "bForceLoad" : false
      },
      {
        "strName" : "ItmConduit01Dmg",
        "fX"      : 9.0,
        "fY"      : -23.0,
        "fRotation" : 0.0,
        "strID"     : "3d7582c9-ce16-4ba9-bae6-1e81ffd057fe",
        "bForceLoad" : false
      },
      {
        "strName" : "ItmConduit01",
        "fX"      : 8.0,
        "fY"      : -33.0,
        "fRotation" : 0.0,
        "strID"     : "47ab9b76-57a7-4a85-b920-8c309090b8f3",
        "bForceLoad" : false
      },
      {
        "strName" : "ItmConduit01",
        "fX"      : 7.0,
        "fY"      : -33.0,
        "fRotation" : 0.0,
        "strID"     : "12c03054-748d-4597-bebd-9617cdc937e9",
        "bForceLoad" : false
      },
      {
        "strName" : "ItmConduit01",
        "fX"      : 6.0,
        "fY"      : -33.0,
        "fRotation" : 0.0,
        "strID"     : "1426e2d3-517b-49d1-8b34-333963554308",
        "bForceLoad" : false
      },
      {
        "strName" : "ItmWallRYOB01",
        "fX"      : 1.0,
        "fY"      : -23.0,
        "fRotation" : 0.0,
        "strID"     : "89339956-22c7-4371-8c76-e031de165262",
        "bForceLoad" : false
      },
      {
        "strName" : "ItmWallRYOB01",
        "fX"      : 1.0,
        "fY"      : -24.0,
        "fRotation" : 0.0,
        "strID"     : "56492271-7396-44ee-a298-20086070f6ef",
        "bForceLoad" : false
      },
      {
        "strName" : "ItmConduit01",
        "fX"      : 8.0,
        "fY"      : -25.0,
        "fRotation" : 0.0,
        "strID"     : "4dc0d6e6-1e78-42ad-8186-ea753f17ed10",
        "bForceLoad" : false
      },
      {
        "strName" : "ItmConduit01",
        "fX"      : 6.0,
        "fY"      : -25.0,
        "fRotation" : 0.0,
        "strID"     : "b7dfe3db-0227-4d8e-91cb-1f65a9b3ca51",
        "bForceLoad" : false
      },
      {
        "strName" : "ItmConduit01",
        "fX"      : 7.0,
        "fY"      : -25.0,
        "fRotation" : 0.0,
        "strID"     : "46f138e9-c9b2-4b59-9a21-347abdc1a975",
        "bForceLoad" : false
      },
      {
        "strName" : "ItmWallRYOB01",
        "fX"      : 1.0,
        "fY"      : -25.0,
        "fRotation" : 0.0,
        "strID"     : "da0a40d9-33ec-4594-a0b4-4dabe0df472f",
        "bForceLoad" : false
      },
      {
        "strName" : "ItmRTAN2",
        "fX"      : 7.0,
        "fY"      : -27.0,
        "fRotation" : 180.0,
        "strID"     : "d726b7d1-25cf-4037-9cea-43c70ff896f0",
        "bForceLoad" : false
      },
      {
        "strName" : "ItmRTAN2",
        "fX"      : 3.0,
        "fY"      : -27.0,
        "fRotation" : 180.0,
        "strID"     : "e706e641-02ef-4549-b5f1-2133ce1239ea",
        "bForceLoad" : false
      },
      {
        "strName" : "ItmConduit01",
        "fX"      : 1.0,
        "fY"      : -31.0,
        "fRotation" : 0.0,
        "strID"     : "ef336c3a-2398-4664-a932-a0565b3a0750",
        "bForceLoad" : false
      },
      {
        "strName" : "ItmConduit01",
        "fX"      : 2.0,
        "fY"      : -31.0,
        "fRotation" : 0.0,
        "strID"     : "de8e813b-b7ca-447e-8db0-d6cb7442aa7c",
        "bForceLoad" : false
      },
      {
        "strName" : "ItmConduit01",
        "fX"      : 8.0,
        "fY"      : -21.0,
        "fRotation" : 0.0,
        "strID"     : "d84a4568-2826-43a9-b6c9-ebc2428e4e1d",
        "bForceLoad" : false
      },
      {
        "strName" : "ItmConduit01",
        "fX"      : 5.0,
        "fY"      : -33.0,
        "fRotation" : 0.0,
        "strID"     : "e8fc354d-7748-46bc-98de-04940353ba6d",
        "bForceLoad" : false
      },
      {
        "strName" : "ItmConduit01",
        "fX"      : 7.0,
        "fY"      : -21.0,
        "fRotation" : 0.0,
        "strID"     : "a0900e2c-30aa-4818-907a-c0961fe978d7",
        "bForceLoad" : false
      },
      {
        "strName" : "ItmWallRYOB01Dmg",
        "fX"      : 9.0,
        "fY"      : -23.0,
        "fRotation" : 180.0,
        "strID"     : "145e033e-3f76-4492-8b9a-5c61cf019b69",
        "bForceLoad" : false
      },
      {
        "strName" : "ItmWallRYOB01",
        "fX"      : 9.0,
        "fY"      : -22.0,
        "fRotation" : 0.0,
        "strID"     : "e08c25fb-2316-4fdd-afc6-6d8996ef6e50",
        "bForceLoad" : false
      },
      {
        "strName" : "ItmConduit01",
        "fX"      : 2.0,
        "fY"      : -21.0,
        "fRotation" : 0.0,
        "strID"     : "9a33f8a4-2ca1-43e6-b8d8-c0356a2462d7",
        "bForceLoad" : false
      },
      {
        "strName" : "ItmConduit01Dmg",
        "fX"      : 2.0,
        "fY"      : -20.0,
        "fRotation" : 0.0,
        "strID"     : "e8a97234-b662-43e9-a2e5-69db89c18696",
        "bForceLoad" : false
      },
      {
        "strName" : "ItmConduit01",
        "fX"      : 1.0,
        "fY"      : -21.0,
        "fRotation" : 0.0,
        "strID"     : "40576e36-b263-408e-a596-d2419b9225ef",
        "bForceLoad" : false
      },
      {
        "strName" : "ItmConduit01",
        "fX"      : 4.0,
        "fY"      : -33.0,
        "fRotation" : 0.0,
        "strID"     : "0eeb6006-90b4-434d-8f05-d1b30d531299",
        "bForceLoad" : false
      },
      {
        "strName" : "ItmWallRYOB01",
        "fX"      : 2.0,
        "fY"      : -19.0,
        "fRotation" : 0.0,
        "strID"     : "307f4d06-5fcf-481f-8063-142a68e0dcb7",
        "bForceLoad" : false
      },
      {
        "strName" : "ItmWallRYOB01",
        "fX"      : 3.0,
        "fY"      : -19.0,
        "fRotation" : 0.0,
        "strID"     : "7aa600e1-6c7a-4def-a8e6-dbd52ddfabea",
        "bForceLoad" : false
      },
      {
        "strName" : "ItmWallRYOB01",
        "fX"      : 7.0,
        "fY"      : -19.0,
        "fRotation" : 0.0,
        "strID"     : "5a3e4d68-e937-4598-9ae1-be6e89cc510d",
        "bForceLoad" : false
      },
      {
        "strName" : "ItmWallRYOB01",
        "fX"      : 8.0,
        "fY"      : -19.0,
        "fRotation" : 0.0,
        "strID"     : "4691f739-d67a-42ea-842f-0c21d4f63261",
        "bForceLoad" : false
      },
      {
        "strName" : "ItmWallRYOB01Dmg",
        "fX"      : 9.0,
        "fY"      : -25.0,
        "fRotation" : 180.0,
        "strID"     : "712e8b0b-53de-4575-ad85-b58629f84856",
        "bForceLoad" : false
      },
      {
        "strName" : "ItmConduit01",
        "fX"      : 8.0,
        "fY"      : -20.0,
        "fRotation" : 0.0,
        "strID"     : "57f85918-8ad9-4a51-8960-8350cb10986d",
        "bForceLoad" : false
      },
      {
        "strName" : "ItmConduit01",
        "fX"      : 8.0,
        "fY"      : -19.0,
        "fRotation" : 0.0,
        "strID"     : "9c17a1a2-a848-4587-9b99-fb0fc76cdea1",
        "bForceLoad" : false
      },
      {
        "strName" : "ItmConduit01",
        "fX"      : 7.0,
        "fY"      : -19.0,
        "fRotation" : 0.0,
        "strID"     : "abfb7249-6420-427f-8745-ed59df52ca75",
        "bForceLoad" : false
      },
      {
        "strName" : "ItmConduit01",
        "fX"      : 2.0,
        "fY"      : -19.0,
        "fRotation" : 0.0,
        "strID"     : "21ed61a6-7e49-468f-a469-8efe148f3ba6",
        "bForceLoad" : false
      },
      {
        "strName" : "ItmConduit01",
        "fX"      : 3.0,
        "fY"      : -19.0,
        "fRotation" : 0.0,
        "strID"     : "7e101aff-ca12-44d3-af6d-41d1a215b5d7",
        "bForceLoad" : false
      },
      {
        "strName" : "ItmLitWall1x0Off",
        "fX"      : 6.0,
        "fY"      : -19.0,
        "fRotation" : 270.0,
        "strID"     : "28c5e168-290f-4c42-827c-975707a00a91",
        "bForceLoad" : false
      },
      {
        "strName" : "ItmScrapTrash",
        "fX"      : 8.0,
        "fY"      : -22.0,
        "fRotation" : 0.0,
        "strID"     : "a278f50a-3d2f-4f99-9f93-4b56760ed3bd",
        "strParentID" : "eb140150-2034-42b2-b6ff-c26aafa54f5e",
        "bForceLoad"  : false
      },
      {
        "strName" : "ItmScrapTrash",
        "fX"      : 8.0,
        "fY"      : -22.0,
        "fRotation" : 0.0,
        "strID"     : "31275c94-93d6-450e-90cf-83c8a3850838",
        "strParentID" : "eb140150-2034-42b2-b6ff-c26aafa54f5e",
        "bForceLoad"  : false
      },
      {
        "strName" : "ItmScrapTrash",
        "fX"      : 8.0,
        "fY"      : -22.0,
        "fRotation" : 180.0,
        "strID"     : "eb140150-2034-42b2-b6ff-c26aafa54f5e",
        "bForceLoad" : false
      },
      {
        "strName" : "ItmConduit01",
        "fX"      : 3.0,
        "fY"      : -33.0,
        "fRotation" : 0.0,
        "strID"     : "d0e42e98-3653-4008-ab55-5f167dba2152",
        "bForceLoad" : false
      },
      {
        "strName" : "ItmConduit01",
        "fX"      : 2.0,
        "fY"      : -33.0,
        "fRotation" : 0.0,
        "strID"     : "408f197d-0513-40ca-8cba-93bb8d9769ad",
        "bForceLoad" : false
      },
      {
        "strName" : "ItmConduit01",
        "fX"      : 2.0,
        "fY"      : -32.0,
        "fRotation" : 0.0,
        "strID"     : "7f35c8ce-da60-4cd2-839b-c5aefcdd8b51",
        "bForceLoad" : false
      },
      {
        "strName" : "ItmConduit01Dmg",
        "fX"      : 1.0,
        "fY"      : -30.0,
        "fRotation" : 0.0,
        "strID"     : "dcb037c2-a3a2-434a-b42b-a9661bb68b69",
        "bForceLoad" : false
      },
      {
        "strName" : "ItmWallRYOB01",
        "fX"      : 1.0,
        "fY"      : -26.0,
        "fRotation" : 0.0,
        "strID"     : "00c431f9-f0a6-4e89-b807-2cbaf1f68e4b",
        "bForceLoad" : false
      },
      {
        "strName" : "ItmWallRYOB01",
        "fX"      : 1.0,
        "fY"      : -27.0,
        "fRotation" : 0.0,
        "strID"     : "601d7e28-ab96-417a-8489-1142e20cd491",
        "bForceLoad" : false
      },
      {
        "strName" : "ItmWallRYOB01",
        "fX"      : 1.0,
        "fY"      : -28.0,
        "fRotation" : 0.0,
        "strID"     : "6a7a5d9e-be16-40ee-9011-4e7b379d824e",
        "bForceLoad" : false
      },
      {
        "strName" : "ItmWallRYOB01",
        "fX"      : 1.0,
        "fY"      : -29.0,
        "fRotation" : 0.0,
        "strID"     : "408984a3-c351-4a2e-b7bf-eb25adfd6e54",
        "bForceLoad" : false
      },
      {
        "strName" : "ItmWallRYOB01",
        "fX"      : 7.0,
        "fY"      : -33.0,
        "fRotation" : 0.0,
        "strID"     : "4a983dc7-7008-4fa7-a431-75f2752900d6",
        "bForceLoad" : false
      },
      {
        "strName" : "ItmWallRYOB01",
        "fX"      : 6.0,
        "fY"      : -33.0,
        "fRotation" : 0.0,
        "strID"     : "4c34937b-0c4e-477b-a330-28278d857a98",
        "bForceLoad" : false
      },
      {
        "strName" : "ItmFloorRYOF01",
        "fX"      : 9.0,
        "fY"      : -27.0,
        "fRotation" : 180.0,
        "strID"     : "6976ca39-305e-4b89-b8b0-8ffe9c434476",
        "bForceLoad" : false
      },
      {
        "strName" : "ItmFloorRYOF01",
        "fX"      : 1.0,
        "fY"      : -27.0,
        "fRotation" : 180.0,
        "strID"     : "d5030bc5-e3eb-4cdb-9e4e-f627639188fd",
        "bForceLoad" : false
      },
      {
        "strName" : "ItmFloorRYOF01",
        "fX"      : 1.0,
        "fY"      : -28.0,
        "fRotation" : 180.0,
        "strID"     : "11be3962-fca8-4cf4-932e-718d21a8c0df",
        "bForceLoad" : false
      },
      {
        "strName" : "ItmFloorRYOF01",
        "fX"      : 2.0,
        "fY"      : -28.0,
        "fRotation" : 180.0,
        "strID"     : "cd55c3f3-6313-4cd3-b84b-bdf7c0e00cb4",
        "bForceLoad" : false
      },
      {
        "strName" : "ItmFloorRYOF01",
        "fX"      : 3.0,
        "fY"      : -28.0,
        "fRotation" : 180.0,
        "strID"     : "0150615f-f8d3-4dcd-9f46-753e51550183",
        "bForceLoad" : false
      },
      {
        "strName" : "ItmFloorRYOF01",
        "fX"      : 4.0,
        "fY"      : -28.0,
        "fRotation" : 180.0,
        "strID"     : "ac659f4e-4d6d-4c6d-a686-35f11eb64edf",
        "bForceLoad" : false
      },
      {
        "strName" : "ItmFloorRYOF01",
        "fX"      : 5.0,
        "fY"      : -28.0,
        "fRotation" : 180.0,
        "strID"     : "e06b8386-0168-4dcf-b3ec-aa4652293aa3",
        "bForceLoad" : false
      },
      {
        "strName" : "ItmFloorRYOF01",
        "fX"      : 6.0,
        "fY"      : -28.0,
        "fRotation" : 180.0,
        "strID"     : "66d923a7-d90b-4ca0-8adb-b03a7bd02f14",
        "bForceLoad" : false
      },
      {
        "strName" : "ItmFloorRYOF01",
        "fX"      : 7.0,
        "fY"      : -28.0,
        "fRotation" : 180.0,
        "strID"     : "834923e8-b187-4f2a-80f1-31962b1bb388",
        "bForceLoad" : false
      },
      {
        "strName" : "ItmFloorRYOF01",
        "fX"      : 8.0,
        "fY"      : -28.0,
        "fRotation" : 180.0,
        "strID"     : "31407db9-07e6-4a3e-a9d4-c3d4bbbb9d12",
        "bForceLoad" : false
      },
      {
        "strName" : "ItmFloorRYOF01",
        "fX"      : 9.0,
        "fY"      : -28.0,
        "fRotation" : 180.0,
        "strID"     : "f942dc09-004d-4b5a-8c33-e8b2fd718d49",
        "bForceLoad" : false
      },
      {
        "strName" : "ItmFloorRYOF01",
        "fX"      : 9.0,
        "fY"      : -29.0,
        "fRotation" : 180.0,
        "strID"     : "a9cab6ee-ff53-4865-8f29-3dda335468a7",
        "bForceLoad" : false
      },
      {
        "strName" : "ItmFloorRYOF01",
        "fX"      : 9.0,
        "fY"      : -30.0,
        "fRotation" : 180.0,
        "strID"     : "7dae41f5-e573-45f0-acc2-d53fb15e5986",
        "bForceLoad" : false
      },
      {
        "strName" : "ItmFloorRYOF01",
        "fX"      : 9.0,
        "fY"      : -31.0,
        "fRotation" : 180.0,
        "strID"     : "2b622e3e-a417-45b0-a937-491861c770e0",
        "bForceLoad" : false
      },
      {
        "strName" : "ItmConduit01",
        "fX"      : 1.0,
        "fY"      : -29.0,
        "fRotation" : 0.0,
        "strID"     : "7cd7f7fb-dde0-40b0-998d-f9df17293ed6",
        "bForceLoad" : false
      },
      {
        "strName" : "ItmConduit01",
        "fX"      : 1.0,
        "fY"      : -28.0,
        "fRotation" : 0.0,
        "strID"     : "b310fe8b-784a-4e0d-b1f6-a7e43272fa99",
        "bForceLoad" : false
      },
      {
        "strName" : "ItmConduit01",
        "fX"      : 1.0,
        "fY"      : -27.0,
        "fRotation" : 0.0,
        "strID"     : "860c4c49-d0ed-4863-bf2a-be4d8945841c",
        "bForceLoad" : false
      },
      {
        "strName" : "ItmConduit01",
        "fX"      : 1.0,
        "fY"      : -26.0,
        "fRotation" : 0.0,
        "strID"     : "32b2c014-ba90-4b66-adb8-fe6d7aa511f9",
        "bForceLoad" : false
      },
      {
        "strName" : "ItmConduit01",
        "fX"      : 1.0,
        "fY"      : -25.0,
        "fRotation" : 0.0,
        "strID"     : "609bdc9a-ccdd-4d5e-9edb-3a45d9ff3647",
        "bForceLoad" : false
      },
      {
        "strName" : "ItmConduit01",
        "fX"      : 1.0,
        "fY"      : -24.0,
        "fRotation" : 0.0,
        "strID"     : "ca570f83-0ff2-475c-8c93-5d85758a1ecc",
        "bForceLoad" : false
      },
      {
        "strName" : "ItmConduit01",
        "fX"      : 1.0,
        "fY"      : -22.0,
        "fRotation" : 0.0,
        "strID"     : "7cd6cc56-33c1-4c27-968f-d754cbc7f871",
        "bForceLoad" : false
      },
      {
        "strName" : "ItmConduit01",
        "fX"      : 9.0,
        "fY"      : -30.0,
        "fRotation" : 0.0,
        "strID"     : "4321a834-3d93-4124-affe-ac168dc39e6b",
        "bForceLoad" : false
      },
      {
        "strName" : "ItmConduit01",
        "fX"      : 9.0,
        "fY"      : -29.0,
        "fRotation" : 0.0,
        "strID"     : "d7e7fc20-7386-47fc-89f2-fedee1474818",
        "bForceLoad" : false
      },
      {
        "strName" : "ItmConduit01",
        "fX"      : 9.0,
        "fY"      : -28.0,
        "fRotation" : 0.0,
        "strID"     : "17289db2-d953-4e55-88d9-bcba004b8e25",
        "bForceLoad" : false
      },
      {
        "strName" : "ItmConduit01",
        "fX"      : 9.0,
        "fY"      : -27.0,
        "fRotation" : 0.0,
        "strID"     : "c8f19598-72d0-4e31-b413-367bd41af415",
        "bForceLoad" : false
      },
      {
        "strName" : "ItmWallRYOB01",
        "fX"      : 8.0,
        "fY"      : -33.0,
        "fRotation" : 0.0,
        "strID"     : "25ae36fb-96be-4bc4-a0ad-9c9d64258b11",
        "bForceLoad" : false
      },
      {
        "strName" : "ItmWallRYOB01",
        "fX"      : 8.0,
        "fY"      : -32.0,
        "fRotation" : 0.0,
        "strID"     : "bf9e6fd1-37c6-4908-8709-b999cd106e22",
        "bForceLoad" : false
      },
      {
        "strName" : "ItmWallRYOB01Dmg",
        "fX"      : 1.0,
        "fY"      : -30.0,
        "fRotation" : 180.0,
        "strID"     : "8d015d58-9b67-4f58-8752-9bff9af1c213",
        "bForceLoad" : false
      },
      {
        "strName" : "ItmWallRYOB01",
        "fX"      : 9.0,
        "fY"      : -30.0,
        "fRotation" : 0.0,
        "strID"     : "e3d45d69-4790-4a1a-8184-1d45e70f24c4",
        "bForceLoad" : false
      },
      {
        "strName" : "ItmWallRYOB01",
        "fX"      : 9.0,
        "fY"      : -29.0,
        "fRotation" : 0.0,
        "strID"     : "f358e8d6-f092-4198-a0e2-550e0f5b3c7f",
        "bForceLoad" : false
      },
      {
        "strName" : "ItmWallRYOB01",
        "fX"      : 9.0,
        "fY"      : -28.0,
        "fRotation" : 0.0,
        "strID"     : "a938fd3d-5ed2-4e0f-a853-03f749da358a",
        "bForceLoad" : false
      },
      {
        "strName" : "ItmWallRYOB01",
        "fX"      : 9.0,
        "fY"      : -27.0,
        "fRotation" : 0.0,
        "strID"     : "6ff80e44-8208-4ae9-900f-19ae9b1796c0",
        "bForceLoad" : false
      },
      {
        "strName" : "ItmWallRYOB01",
        "fX"      : 9.0,
        "fY"      : -26.0,
        "fRotation" : 0.0,
        "strID"     : "5a99c12f-2ea1-4bdc-a086-62b2de9d0958",
        "bForceLoad" : false
      },
      {
        "strName" : "ItmFloorRYOF01Dmg",
        "fX"      : 2.0,
        "fY"      : -20.0,
        "fRotation" : 180.0,
        "strID"     : "130709eb-cd46-4896-957f-a759a796eb6d",
        "bForceLoad" : false
      },
      {
        "strName" : "ItmFloorRYOF01",
        "fX"      : 2.0,
        "fY"      : -19.0,
        "fRotation" : 180.0,
        "strID"     : "bbc47213-e643-4358-909d-3a4483edd824",
        "bForceLoad" : false
      },
      {
        "strName" : "ItmFloorRYOF01",
        "fX"      : 3.0,
        "fY"      : -19.0,
        "fRotation" : 180.0,
        "strID"     : "9ca226c8-100c-4259-80ef-70422218eeeb",
        "bForceLoad" : false
      },
      {
        "strName" : "ItmFloorRYOF01",
        "fX"      : 7.0,
        "fY"      : -19.0,
        "fRotation" : 180.0,
        "strID"     : "b829b5ba-e692-4600-b378-ce9d6ab0906a",
        "bForceLoad" : false
      },
      {
        "strName" : "ItmFloorRYOF01",
        "fX"      : 8.0,
        "fY"      : -19.0,
        "fRotation" : 180.0,
        "strID"     : "4fe0a723-7f6b-4131-9aa1-643d26d607eb",
        "bForceLoad" : false
      },
      {
        "strName" : "ItmFloorRYOF01",
        "fX"      : 8.0,
        "fY"      : -20.0,
        "fRotation" : 180.0,
        "strID"     : "80f92142-3175-42b8-bf23-ee4f061e27db",
        "bForceLoad" : false
      },
      {
        "strName" : "ItmFloorRYOF01",
        "fX"      : 8.0,
        "fY"      : -33.0,
        "fRotation" : 180.0,
        "strID"     : "f771e866-5a2c-4b32-a0be-3dfe82ac4fea",
        "bForceLoad" : false
      },
      {
        "strName" : "ItmFloorRYOF01",
        "fX"      : 8.0,
        "fY"      : -32.0,
        "fRotation" : 180.0,
        "strID"     : "b021d6b1-1e70-4738-99e2-65fa859517a3",
        "bForceLoad" : false
      },
      {
        "strName" : "ItmFloorRYOF01",
        "fX"      : 8.0,
        "fY"      : -31.0,
        "fRotation" : 180.0,
        "strID"     : "ae9c2f07-eba1-4e48-a4a1-8ec5a6130303",
        "bForceLoad" : false
      },
      {
        "strName" : "ItmFloorRYOF01",
        "fX"      : 8.0,
        "fY"      : -30.0,
        "fRotation" : 180.0,
        "strID"     : "ab05a715-e53c-49b7-8f0c-3c6f91bde728",
        "bForceLoad" : false
      },
      {
        "strName" : "ItmFloorRYOF01",
        "fX"      : 8.0,
        "fY"      : -29.0,
        "fRotation" : 180.0,
        "strID"     : "ef67a6c4-5b1b-4aea-8bc6-0a63639d2fc3",
        "bForceLoad" : false
      },
      {
        "strName" : "ItmFloorRYOF01",
        "fX"      : 7.0,
        "fY"      : -29.0,
        "fRotation" : 180.0,
        "strID"     : "921106f0-1c45-46ce-9709-eb5291ce4829",
        "bForceLoad" : false
      },
      {
        "strName" : "ItmFloorRYOF01",
        "fX"      : 7.0,
        "fY"      : -30.0,
        "fRotation" : 180.0,
        "strID"     : "80433985-e0ea-4bfa-b219-2c042e65b9c8",
        "bForceLoad" : false
      },
      {
        "strName" : "ItmFloorRYOF01",
        "fX"      : 7.0,
        "fY"      : -31.0,
        "fRotation" : 180.0,
        "strID"     : "62f4ca8f-091f-46ba-9d53-605b953c0374",
        "bForceLoad" : false
      },
      {
        "strName" : "ItmFloorRYOF01",
        "fX"      : 7.0,
        "fY"      : -32.0,
        "fRotation" : 180.0,
        "strID"     : "1cee30ec-1ef2-4170-a42a-ab7fbf0bab0f",
        "bForceLoad" : false
      },
      {
        "strName" : "ItmFloorRYOF01",
        "fX"      : 7.0,
        "fY"      : -33.0,
        "fRotation" : 180.0,
        "strID"     : "f9496234-80d3-42cd-990f-321fd5f2bb2c",
        "bForceLoad" : false
      },
      {
        "strName" : "ItmFloorRYOF01",
        "fX"      : 6.0,
        "fY"      : -33.0,
        "fRotation" : 180.0,
        "strID"     : "ff0c703d-c681-4216-bbd0-21a5ca3cb2b5",
        "bForceLoad" : false
      },
      {
        "strName" : "ItmFloorRYOF01",
        "fX"      : 6.0,
        "fY"      : -32.0,
        "fRotation" : 180.0,
        "strID"     : "bd5e920a-080f-4f57-8e23-e24a1728caa9",
        "bForceLoad" : false
      },
      {
        "strName" : "ItmFloorRYOF01",
        "fX"      : 6.0,
        "fY"      : -31.0,
        "fRotation" : 180.0,
        "strID"     : "04da2944-b325-4af4-bba9-9f63ef8613f0",
        "bForceLoad" : false
      },
      {
        "strName" : "ItmFloorRYOF01",
        "fX"      : 6.0,
        "fY"      : -30.0,
        "fRotation" : 180.0,
        "strID"     : "f018a510-af36-454c-aa40-ecc64110ed5c",
        "bForceLoad" : false
      },
      {
        "strName" : "ItmFloorRYOF01",
        "fX"      : 6.0,
        "fY"      : -29.0,
        "fRotation" : 180.0,
        "strID"     : "eaa22866-88ec-48e7-8782-8219abc69d9f",
        "bForceLoad" : false
      },
      {
        "strName" : "ItmFloorRYOF01",
        "fX"      : 5.0,
        "fY"      : -29.0,
        "fRotation" : 180.0,
        "strID"     : "e7cfb708-0972-48d5-b5fe-4b2c52909ae7",
        "bForceLoad" : false
      },
      {
        "strName" : "ItmFloorRYOF01",
        "fX"      : 5.0,
        "fY"      : -30.0,
        "fRotation" : 180.0,
        "strID"     : "4341ec2a-7878-4313-8254-54880dea94ac",
        "bForceLoad" : false
      },
      {
        "strName" : "ItmFloorRYOF01",
        "fX"      : 5.0,
        "fY"      : -31.0,
        "fRotation" : 180.0,
        "strID"     : "802b27c2-bad0-49e0-ae89-97ab96045b02",
        "bForceLoad" : false
      },
      {
        "strName" : "ItmFloorRYOF01",
        "fX"      : 5.0,
        "fY"      : -32.0,
        "fRotation" : 180.0,
        "strID"     : "46e19198-4016-4c23-a913-c7ff1c9bbe3f",
        "bForceLoad" : false
      },
      {
        "strName" : "ItmFloorRYOF01",
        "fX"      : 5.0,
        "fY"      : -33.0,
        "fRotation" : 180.0,
        "strID"     : "c667519d-d57c-4e5c-b077-6f0887f2c9a6",
        "bForceLoad" : false
      },
      {
        "strName" : "ItmFloorRYOF01",
        "fX"      : 4.0,
        "fY"      : -33.0,
        "fRotation" : 180.0,
        "strID"     : "dd2b9382-28c9-4f50-ab40-ad1d29cc8b81",
        "bForceLoad" : false
      },
      {
        "strName" : "ItmFloorRYOF01",
        "fX"      : 4.0,
        "fY"      : -32.0,
        "fRotation" : 180.0,
        "strID"     : "535583bf-c7b5-449c-bbfc-29bb9c36f732",
        "bForceLoad" : false
      },
      {
        "strName" : "ItmFloorRYOF01",
        "fX"      : 4.0,
        "fY"      : -31.0,
        "fRotation" : 180.0,
        "strID"     : "917d5e6e-2310-4558-9977-0e81e4497f5c",
        "bForceLoad" : false
      },
      {
        "strName" : "ItmFloorRYOF01",
        "fX"      : 4.0,
        "fY"      : -30.0,
        "fRotation" : 180.0,
        "strID"     : "624a767f-6ac8-48f4-b76b-1e3e9df3c7a1",
        "bForceLoad" : false
      },
      {
        "strName" : "ItmFloorRYOF01",
        "fX"      : 4.0,
        "fY"      : -29.0,
        "fRotation" : 180.0,
        "strID"     : "94a5fcba-180b-42fa-8572-5ee485eb083b",
        "bForceLoad" : false
      },
      {
        "strName" : "ItmFloorRYOF01",
        "fX"      : 3.0,
        "fY"      : -29.0,
        "fRotation" : 180.0,
        "strID"     : "b1a98861-de75-4746-a75c-783eff18e365",
        "bForceLoad" : false
      },
      {
        "strName" : "ItmFloorRYOF01",
        "fX"      : 3.0,
        "fY"      : -30.0,
        "fRotation" : 180.0,
        "strID"     : "0061f145-dd73-470d-8368-382b6cc8a70e",
        "bForceLoad" : false
      },
      {
        "strName" : "ItmFloorRYOF01",
        "fX"      : 3.0,
        "fY"      : -31.0,
        "fRotation" : 180.0,
        "strID"     : "4d3a1682-4360-464c-9121-6c72917a80ed",
        "bForceLoad" : false
      },
      {
        "strName" : "ItmFloorRYOF01",
        "fX"      : 3.0,
        "fY"      : -32.0,
        "fRotation" : 180.0,
        "strID"     : "bcee2659-41d0-4d79-8e05-f4117ae5b4fd",
        "bForceLoad" : false
      },
      {
        "strName" : "ItmFloorRYOF01",
        "fX"      : 3.0,
        "fY"      : -33.0,
        "fRotation" : 180.0,
        "strID"     : "e3e06087-cd1f-4d69-843f-dde51031688d",
        "bForceLoad" : false
      },
      {
        "strName" : "ItmWallRYOB01Loose",
        "fX"      : 3.0,
        "fY"      : -25.0,
        "fRotation" : 180.0,
        "strID"     : "b3d06f5d-f0e4-488b-a023-f6124cfac976",
        "bForceLoad" : false
      },
      {
        "strName" : "ItmScrapCarbonFiber",
        "fX"      : 7.0,
        "fY"      : -25.0,
        "fRotation" : 0.0,
        "strID"     : "cfc4530e-dd67-4e5f-81c3-ca95cd9d9ecb",
        "strParentID" : "996b8fc0-5500-4e85-bdab-50749da6f5eb",
        "bForceLoad"  : false
      },
      {
        "strName" : "ItmScrapAluminum",
        "fX"      : 7.0,
        "fY"      : -22.0,
        "fRotation" : 0.0,
        "strID"     : "3738ba44-ab5a-474e-ae87-da0efb9f4a60",
        "strParentID" : "0295710d-4a33-4937-bd5a-77d6f8b0114e",
        "bForceLoad"  : false
      },
      {
        "strName" : "ItmWallRYOB01",
        "fX"      : 1.0,
        "fY"      : -31.0,
        "fRotation" : 0.0,
        "strID"     : "0a5288c0-862c-4020-9f60-397a833ea572",
        "bForceLoad" : false
      },
      {
        "strName" : "ItmWallRYOB01",
        "fX"      : 2.0,
        "fY"      : -31.0,
        "fRotation" : 0.0,
        "strID"     : "2d5797b3-c4b2-4a1f-aa3e-cb986796bf12",
        "bForceLoad" : false
      },
      {
        "strName" : "ItmWallRYOB01",
        "fX"      : 2.0,
        "fY"      : -32.0,
        "fRotation" : 0.0,
        "strID"     : "70d809fb-1b87-4edb-ba51-067267d966a5",
        "bForceLoad" : false
      },
      {
        "strName" : "ItmFloorRYOF01",
        "fX"      : 2.0,
        "fY"      : -33.0,
        "fRotation" : 180.0,
        "strID"     : "c218e164-10c3-4b7f-8bb4-75a128d4af1c",
        "bForceLoad" : false
      },
      {
        "strName" : "ItmFloorRYOF01",
        "fX"      : 2.0,
        "fY"      : -32.0,
        "fRotation" : 180.0,
        "strID"     : "ab5a74b1-475e-4abb-9afd-7852970c87fb",
        "bForceLoad" : false
      },
      {
        "strName" : "ItmFloorRYOF01",
        "fX"      : 2.0,
        "fY"      : -31.0,
        "fRotation" : 180.0,
        "strID"     : "7ebe202f-7cb0-415b-ac2c-81f69fbbd6e1",
        "bForceLoad" : false
      },
      {
        "strName" : "ItmFloorRYOF01Dmg",
        "fX"      : 2.0,
        "fY"      : -30.0,
        "fRotation" : 180.0,
        "strID"     : "d2fae5a0-0ed7-40d0-8520-36a99e5b0553",
        "bForceLoad" : false
      },
      {
        "strName" : "ItmFloorRYOF01",
        "fX"      : 2.0,
        "fY"      : -29.0,
        "fRotation" : 180.0,
        "strID"     : "49334da9-ddc2-4da4-a823-0e9bf7b8ece5",
        "bForceLoad" : false
      },
      {
        "strName" : "ItmFloorRYOF01",
        "fX"      : 1.0,
        "fY"      : -29.0,
        "fRotation" : 180.0,
        "strID"     : "52268694-d38c-4bc6-b4ef-784a889ca926",
        "bForceLoad" : false
      },
      {
        "strName" : "ItmFloorRYOF01Dmg",
        "fX"      : 1.0,
        "fY"      : -30.0,
        "fRotation" : 180.0,
        "strID"     : "c0e366f7-196c-4cb1-9bf3-ecb1391859ab",
        "bForceLoad" : false
      },
      {
        "strName" : "ItmFloorRYOF01",
        "fX"      : 1.0,
        "fY"      : -31.0,
        "fRotation" : 180.0,
        "strID"     : "64cd6e66-c5fe-47a6-843e-a6805497e1c5",
        "bForceLoad" : false
      },
      {
        "strName" : "ItmWallRYOB01",
        "fX"      : 8.0,
        "fY"      : -31.0,
        "fRotation" : 0.0,
        "strID"     : "d89d844d-9724-457a-9c28-b6139ad38daf",
        "bForceLoad" : false
      },
      {
        "strName" : "ItmWallRYOB01",
        "fX"      : 9.0,
        "fY"      : -31.0,
        "fRotation" : 0.0,
        "strID"     : "6f152e50-c3ac-4cce-a644-4d9470e952b6",
        "bForceLoad" : false
      },
      {
        "strName" : "ItmWallRYOB01",
        "fX"      : 2.0,
        "fY"      : -33.0,
        "fRotation" : 0.0,
        "strID"     : "e5253307-144a-4134-86fd-8b7f8fc4a7cb",
        "bForceLoad" : false
      },
      {
        "strName" : "ItmWallRYOB01",
        "fX"      : 3.0,
        "fY"      : -33.0,
        "fRotation" : 0.0,
        "strID"     : "203b53fa-0a79-4ea3-87e3-3dfbd9d86091",
        "bForceLoad" : false
      },
      {
        "strName" : "ItmWallRYOB01",
        "fX"      : 4.0,
        "fY"      : -33.0,
        "fRotation" : 0.0,
        "strID"     : "843becbf-aa34-4c98-b32c-4e4be4ebc218",
        "bForceLoad" : false
      },
      {
        "strName" : "ItmWallRYOB01",
        "fX"      : 5.0,
        "fY"      : -33.0,
        "fRotation" : 0.0,
        "strID"     : "3a7a853a-bb5e-4d76-84d8-7eb13452de3c",
        "bForceLoad" : false
      },
      {
        "strName" : "ItmDocumentOgiso01",
        "fX"      : 2.0,
        "fY"      : -28.0,
        "fRotation" : 90.0,
        "strID"     : "27982dc6-b786-4831-9344-186ad3a2d328",
        "bForceLoad" : false,
        "aGPMSettings" : [
          {
            "strName" : "Panel OneSheet",
            "dictGUIPropMap" : [
              "strGUIPrefab",
              "GUIOneSheet",
              "strFriendlyName",
              "Ogiso's Register Work Safety",
              "strGUIPrefabRight",
              null,
              "strGUIPrefabLeft",
              null,
              "strGUIPrefabUp",
              null,
              "strGUIPrefabDown",
              null,
              "strPNG",
              "manuals/Ogiso's Register Work Safety Poster/000.png"
            ]
          },
          {
            "strName" : "Panel A",
            "dictGUIPropMap" : [
              "strGUIPrefab",
              "GUIOneSheet",
              "strFriendlyName",
              "Ogiso's Register Work Safety",
              "strGUIPrefabRight",
              null,
              "strGUIPrefabLeft",
              null,
              "strGUIPrefabUp",
              null,
              "strGUIPrefabDown",
              null,
              "strPNG",
              "manuals/Ogiso's Register Work Safety Poster/000.png"
            ]
          }
        ]
      },
      {
        "strName" : "ItmWallRYOB01Loose",
        "fX"      : 4.0,
        "fY"      : -26.0,
        "fRotation" : 180.0,
        "strID"     : "e696c3be-72fb-41f6-8e38-a6f172ceaad1",
        "bForceLoad" : false
      },
      {
        "strName" : "ItmWallRYOB01Loose",
        "fX"      : 3.0,
        "fY"      : -26.0,
        "fRotation" : 180.0,
        "strID"     : "2971c21f-b436-4a03-aa66-20e01230d362",
        "bForceLoad" : false
      },
      {
        "strName" : "ItmWallRYOB01Loose",
        "fX"      : 4.0,
        "fY"      : -27.0,
        "fRotation" : 180.0,
        "strID"     : "89e2f3bb-0d38-4742-91a2-764c42b53063",
        "bForceLoad" : false
      },
      {
        "strName" : "ItmWallRYOB01Loose",
        "fX"      : 4.0,
        "fY"      : -25.0,
        "fRotation" : 180.0,
        "strID"     : "ffb74a1c-f8e3-48c0-8d43-b1b773eded90",
        "bForceLoad" : false
      },
      {
        "strName" : "ItmWallRYOB01Loose",
        "fX"      : 2.0,
        "fY"      : -25.0,
        "fRotation" : 180.0,
        "strID"     : "d265a806-044f-4c67-939a-f1fc7d62ac8b",
        "bForceLoad" : false
      },
      {
        "strName" : "ItmScrapTrash",
        "fX"      : 6.0,
        "fY"      : -23.0,
        "fRotation" : 180.0,
        "strID"     : "e9e228cc-3a72-4ed9-9e56-74bf6d0da467",
        "bForceLoad" : false
      },
      {
        "strName" : "ItmPartsMechSmall01",
        "fX"      : 7.0,
        "fY"      : -26.0,
        "fRotation" : 0.0,
        "strID"     : "39d116f1-60b7-4e6d-89d2-fa98d830361a",
        "strParentID" : "0ad6be46-3bd0-4b4c-a115-b258e559355e",
        "bForceLoad"  : false
      },
      {
        "strName" : "ItmPartsMechSmall01",
        "fX"      : 7.0,
        "fY"      : -26.0,
        "fRotation" : 0.0,
        "strID"     : "146f5185-7c30-44a1-9e73-72766babcc70",
        "strParentID" : "0ad6be46-3bd0-4b4c-a115-b258e559355e",
        "bForceLoad"  : false
      },
      {
        "strName" : "ItmScrapAluminum",
        "fX"      : 7.0,
        "fY"      : -22.0,
        "fRotation" : 0.0,
        "strID"     : "7ba688f1-d13c-42e8-8ef0-9e1269eafff5",
        "strParentID" : "0295710d-4a33-4937-bd5a-77d6f8b0114e",
        "bForceLoad"  : false
      },
      {
        "strName" : "ItmScrapCarbonFiber",
        "fX"      : 7.0,
        "fY"      : -25.0,
        "fRotation" : 0.0,
        "strID"     : "e7f20d90-963b-47d3-8760-15c5d26caa9a",
        "strParentID" : "996b8fc0-5500-4e85-bdab-50749da6f5eb",
        "bForceLoad"  : false
      },
      {
        "strName" : "ItmScrapTrash",
        "fX"      : 8.0,
        "fY"      : -26.0,
        "fRotation" : 0.0,
        "strID"     : "85bd91ad-96c3-4a00-b3ba-bc5b6f59d1c3",
        "strParentID" : "28649309-ac7d-4143-bc4a-3df4050ea7af",
        "bForceLoad"  : false
      },
      {
        "strName" : "ItmScrapTrash",
        "fX"      : 8.0,
        "fY"      : -26.0,
        "fRotation" : 0.0,
        "strID"     : "6b057dfc-2672-4698-a70f-929c3556b284",
        "strParentID" : "28649309-ac7d-4143-bc4a-3df4050ea7af",
        "bForceLoad"  : false
      },
      {
        "strName" : "ItmScrapAluminum",
        "fX"      : 7.0,
        "fY"      : -22.0,
        "fRotation" : 180.0,
        "strID"     : "0295710d-4a33-4937-bd5a-77d6f8b0114e",
        "bForceLoad" : false
      },
      {
        "strName" : "ItmScrapCarbonFiber",
        "fX"      : 7.0,
        "fY"      : -25.0,
        "fRotation" : 0.0,
        "strID"     : "61b8de52-7886-406a-943b-6b2bdd9ac632",
        "strParentID" : "996b8fc0-5500-4e85-bdab-50749da6f5eb",
        "bForceLoad"  : false
      },
      {
        "strName" : "ItmScrapTrash",
        "fX"      : 8.0,
        "fY"      : -26.0,
        "fRotation" : 180.0,
        "strID"     : "28649309-ac7d-4143-bc4a-3df4050ea7af",
        "bForceLoad" : false
      },
      {
        "strName" : "ItmPartsMechSmall01",
        "fX"      : 7.0,
        "fY"      : -26.0,
        "fRotation" : 0.0,
        "strID"     : "28d33928-6d27-4c95-a39c-4ada6c6c1f9a",
        "strParentID" : "0ad6be46-3bd0-4b4c-a115-b258e559355e",
        "bForceLoad"  : false
      },
      {
        "strName" : "ItmPartsMechSmall01",
        "fX"      : 7.0,
        "fY"      : -26.0,
        "fRotation" : 0.0,
        "strID"     : "307ecf49-0ca5-4fef-83a8-83b19fa6ee8c",
        "strParentID" : "0ad6be46-3bd0-4b4c-a115-b258e559355e",
        "bForceLoad"  : false
      },
      {
        "strName" : "ItmPartsMechSmall01",
        "fX"      : 7.0,
        "fY"      : -26.0,
        "fRotation" : 180.0,
        "strID"     : "0ad6be46-3bd0-4b4c-a115-b258e559355e",
        "bForceLoad" : false
      },
      {
        "strName" : "ItmScrapCarbonFiber",
        "fX"      : 7.0,
        "fY"      : -25.0,
        "fRotation" : 180.0,
        "strID"     : "996b8fc0-5500-4e85-bdab-50749da6f5eb",
        "bForceLoad" : false
      },
      {
        "strName" : "ItmPartsMechSmall01",
        "fX"      : 3.0,
        "fY"      : -29.0,
        "fRotation" : 0.0,
        "strID"     : "57e9afe9-66b1-4a3e-ba76-70529e7c2f5f",
        "strParentID" : "7200d6ca-238e-4b39-aeb1-b47041fecbc0",
        "bForceLoad"  : false
      },
      {
        "strName" : "ItmPartsMechSmall01",
        "fX"      : 3.0,
        "fY"      : -29.0,
        "fRotation" : 0.0,
        "strID"     : "56bc6903-8ead-4e77-92b7-50084be3dd85",
        "strParentID" : "7200d6ca-238e-4b39-aeb1-b47041fecbc0",
        "bForceLoad"  : false
      },
      {
        "strName" : "ItmPartsMechSmall01",
        "fX"      : 3.0,
        "fY"      : -29.0,
        "fRotation" : 0.0,
        "strID"     : "dedaae26-a782-458a-974e-8c4892a46bab",
        "strParentID" : "7200d6ca-238e-4b39-aeb1-b47041fecbc0",
        "bForceLoad"  : false
      },
      {
        "strName" : "ItmScrapAluminum",
        "fX"      : 2.0,
        "fY"      : -28.0,
        "fRotation" : 0.0,
        "strID"     : "6971227a-ec9c-4d5b-b394-57666833b249",
        "strParentID" : "26d76999-d78b-4a23-95c4-bf4ff405a328",
        "bForceLoad"  : false
      },
      {
        "strName" : "ItmScrapCarbonFiber",
        "fX"      : 3.0,
        "fY"      : -30.0,
        "fRotation" : 0.0,
        "strID"     : "c5f4f5da-2e53-4fa2-89a5-fd3c5986f8b4",
        "strParentID" : "72a70211-42bc-4309-9bc7-8936d2fe4a17",
        "bForceLoad"  : false
      },
      {
        "strName" : "ItmScrapTrash",
        "fX"      : 3.0,
        "fY"      : -32.0,
        "fRotation" : 0.0,
        "strID"     : "4f078e96-d4cb-4269-b015-c784bab95645",
        "strParentID" : "f1f616ac-928c-47c6-a709-fc8b30bb1182",
        "bForceLoad"  : false
      },
      {
        "strName" : "ItmScrapTrash",
        "fX"      : 3.0,
        "fY"      : -32.0,
        "fRotation" : 0.0,
        "strID"     : "cc99eefa-56ee-4ad1-b596-0fb749a46fc1",
        "strParentID" : "f1f616ac-928c-47c6-a709-fc8b30bb1182",
        "bForceLoad"  : false
      },
      {
        "strName" : "ItmPartsMechSmall01",
        "fX"      : 3.0,
        "fY"      : -29.0,
        "fRotation" : 0.0,
        "strID"     : "8c396707-120d-42f9-ac8b-4726d1631323",
        "strParentID" : "7200d6ca-238e-4b39-aeb1-b47041fecbc0",
        "bForceLoad"  : false
      },
      {
        "strName" : "ItmPartsMechSmall01",
        "fX"      : 3.0,
        "fY"      : -29.0,
        "fRotation" : 180.0,
        "strID"     : "7200d6ca-238e-4b39-aeb1-b47041fecbc0",
        "bForceLoad" : false
      },
      {
        "strName" : "ItmScrapAluminum",
        "fX"      : 2.0,
        "fY"      : -28.0,
        "fRotation" : 0.0,
        "strID"     : "29c47fad-7933-440a-8321-398aaa25da23",
        "strParentID" : "26d76999-d78b-4a23-95c4-bf4ff405a328",
        "bForceLoad"  : false
      },
      {
        "strName" : "ItmScrapCarbonFiber",
        "fX"      : 3.0,
        "fY"      : -30.0,
        "fRotation" : 0.0,
        "strID"     : "3dad750d-0133-4c98-9b5f-bb85b38f2dfa",
        "strParentID" : "72a70211-42bc-4309-9bc7-8936d2fe4a17",
        "bForceLoad"  : false
      },
      {
        "strName" : "ItmScrapTrash",
        "fX"      : 3.0,
        "fY"      : -32.0,
        "fRotation" : 180.0,
        "strID"     : "f1f616ac-928c-47c6-a709-fc8b30bb1182",
        "bForceLoad" : false
      },
      {
        "strName" : "ItmScrapTrash",
        "fX"      : 3.0,
        "fY"      : -28.0,
        "fRotation" : 0.0,
        "strID"     : "8e2b2e0e-67d2-4968-9745-dbc15b83615c",
        "strParentID" : "947dd063-d493-4543-b8c8-0f8535b463f8",
        "bForceLoad"  : false
      },
      {
        "strName" : "ItmScrapAluminum",
        "fX"      : 2.0,
        "fY"      : -28.0,
        "fRotation" : 180.0,
        "strID"     : "26d76999-d78b-4a23-95c4-bf4ff405a328",
        "bForceLoad" : false
      },
      {
        "strName" : "ItmScrapCarbonFiber",
        "fX"      : 3.0,
        "fY"      : -30.0,
        "fRotation" : 180.0,
        "strID"     : "72a70211-42bc-4309-9bc7-8936d2fe4a17",
        "bForceLoad" : false
      },
      {
        "strName" : "ItmScrapTrash",
        "fX"      : 3.0,
        "fY"      : -28.0,
        "fRotation" : 0.0,
        "strID"     : "e87f624e-faf5-43bb-9985-4e89f241e9cc",
        "strParentID" : "947dd063-d493-4543-b8c8-0f8535b463f8",
        "bForceLoad"  : false
      },
      {
        "strName" : "ItmScrapTrash",
        "fX"      : 3.0,
        "fY"      : -28.0,
        "fRotation" : 180.0,
        "strID"     : "947dd063-d493-4543-b8c8-0f8535b463f8",
        "bForceLoad" : false
      },
      {
        "strName" : "ItmScrapTrash",
        "fX"      : 4.0,
        "fY"      : -19.0,
        "fRotation" : 0.0,
        "strID"     : "bf740cc1-aab4-415e-b657-0a933b1e88e2",
        "strParentID" : "cf2aad51-2104-40d3-a870-f8ce75f3ae82",
        "bForceLoad"  : false
      },
      {
        "strName" : "ItmScrapCarbonFiber",
        "fX"      : 3.0,
        "fY"      : -22.0,
        "fRotation" : 0.0,
        "strID"     : "bfd31dc1-49b8-436f-80c5-0a05ec9f02bf",
        "strParentID" : "72cd0a3a-ba32-4b31-a34b-dcc947b0cef1",
        "bForceLoad"  : false
      },
      {
        "strName" : "ItmScrapTrash",
        "fX"      : 4.0,
        "fY"      : -19.0,
        "fRotation" : 0.0,
        "strID"     : "e0b53229-f5ca-4c83-96df-9001d3deebbe",
        "strParentID" : "cf2aad51-2104-40d3-a870-f8ce75f3ae82",
        "bForceLoad"  : false
      },
      {
        "strName" : "ItmScrapTrash",
        "fX"      : 4.0,
        "fY"      : -19.0,
        "fRotation" : 180.0,
        "strID"     : "cf2aad51-2104-40d3-a870-f8ce75f3ae82",
        "bForceLoad" : false
      },
      {
        "strName" : "ItmScrapTrash",
        "fX"      : 3.0,
        "fY"      : -20.0,
        "fRotation" : 0.0,
        "strID"     : "703b5194-b39e-4bc1-ba53-890d57a475ab",
        "strParentID" : "64f4b83a-e7db-4e08-b180-35730aa08f68",
        "bForceLoad"  : false
      },
      {
        "strName" : "ItmScrapCarbonFiber",
        "fX"      : 3.0,
        "fY"      : -22.0,
        "fRotation" : 0.0,
        "strID"     : "792d7fda-7e31-4def-ab67-a1eac1c8f175",
        "strParentID" : "72cd0a3a-ba32-4b31-a34b-dcc947b0cef1",
        "bForceLoad"  : false
      },
      {
        "strName" : "ItmScrapTrash",
        "fX"      : 3.0,
        "fY"      : -20.0,
        "fRotation" : 0.0,
        "strID"     : "8495d9ae-0028-4251-aae6-6af8ad1da11d",
        "strParentID" : "64f4b83a-e7db-4e08-b180-35730aa08f68",
        "bForceLoad"  : false
      },
      {
        "strName" : "ItmScrapTrash",
        "fX"      : 3.0,
        "fY"      : -20.0,
        "fRotation" : 180.0,
        "strID"     : "64f4b83a-e7db-4e08-b180-35730aa08f68",
        "bForceLoad" : false
      },
      {
        "strName" : "ItmScrapCarbonFiber",
        "fX"      : 3.0,
        "fY"      : -22.0,
        "fRotation" : 180.0,
        "strID"     : "72cd0a3a-ba32-4b31-a34b-dcc947b0cef1",
        "bForceLoad" : false
      },
      {
        "strName" : "ItmScrapTrash",
        "fX"      : 4.0,
        "fY"      : -22.0,
        "fRotation" : 0.0,
        "strID"     : "5978fa4d-3f74-46d5-92ed-d351668581fa",
        "strParentID" : "d8aa9036-1e83-469e-a8ee-937fb5e36c1f",
        "bForceLoad"  : false
      },
      {
        "strName" : "ItmScrapTrash",
        "fX"      : 4.0,
        "fY"      : -22.0,
        "fRotation" : 180.0,
        "strID"     : "d8aa9036-1e83-469e-a8ee-937fb5e36c1f",
        "bForceLoad" : false
      },
      {
        "strName" : "OutfitSuit02",
        "fX"      : 4.0,
        "fY"      : -18.0,
        "fRotation" : 180.0,
        "strID"     : "64086ec5-d1f8-4931-9b5f-b94be01fdaa5",
        "bForceLoad" : false
      }
    ],
    "aShallowPSpecs"   : [
      {
        "strName" : "SysLootSpawner",
        "fX"      : 5.0,
        "fY"      : -29.0,
        "fRotation" : 180.0,
        "strID"     : "0a35769f-c43d-420b-bdb2-9a2371fea87d",
        "bForceLoad" : false,
        "aGPMSettings" : [
          {
            "strName" : "Panel A",
            "dictGUIPropMap" : [
              "strGUIPrefab",
              "GUILootSpawn",
              "strFriendlyName",
              "Loot Spawner",
              "strGUIPrefabRight",
              null,
              "strGUIPrefabLeft",
              null,
              "strGUIPrefabUp",
              null,
              "strGUIPrefabDown",
              null,
              "strType",
              "Pspec",
              "strLoot",
              "NotBoarding",
              "strRange",
              "0",
              "strCount",
              "0",
              "strNew",
              "True",
              "strDamaged",
              "True",
              "strDerelict",
              "True"
            ]
          }
        ]
      },
      {
        "strName" : "SysLootSpawner",
        "fX"      : 5.0,
        "fY"      : -19.0,
        "fRotation" : 180.0,
        "strID"     : "fbe0b033-0058-4a63-bc73-675f00d31f35",
        "bForceLoad" : false,
        "aGPMSettings" : [
          {
            "strName" : "Panel A",
            "dictGUIPropMap" : [
              "strGUIPrefab",
              "GUILootSpawn",
              "strFriendlyName",
              "Loot Spawner",
              "strGUIPrefabRight",
              null,
              "strGUIPrefabLeft",
              null,
              "strGUIPrefabUp",
              null,
              "strGUIPrefabDown",
              null,
              "strType",
              "Pspec",
              "strLoot",
              "Boarding",
              "strRange",
              "1",
              "strCount",
              "0",
              "strNew",
              "True",
              "strDamaged",
              "True",
              "strDerelict",
              "True"
            ]
          }
        ]
      }
    ],
    "vShipPos"         : {
      "x" : 5.0,
      "y" : -19.0
    },
    "objSS"            : {
      "boPORShip" : "1036 Ganymed",
      "vPosx"     : 0.973882459407263,
      "vPosy"     : -1.56527159945704,
      "vBOOffsetx" : 1.96738370483729E-07,
      "vBOOffsety" : -6.46113192726006E-07,
      "vVelX"      : 1.6719351825234E-07,
      "vVelY"      : 1.35867452843996E-08,
      "vAccIn"     : {
        "x" : 0.0,
        "y" : 0.0
      },
      "vAccRCS"    : {
        "x" : 0.0,
        "y" : 0.0
      },
      "vAccEx"     : {
        "x" : 0.0,
        "y" : 0.0
      },
      "fRot"       : 0.4988515,
      "fW"         : 0.0,
      "fA"         : 0.0,
      "bBOLocked"  : true,
      "bIsBO"      : false,
      "bIsRegion"  : false,
      "bIsNoFees"  : false
    },
    "aRooms"           : [
      {
        "strID" : "0f3ef20e-1d0a-4ead-9c9c-d20e21ed1dee",
        "bVoid" : true,
        "aTiles" : [
          0,
          1,
          10,
          2,
          11,
          20,
          12,
          21,
          30,
          31,
          40,
          50,
          60,
          70,
          80,
          90,
          100,
          110,
          120,
          130,
          140,
          150,
          151,
          160,
          161
        ]
      },
      {
        "strID" : "c93b11d8-ac72-42a4-a437-0863ff4f84a9",
        "bVoid" : true,
        "aTiles" : [
          8,
          9,
          18,
          19,
          29,
          39
        ]
      },
      {
        "strID" : "c0d949d0-6bdc-46dc-a5c9-d0f93f2fa1d2",
        "bVoid" : false,
        "aTiles" : [
          14,
          15,
          24,
          5,
          16,
          25,
          34,
          26,
          35,
          33,
          44,
          36,
          45,
          43,
          54,
          37,
          46,
          55,
          53,
          64,
          47,
          56,
          65,
          52,
          63,
          74,
          57,
          66,
          75,
          62,
          73,
          84,
          58,
          67,
          76,
          85,
          72,
          83,
          94,
          68,
          77,
          86,
          95,
          82,
          93,
          104,
          78,
          87,
          96,
          105,
          92,
          103,
          114,
          88,
          97,
          106,
          115,
          102,
          113,
          124,
          98,
          107,
          116,
          125,
          112,
          123,
          134,
          108,
          117,
          126,
          135,
          122,
          133,
          144,
          118,
          127,
          136,
          145,
          132,
          143,
          154,
          128,
          137,
          146,
          155,
          153,
          138,
          147,
          156,
          157
        ]
      },
      {
        "strID" : "f98ef55c-73af-4e9b-80f7-3da877395292",
        "bVoid" : true,
        "aTiles" : [
          159,
          169
        ]
      }
    ],
    "DMGStatus"        : 2,
    "fLastVisit"       : 65627661130.1359,
    "fAIDockingTimer"  : 0.0,
    "fAIPauseTimer"    : 0.0,
    "bPrefill"         : false,
    "bNoCollisions"    : false,
    "dLastScanTime"    : 65627637748.0766,
    "bLocalAuthority"  : false,
    "bAIShip"          : false,
    "make"             : "Ryokka",
    "model"            : "TU-77a",
    "year"             : "2059",
    "origin"           : "Jade Rabbit",
    "designation"      : "Salvage Tug",
    "publicName"       : "Storm Salaryman",
    "dimensions"       : "0.32m x 3.52m",
    "fShallowMass"     : 3184.505,
    "fShallowRCSRemass" : 0.0,
    "fShallowRCSRemassMax" : 0.0,
    "fShallowFusionRemain" : 0.0,
    "fBreakInMultiplier"   : 0.3737128,
    "nRCSCount"            : 0,
    "nRCSDistroCount"      : 0,
    "nDockCount"           : 1,
    "bFusionTorch"         : false
  }
]