
[
  {
    "strName" : "SalvagePod",
    "strRegID" : "O-R68",
    "nCurrentWaypoint" : -1,
    "fTimeEngaged"     : 162854.1,
    "aCOs"             : [
      {
        "strID" : "5cb451f1-dd50-425d-b2a4-fa531b4e10f5",
        "strCODef" : "SysLootSpawner",
        "bAlive"   : true,
        "aConds"   : [
          "IsNonHighlightable=1.0x1",
          "IsHiddenInv=1.0x1",
          "IsLootSpawner=1.0x1",
          "IsSystem=1.0x1"
        ],
        "strCondID" : "SysLootSpawner5cb451f1-dd50-425d-b2a4-fa531b4e10f5",
        "inventoryX" : 0,
        "inventoryY" : 0,
        "fDGasTemp"  : 0.0,
        "fLastICOUpdate" : 65627498854.0278,
        "nDestTile"      : 0,
        "strIdleAnim"    : "Idle",
        "aMyShips"       : [
          "O-R68"
        ],
        "strIMGPreview"  : "IcoLoot",
        "strFriendlyName" : "SysLootSpawner",
        "strRegIDLast"    : "O-R68"
      },
      {
        "strID" : "35dc49b2-732c-460a-b36d-0de24277b2f1",
        "strCODef" : "SysLootSpawner",
        "bAlive"   : true,
        "aConds"   : [
          "IsNonHighlightable=1.0x1",
          "IsHiddenInv=1.0x1",
          "IsLootSpawner=1.0x1",
          "IsSystem=1.0x1"
        ],
        "strCondID" : "SysLootSpawner35dc49b2-732c-460a-b36d-0de24277b2f1",
        "inventoryX" : 0,
        "inventoryY" : 0,
        "fDGasTemp"  : 0.0,
        "fLastICOUpdate" : 65627498854.0278,
        "nDestTile"      : 0,
        "strIdleAnim"    : "Idle",
        "aMyShips"       : [
          "O-R68"
        ],
        "strIMGPreview"  : "IcoLoot",
        "strFriendlyName" : "SysLootSpawner",
        "strRegIDLast"    : "O-R68"
      }
    ],
    "aItems"           : [
      {
        "strName" : "ItmConduit01",
        "fX"      : 1.0,
        "fY"      : 3.0,
        "fRotation" : 0.0,
        "strID"     : "460ce1ae-135d-4aa6-b3f0-383d6e9cc48d",
        "bForceLoad" : false
      },
      {
        "strName" : "ItmFloorRYOF01",
        "fX"      : 3.0,
        "fY"      : -1.0,
        "fRotation" : 0.0,
        "strID"     : "6e13051b-02e0-45f7-ac3a-2bc91ca4c3ae",
        "bForceLoad" : false
      },
      {
        "strName" : "ItmFloorRYOF01",
        "fX"      : 3.0,
        "fY"      : 0.0,
        "fRotation" : 0.0,
        "strID"     : "a5d1e48e-5821-4d74-b96d-49512a29f411",
        "bForceLoad" : false
      },
      {
        "strName" : "ItmFloorRYOF01",
        "fX"      : 3.0,
        "fY"      : 1.0,
        "fRotation" : 0.0,
        "strID"     : "820d427d-0828-4e54-a29b-7ec51ecf7142",
        "bForceLoad" : false
      },
      {
        "strName" : "ItmFloorRYOF01",
        "fX"      : 3.0,
        "fY"      : 2.0,
        "fRotation" : 0.0,
        "strID"     : "cf07da17-caf2-40b0-addf-0662569575c0",
        "bForceLoad" : false
      },
      {
        "strName" : "ItmFloorRYOF01",
        "fX"      : 3.0,
        "fY"      : 3.0,
        "fRotation" : 0.0,
        "strID"     : "c1f4696a-2652-4b1d-86ae-abe053d5ca71",
        "bForceLoad" : false
      },
      {
        "strName" : "ItmFloorRYOF01",
        "fX"      : 3.0,
        "fY"      : 4.0,
        "fRotation" : 0.0,
        "strID"     : "d45452d5-917d-4bf1-a7d7-cb9f73e2c910",
        "bForceLoad" : false
      },
      {
        "strName" : "ItmFloorRYOF01",
        "fX"      : 4.0,
        "fY"      : 4.0,
        "fRotation" : 0.0,
        "strID"     : "21ad325e-3b70-4d66-a8f5-d599231838fc",
        "bForceLoad" : false
      },
      {
        "strName" : "ItmFloorRYOF01",
        "fX"      : 5.0,
        "fY"      : 4.0,
        "fRotation" : 0.0,
        "strID"     : "0e0ee817-42f6-414e-bc43-157359ce8717",
        "bForceLoad" : false
      },
      {
        "strName" : "ItmFloorRYOF01",
        "fX"      : 6.0,
        "fY"      : 4.0,
        "fRotation" : 0.0,
        "strID"     : "8ac76977-88fe-4bc5-b8b1-7825c8bb5c8e",
        "bForceLoad" : false
      },
      {
        "strName" : "ItmFloorRYOF01",
        "fX"      : 7.0,
        "fY"      : 4.0,
        "fRotation" : 0.0,
        "strID"     : "2dfdf044-0c0e-4710-b1f9-ad8f486a7771",
        "bForceLoad" : false
      },
      {
        "strName" : "ItmFloorRYOF01",
        "fX"      : 2.0,
        "fY"      : 1.0,
        "fRotation" : 0.0,
        "strID"     : "2797a857-c599-476c-9ec5-833deedc27ae",
        "bForceLoad" : false
      },
      {
        "strName" : "ItmFloorRYOF01",
        "fX"      : 2.0,
        "fY"      : 0.0,
        "fRotation" : 0.0,
        "strID"     : "558f89df-d5b1-46ff-9869-83656b56218c",
        "bForceLoad" : false
      },
      {
        "strName" : "ItmFloorRYOF01",
        "fX"      : 2.0,
        "fY"      : -1.0,
        "fRotation" : 0.0,
        "strID"     : "1b181338-7f55-4530-a9a6-09e6c009ef65",
        "bForceLoad" : false
      },
      {
        "strName" : "ItmFloorRYOF01",
        "fX"      : 8.0,
        "fY"      : 1.0,
        "fRotation" : 0.0,
        "strID"     : "b60b9314-3942-4c5f-8268-a10ccfb22c56",
        "bForceLoad" : false
      },
      {
        "strName" : "ItmFloorRYOF01",
        "fX"      : 8.0,
        "fY"      : 0.0,
        "fRotation" : 0.0,
        "strID"     : "f09b856e-83da-4482-b10a-74fee5d4a0db",
        "bForceLoad" : false
      },
      {
        "strName" : "ItmFloorRYOF01",
        "fX"      : 8.0,
        "fY"      : -1.0,
        "fRotation" : 0.0,
        "strID"     : "45e0c27e-292f-4b54-8401-dcff93093a54",
        "bForceLoad" : false
      },
      {
        "strName" : "ItmFloorRYOF01",
        "fX"      : 7.0,
        "fY"      : -1.0,
        "fRotation" : 0.0,
        "strID"     : "744ef9bd-c455-4250-9b93-c3b9eeee91b7",
        "bForceLoad" : false
      },
      {
        "strName" : "ItmFloorRYOF01",
        "fX"      : 6.0,
        "fY"      : -1.0,
        "fRotation" : 0.0,
        "strID"     : "8baec0ac-2b80-4441-8268-40bec0abdc3e",
        "bForceLoad" : false
      },
      {
        "strName" : "ItmFloorRYOF01",
        "fX"      : 5.0,
        "fY"      : -1.0,
        "fRotation" : 0.0,
        "strID"     : "3331db86-5699-4fcb-bdd8-4e5b74dc70d1",
        "bForceLoad" : false
      },
      {
        "strName" : "ItmFloorRYOF01",
        "fX"      : 4.0,
        "fY"      : -1.0,
        "fRotation" : 0.0,
        "strID"     : "36a4b6e8-2d25-472a-9fa5-fbd4d8818d8a",
        "bForceLoad" : false
      },
      {
        "strName" : "ItmFloorRYOF01",
        "fX"      : 4.0,
        "fY"      : 0.0,
        "fRotation" : 0.0,
        "strID"     : "61516eea-811e-4ef2-a6a1-2c844b8f1a90",
        "bForceLoad" : false
      },
      {
        "strName" : "ItmFloorRYOF01",
        "fX"      : 4.0,
        "fY"      : 1.0,
        "fRotation" : 0.0,
        "strID"     : "a3adc67b-314d-4dfd-a70c-4e953920dc90",
        "bForceLoad" : false
      },
      {
        "strName" : "ItmFloorRYOF01",
        "fX"      : 4.0,
        "fY"      : 2.0,
        "fRotation" : 0.0,
        "strID"     : "c0cf0805-0a01-4aff-b565-11627c0ab5da",
        "bForceLoad" : false
      },
      {
        "strName" : "ItmFloorRYOF01",
        "fX"      : 4.0,
        "fY"      : 3.0,
        "fRotation" : 0.0,
        "strID"     : "ab63ce47-3cbd-433c-8c34-ed3f35e1e3df",
        "bForceLoad" : false
      },
      {
        "strName" : "ItmFloorRYOF01",
        "fX"      : 5.0,
        "fY"      : 3.0,
        "fRotation" : 0.0,
        "strID"     : "27df23db-afd1-4f83-94cf-19e74286d668",
        "bForceLoad" : false
      },
      {
        "strName" : "ItmFloorRYOF01",
        "fX"      : 6.0,
        "fY"      : 3.0,
        "fRotation" : 0.0,
        "strID"     : "6fe7248c-367e-49f1-a11f-1487a6349e2d",
        "bForceLoad" : false
      },
      {
        "strName" : "ItmFloorRYOF01",
        "fX"      : 7.0,
        "fY"      : 3.0,
        "fRotation" : 0.0,
        "strID"     : "1ce9dfc6-b573-487e-96ab-911f4b18860f",
        "bForceLoad" : false
      },
      {
        "strName" : "ItmFloorRYOF01",
        "fX"      : 7.0,
        "fY"      : 2.0,
        "fRotation" : 0.0,
        "strID"     : "2986f9b9-41cc-4c43-b616-da87a30e95ea",
        "bForceLoad" : false
      },
      {
        "strName" : "ItmFloorRYOF01",
        "fX"      : 7.0,
        "fY"      : 1.0,
        "fRotation" : 0.0,
        "strID"     : "69d76f70-74b2-457a-a4bd-41d9e56438fb",
        "bForceLoad" : false
      },
      {
        "strName" : "ItmFloorRYOF01",
        "fX"      : 7.0,
        "fY"      : 0.0,
        "fRotation" : 0.0,
        "strID"     : "39acdc13-f5bf-4795-9375-310021433d14",
        "bForceLoad" : false
      },
      {
        "strName" : "ItmFloorRYOF01",
        "fX"      : 6.0,
        "fY"      : 0.0,
        "fRotation" : 0.0,
        "strID"     : "c8864029-6620-47ed-970e-3db4cc4b30ea",
        "bForceLoad" : false
      },
      {
        "strName" : "ItmFloorRYOF01",
        "fX"      : 5.0,
        "fY"      : 0.0,
        "fRotation" : 0.0,
        "strID"     : "af3ea771-05ba-4df5-8f46-486c671b4d30",
        "bForceLoad" : false
      },
      {
        "strName" : "ItmFloorRYOF01",
        "fX"      : 5.0,
        "fY"      : 1.0,
        "fRotation" : 0.0,
        "strID"     : "a61f7e41-9c4b-48d8-b507-7b045e40c85b",
        "bForceLoad" : false
      },
      {
        "strName" : "ItmFloorRYOF01",
        "fX"      : 5.0,
        "fY"      : 2.0,
        "fRotation" : 0.0,
        "strID"     : "89e76f66-061a-4f70-813f-d6e22d55bca0",
        "bForceLoad" : false
      },
      {
        "strName" : "ItmFloorRYOF01",
        "fX"      : 6.0,
        "fY"      : 2.0,
        "fRotation" : 0.0,
        "strID"     : "2bd2dc70-385c-4fc4-a727-674fbbc2e50b",
        "bForceLoad" : false
      },
      {
        "strName" : "ItmFloorRYOF01",
        "fX"      : 6.0,
        "fY"      : 1.0,
        "fRotation" : 0.0,
        "strID"     : "69f9ca0e-f716-4f2f-bfae-82246aa9ed16",
        "bForceLoad" : false
      },
      {
        "strName" : "ItmFloorRYOF01",
        "fX"      : 6.0,
        "fY"      : -2.0,
        "fRotation" : 0.0,
        "strID"     : "8e532a78-929a-4757-ad7b-666d12814d4a",
        "bForceLoad" : false
      },
      {
        "strName" : "ItmFloorRYOF01",
        "fX"      : 5.0,
        "fY"      : -2.0,
        "fRotation" : 0.0,
        "strID"     : "ee3e7000-9689-47cf-bc1c-d806d06e757c",
        "bForceLoad" : false
      },
      {
        "strName" : "ItmFloorRYOF01",
        "fX"      : 4.0,
        "fY"      : -2.0,
        "fRotation" : 0.0,
        "strID"     : "dc7a9fcc-64d6-4aa7-9c07-ae77f0d1cce1",
        "bForceLoad" : false
      },
      {
        "strName" : "ItmFloorRYOF01",
        "fX"      : 4.0,
        "fY"      : -3.0,
        "fRotation" : 0.0,
        "strID"     : "5c55148a-afdf-4626-8eac-bdbda3553db2",
        "bForceLoad" : false
      },
      {
        "strName" : "ItmFloorRYOF01",
        "fX"      : 5.0,
        "fY"      : -3.0,
        "fRotation" : 0.0,
        "strID"     : "d0139700-73f5-430e-ac0f-d158cbf89587",
        "bForceLoad" : false
      },
      {
        "strName" : "ItmFloorRYOF01",
        "fX"      : 6.0,
        "fY"      : -3.0,
        "fRotation" : 0.0,
        "strID"     : "e387a98a-b427-4993-9b4c-a91951c0fde6",
        "bForceLoad" : false
      },
      {
        "strName" : "ItmFloorRYOF01",
        "fX"      : 6.0,
        "fY"      : -4.0,
        "fRotation" : 0.0,
        "strID"     : "9b036612-5e39-4375-a036-6f08df053b6c",
        "bForceLoad" : false
      },
      {
        "strName" : "ItmFloorRYOF01",
        "fX"      : 5.0,
        "fY"      : -4.0,
        "fRotation" : 0.0,
        "strID"     : "a7c90dd4-e7f0-4660-9574-920968fee9b9",
        "bForceLoad" : false
      },
      {
        "strName" : "ItmFloorRYOF01",
        "fX"      : 4.0,
        "fY"      : -4.0,
        "fRotation" : 0.0,
        "strID"     : "943d01a2-fde8-42b7-95cb-c0572824379d",
        "bForceLoad" : false
      },
      {
        "strName" : "ItmFloorRYOF01",
        "fX"      : 6.0,
        "fY"      : -5.0,
        "fRotation" : 0.0,
        "strID"     : "09c7fb13-4d79-4360-b211-99ab3d1fd2f2",
        "bForceLoad" : false
      },
      {
        "strName" : "ItmFloorRYOF01",
        "fX"      : 3.0,
        "fY"      : -2.0,
        "fRotation" : 0.0,
        "strID"     : "c354e9ca-07f5-4a01-8818-49424e50e937",
        "bForceLoad" : false
      },
      {
        "strName" : "ItmFloorRYOF01",
        "fX"      : 7.0,
        "fY"      : -2.0,
        "fRotation" : 0.0,
        "strID"     : "01337dd3-167e-44ef-927e-1f43d43bf971",
        "bForceLoad" : false
      },
      {
        "strName" : "ItmDoor01ClosedOn",
        "fX"      : 5.0,
        "fY"      : -2.0,
        "fRotation" : 0.0,
        "strID"     : "7a83bc51-f719-4b8a-aa9f-690cf13303d9",
        "bForceLoad" : false,
        "aGPMSettings" : [
          {
            "strName" : "Panel A",
            "dictGUIPropMap" : [
              "strGUIPrefab",
              "GUILocks",
              "strFriendlyName",
              "Door Lock",
              "strGUIPrefabRight",
              null,
              "strGUIPrefabLeft",
              null,
              "strGUIPrefabUp",
              null,
              "strGUIPrefabDown",
              null,
              "strBrand",
              "Bieler",
              "strBrandSub",
              "Commercial Door Systems",
              "strMSLock",
              "ItmDoorInt01ClosedLocked",
              "strMSUnlock",
              "ItmDoorInt01Closed",
              "strPIN",
              "5687"
            ]
          }
        ]
      },
      {
        "strName" : "ItmFloorRYOF01",
        "fX"      : 5.0,
        "fY"      : -5.0,
        "fRotation" : 0.0,
        "strID"     : "43bc868e-8a2b-4e20-a8e0-5790abc34a2f",
        "bForceLoad" : false
      },
      {
        "strName" : "ItmFloorRYOF01",
        "fX"      : 4.0,
        "fY"      : -5.0,
        "fRotation" : 0.0,
        "strID"     : "64452582-ff32-4e56-844a-727daa477a80",
        "bForceLoad" : false
      },
      {
        "strName" : "ItmDockSys02Closed",
        "fX"      : 5.0,
        "fY"      : -5.5,
        "fRotation" : 180.0,
        "strID"     : "85a5d312-baed-490c-b77b-5e00639f9a69",
        "bForceLoad" : false
      },
      {
        "strName" : "ItmWallRYOB01",
        "fX"      : 8.0,
        "fY"      : -3.0,
        "fRotation" : 0.0,
        "strID"     : "f9dc3287-94e0-4cb0-8bae-e2132c407536",
        "bForceLoad" : false
      },
      {
        "strName" : "ItmWallRYOB01",
        "fX"      : 2.0,
        "fY"      : -3.0,
        "fRotation" : 0.0,
        "strID"     : "d66c8caf-006f-44db-aac7-a91621ec4eef",
        "bForceLoad" : false
      },
      {
        "strName" : "ItmConduit01",
        "fX"      : 1.0,
        "fY"      : 2.0,
        "fRotation" : 0.0,
        "strID"     : "2b54524a-7e16-4fcf-bcd1-6283ece856cf",
        "bForceLoad" : false
      },
      {
        "strName" : "ItmFloorRYOF01",
        "fX"      : 8.0,
        "fY"      : 2.0,
        "fRotation" : 0.0,
        "strID"     : "cb8adb20-9c46-4bce-b910-219eb00422e9",
        "bForceLoad" : false
      },
      {
        "strName" : "ItmFloorRYOF01",
        "fX"      : 8.0,
        "fY"      : 3.0,
        "fRotation" : 0.0,
        "strID"     : "467c6043-60f3-46ae-ae57-53e65ef79b2c",
        "bForceLoad" : false
      },
      {
        "strName" : "ItmFloorRYOF01",
        "fX"      : 2.0,
        "fY"      : 4.0,
        "fRotation" : 0.0,
        "strID"     : "4da10da1-7804-47e1-abcc-b3814380f201",
        "bForceLoad" : false
      },
      {
        "strName" : "ItmFloorRYOF01",
        "fX"      : 2.0,
        "fY"      : 3.0,
        "fRotation" : 0.0,
        "strID"     : "54e69406-bbf6-47d8-91ea-af4a5682238b",
        "bForceLoad" : false
      },
      {
        "strName" : "ItmWallRYOB01",
        "fX"      : 1.0,
        "fY"      : 1.0,
        "fRotation" : 0.0,
        "strID"     : "725f950c-7d54-45cb-8583-45a8c9c28cb7",
        "bForceLoad" : false
      },
      {
        "strName" : "ItmFloorRYOF01",
        "fX"      : 2.0,
        "fY"      : -2.0,
        "fRotation" : 0.0,
        "strID"     : "d9597e3a-fba1-497d-9b65-2349fe9bcaf5",
        "bForceLoad" : false
      },
      {
        "strName" : "ItmFloorRYOF01",
        "fX"      : 2.0,
        "fY"      : 2.0,
        "fRotation" : 0.0,
        "strID"     : "8201851b-b841-49af-82d7-ebeb2a85b57a",
        "bForceLoad" : false
      },
      {
        "strName" : "ItmFloorRYOF01",
        "fX"      : 8.0,
        "fY"      : 4.0,
        "fRotation" : 0.0,
        "strID"     : "4b3125ca-bb4b-48ee-bb6d-145078b108cb",
        "bForceLoad" : false
      },
      {
        "strName" : "ItmWallRYOB01",
        "fX"      : 2.0,
        "fY"      : -2.0,
        "fRotation" : 0.0,
        "strID"     : "2050580d-aad1-4e45-81d4-0eb1a2ba999e",
        "bForceLoad" : false
      },
      {
        "strName" : "ItmLitWall1x0",
        "fX"      : 1.192093E-07,
        "fY"      : 5.0,
        "fRotation" : 270.0,
        "strID"     : "ddbb64fc-8143-4fd3-8e9a-430c3fd78edd",
        "bForceLoad" : false
      },
      {
        "strName" : "ItmLitWall1x0",
        "fX"      : 2.0,
        "fY"      : 2.0,
        "fRotation" : 90.0,
        "strID"     : "196776f8-8a48-4566-baa9-337c421f22ec",
        "bForceLoad" : false
      },
      {
        "strName" : "ItmLitWall1x0",
        "fX"      : 2.0,
        "fY"      : 6.0,
        "fRotation" : 90.0,
        "strID"     : "96cbfb15-2131-4f7b-ad39-1cb849f79a47",
        "bForceLoad" : false
      },
      {
        "strName" : "ItmLitWall1x0",
        "fX"      : 8.0,
        "fY"      : 2.0,
        "fRotation" : 270.0,
        "strID"     : "d2bed8ec-64b3-49fb-820b-5e663f521bf7",
        "bForceLoad" : false
      },
      {
        "strName" : "ItmLitWall1x0",
        "fX"      : 8.0,
        "fY"      : 6.0,
        "fRotation" : 270.0,
        "strID"     : "58bfd951-0af9-4dfc-aba9-2f9ff77a34e5",
        "bForceLoad" : false
      },
      {
        "strName" : "ItmLitWall1x0",
        "fX"      : 8.0,
        "fY"      : -5.0,
        "fRotation" : 0.0,
        "strID"     : "040906cf-50e6-4e2e-98c0-2b0df85ef385",
        "bForceLoad" : false
      },
      {
        "strName" : "ItmConduit01",
        "fX"      : 1.0,
        "fY"      : 1.0,
        "fRotation" : 0.0,
        "strID"     : "5557a76e-e493-4af2-a061-627a3c40524e",
        "bForceLoad" : false
      },
      {
        "strName" : "ItmConduit01",
        "fX"      : 1.0,
        "fY"      : -1.0,
        "fRotation" : 0.0,
        "strID"     : "d8e7ceda-35bc-4c6b-957d-60b29b44c58e",
        "bForceLoad" : false
      },
      {
        "strName" : "ItmLitWall1x0",
        "fX"      : 2.0,
        "fY"      : -5.0,
        "fRotation" : 0.0,
        "strID"     : "4419abbb-5fb5-4a64-b37c-b335d323811b",
        "bForceLoad" : false
      },
      {
        "strName" : "ItmConduit01",
        "fX"      : 2.0,
        "fY"      : 5.0,
        "fRotation" : 0.0,
        "strID"     : "8d00fa83-4636-475d-999c-fac94d6981d4",
        "bForceLoad" : false
      },
      {
        "strName" : "ItmConduit01",
        "fX"      : 8.0,
        "fY"      : 3.0,
        "fRotation" : 0.0,
        "strID"     : "861f196a-16e5-474c-85f3-90c1a34ed283",
        "bForceLoad" : false
      },
      {
        "strName" : "ItmHeater01",
        "fX"      : 7.5,
        "fY"      : 0.5,
        "fRotation" : 180.0,
        "strID"     : "8694842a-4d19-4df9-b10a-4711ee020bee",
        "bForceLoad" : false,
        "aGPMSettings" : [
          {
            "strName" : "Panel A",
            "dictGUIPropMap" : [
              "strGUIPrefab",
              "GUIAirPump",
              "strFriendlyName",
              "Heater",
              "strGUIPrefabRight",
              null,
              "strGUIPrefabLeft",
              null,
              "strGUIPrefabUp",
              null,
              "strGUIPrefabDown",
              null,
              "strTitle",
              "Unscrew for Thermostat Sensor Input Signal",
              "strValidCOTrigger01",
              "TIsAlarmTemp",
              "strCondMonitor01",
              "DcGasTemp01",
              "strSubPoint",
              "ignore",
              "strAddPoint",
              null,
              "strInput01",
              "c3dc4b5c-075f-4e1f-879e-6a32b88da2ae"
            ]
          }
        ]
      },
      {
        "strName" : "ItmFloorRYOF01",
        "fX"      : 7.0,
        "fY"      : -3.0,
        "fRotation" : 0.0,
        "strID"     : "d51a3d5f-701f-408e-8c2a-f3a59946be07",
        "bForceLoad" : false
      },
      {
        "strName" : "ItmFloorRYOF01",
        "fX"      : 3.0,
        "fY"      : -3.0,
        "fRotation" : 0.0,
        "strID"     : "c95eb6ef-7f02-4b28-8cd1-743d65179af2",
        "bForceLoad" : false
      },
      {
        "strName" : "ItmConduit01",
        "fX"      : 1.0,
        "fY"      : 8.0,
        "fRotation" : 0.0,
        "strID"     : "2e61c5e9-1081-4964-8639-8c736410991f",
        "bForceLoad" : false
      },
      {
        "strName" : "ItmFloorRYOF01",
        "fX"      : 9.0,
        "fY"      : 3.0,
        "fRotation" : 0.0,
        "strID"     : "db9f1ce1-8ad5-442d-925c-8116e9750341",
        "bForceLoad" : false
      },
      {
        "strName" : "ItmFloorRYOF01",
        "fX"      : 9.0,
        "fY"      : 2.0,
        "fRotation" : 0.0,
        "strID"     : "e96454a5-9d42-4aa3-a7c7-aca4b58e88ae",
        "bForceLoad" : false
      },
      {
        "strName" : "ItmFloorRYOF01",
        "fX"      : 9.0,
        "fY"      : 1.0,
        "fRotation" : 0.0,
        "strID"     : "b0c9955d-a39a-4e9f-b2b4-e82e7080dc19",
        "bForceLoad" : false
      },
      {
        "strName" : "ItmFloorRYOF01",
        "fX"      : 9.0,
        "fY"      : 0.0,
        "fRotation" : 0.0,
        "strID"     : "f41d4c0d-31d5-4ca1-961d-45f741e191a8",
        "bForceLoad" : false
      },
      {
        "strName" : "ItmFloorRYOF01",
        "fX"      : 9.0,
        "fY"      : -1.0,
        "fRotation" : 0.0,
        "strID"     : "8939a526-5892-4901-b2ac-362d1a58f086",
        "bForceLoad" : false
      },
      {
        "strName" : "ItmFloorRYOF01",
        "fX"      : 9.0,
        "fY"      : -2.0,
        "fRotation" : 0.0,
        "strID"     : "5e467b13-1925-4f3a-bc17-9859499d57ea",
        "bForceLoad" : false
      },
      {
        "strName" : "ItmRCSDistro02",
        "fX"      : 2.5,
        "fY"      : 4.5,
        "fRotation" : 270.0,
        "strID"     : "6778412d-ffbc-4846-ab65-89d4fac0c0d7",
        "bForceLoad" : false
      },
      {
        "strName" : "ItmCooler01On",
        "fX"      : 1.0,
        "fY"      : 2.5,
        "fRotation" : 90.0,
        "strID"     : "200ed368-9265-442c-83c7-3551f15747c3",
        "bForceLoad" : false,
        "aGPMSettings" : [
          {
            "strName" : "Panel A",
            "dictGUIPropMap" : [
              "strGUIPrefab",
              "GUIAirPump",
              "strFriendlyName",
              "Cooler",
              "strGUIPrefabRight",
              null,
              "strGUIPrefabLeft",
              null,
              "strGUIPrefabUp",
              null,
              "strGUIPrefabDown",
              null,
              "strTitle",
              "Unscrew for Thermostat Sensor Input Signal",
              "strValidCOTrigger01",
              "TIsAlarmTemp",
              "strCondMonitor01",
              "DcGasTemp03",
              "strSubPoint",
              "Cool",
              "strAddPoint",
              "Heat",
              "strInput01",
              "c3dc4b5c-075f-4e1f-879e-6a32b88da2ae"
            ]
          }
        ]
      },
      {
        "strName" : "ItmBattery02",
        "fX"      : 2.5,
        "fY"      : 0.4999998,
        "fRotation" : 270.0,
        "strID"     : "108a94e2-4c7d-4081-8fe0-6256d2ce941d",
        "bForceLoad" : false,
        "aGPMSettings" : [
          {
            "strName" : "Panel A",
            "dictGUIPropMap" : [
              "strGUIPrefab",
              "GUIMeter",
              "strFriendlyName",
              "Battery",
              "strGUIPrefabRight",
              null,
              "strGUIPrefabLeft",
              null,
              "strGUIPrefabUp",
              null,
              "strGUIPrefabDown",
              null,
              "strTitle",
              "Battery Charge",
              "strCond",
              "StatPower",
              "strInput01",
              "",
              "fMin",
              "0.0",
              "fMax",
              "80.96"
            ]
          }
        ]
      },
      {
        "strName" : "ItmRCSDistro02",
        "fX"      : 7.5,
        "fY"      : 3.5,
        "fRotation" : 90.0,
        "strID"     : "0414dc80-3970-4d42-86bf-e65fd4f83710",
        "bForceLoad" : false
      },
      {
        "strName" : "ItmRCSCluster01",
        "fX"      : 9.0,
        "fY"      : -1.0,
        "fRotation" : 270.0,
        "strID"     : "2fbc4480-8351-4142-b8d1-f4cea8f5a791",
        "bForceLoad" : false
      },
      {
        "strName" : "ItmRCSCluster01",
        "fX"      : 1.0,
        "fY"      : -1.0,
        "fRotation" : 90.0,
        "strID"     : "17179a7e-04fc-4325-b9a7-7aa544416597",
        "bForceLoad" : false
      },
      {
        "strName" : "ItmFloorRYOF01",
        "fX"      : 1.0,
        "fY"      : 3.0,
        "fRotation" : 0.0,
        "strID"     : "4849616e-8981-478c-a528-8fa86414999c",
        "bForceLoad" : false
      },
      {
        "strName" : "ItmFloorRYOF01",
        "fX"      : 1.0,
        "fY"      : 2.0,
        "fRotation" : 0.0,
        "strID"     : "c60dd48d-04ea-43c0-8f55-341707541cb3",
        "bForceLoad" : false
      },
      {
        "strName" : "ItmFloorRYOF01",
        "fX"      : 1.0,
        "fY"      : 1.0,
        "fRotation" : 0.0,
        "strID"     : "994f6c4c-f0b1-468e-bad4-f0bc12804812",
        "bForceLoad" : false
      },
      {
        "strName" : "ItmFloorRYOF01",
        "fX"      : 1.0,
        "fY"      : 0.0,
        "fRotation" : 0.0,
        "strID"     : "cb3a8c7f-11d6-4edb-b939-6e4f358dd5fc",
        "bForceLoad" : false
      },
      {
        "strName" : "ItmFloorRYOF01",
        "fX"      : 1.0,
        "fY"      : -1.0,
        "fRotation" : 0.0,
        "strID"     : "28db5b5a-b584-49c0-b66b-9fa6cad2ba2c",
        "bForceLoad" : false
      },
      {
        "strName" : "ItmFloorRYOF01",
        "fX"      : 1.0,
        "fY"      : -2.0,
        "fRotation" : 0.0,
        "strID"     : "4e5145fa-ba54-4d8b-9087-c893d9c6b88a",
        "bForceLoad" : false
      },
      {
        "strName" : "ItmRCSCluster01",
        "fX"      : 1.0,
        "fY"      : 7.0,
        "fRotation" : 90.0,
        "strID"     : "080aa0c1-04d3-43f0-9b59-710933a67fe0",
        "bForceLoad" : false
      },
      {
        "strName" : "ItmWallRYOB01",
        "fX"      : 9.0,
        "fY"      : -2.0,
        "fRotation" : 0.0,
        "strID"     : "2a2818d7-140c-4f26-8eeb-205c285e114f",
        "bForceLoad" : false
      },
      {
        "strName" : "ItmWallRYOB01",
        "fX"      : 8.0,
        "fY"      : -2.0,
        "fRotation" : 0.0,
        "strID"     : "274fa973-aba5-4ef1-a875-2e9a4a4b3379",
        "bForceLoad" : false
      },
      {
        "strName" : "ItmFloorRYOF01",
        "fX"      : 8.0,
        "fY"      : -2.0,
        "fRotation" : 0.0,
        "strID"     : "0110f6c7-4c24-45b0-a202-da3ead45baec",
        "bForceLoad" : false
      },
      {
        "strName" : "ItmWallRYOB01",
        "fX"      : 1.0,
        "fY"      : -2.0,
        "fRotation" : 0.0,
        "strID"     : "027cd1f4-feb9-4ff9-bc64-dd6bac1bcc4c",
        "bForceLoad" : false
      },
      {
        "strName" : "ItmRTAO2",
        "fX"      : 3.0,
        "fY"      : -3.0,
        "fRotation" : 90.0,
        "strID"     : "a57ab1aa-b4b9-4bc2-b67f-320e1c62db32",
        "bForceLoad" : false
      },
      {
        "strName" : "ItmAirPump03OnG",
        "fX"      : 3.0,
        "fY"      : -2.0,
        "fRotation" : 180.0,
        "strID"     : "722db9fe-5792-43c9-be80-0cd93f408764",
        "bForceLoad" : false,
        "aGPMSettings" : [
          {
            "strName" : "Panel A",
            "dictGUIPropMap" : [
              "strGUIPrefab",
              "GUIAirPump",
              "strFriendlyName",
              "Air Pump",
              "strGUIPrefabRight",
              null,
              "strGUIPrefabLeft",
              null,
              "strGUIPrefabUp",
              null,
              "strGUIPrefabDown",
              null,
              "strTitle",
              "Unscrew for Pressure Sensor Input Signal",
              "strValidCOTrigger01",
              "TIsAlarm2",
              "strCondMonitor01",
              "IsReadyPumpAir",
              "strInput01",
              "08669f5b-9c3c-4679-9372-5bfd55eb3dd5",
              "nKnobBus",
              "1",
              "bTurbo",
              "false",
              "bReverse",
              "false"
            ]
          }
        ]
      },
      {
        "strName" : "ItmRCSCluster01",
        "fX"      : 9.0,
        "fY"      : 7.0,
        "fRotation" : 270.0,
        "strID"     : "ef0398a9-4aa2-4e5e-9807-da9177704ab2",
        "bForceLoad" : false
      },
      {
        "strName" : "ItmWallRYOB01",
        "fX"      : 9.0,
        "fY"      : -1.0,
        "fRotation" : 0.0,
        "strID"     : "a87951fb-147b-4bea-b649-f87a61871503",
        "bForceLoad" : false
      },
      {
        "strName" : "ItmConduit01",
        "fX"      : 9.0,
        "fY"      : 0.0,
        "fRotation" : 0.0,
        "strID"     : "02c056ec-08ea-45a6-b2ab-c2bf54811597",
        "bForceLoad" : false
      },
      {
        "strName" : "ItmSwitch01On",
        "fX"      : 4.0,
        "fY"      : 0.9999999,
        "fRotation" : 90.0,
        "strID"     : "b80b4e1b-c8a8-48a8-9002-6171aef416ce",
        "bForceLoad" : false
      },
      {
        "strName" : "ItmConduit01",
        "fX"      : 2.0,
        "fY"      : 8.0,
        "fRotation" : 0.0,
        "strID"     : "1a584fd7-d3c7-49e9-8e5c-f8c82ae25c4a",
        "bForceLoad" : false
      },
      {
        "strName" : "ItmConduit01",
        "fX"      : 2.0,
        "fY"      : 9.0,
        "fRotation" : 0.0,
        "strID"     : "2e9e7c40-a82a-4b9a-9b61-58155b794a97",
        "bForceLoad" : false
      },
      {
        "strName" : "ItmConduit01",
        "fX"      : 1.0,
        "fY"      : -2.0,
        "fRotation" : 0.0,
        "strID"     : "70627186-b20c-4935-b8bd-dbed95cac7fe",
        "bForceLoad" : false
      },
      {
        "strName" : "ItmConduit01",
        "fX"      : 1.0,
        "fY"      : 0.0,
        "fRotation" : 0.0,
        "strID"     : "bee4a460-3062-4928-b72b-f3b363d79516",
        "bForceLoad" : false
      },
      {
        "strName" : "ItmConduit01",
        "fX"      : 2.0,
        "fY"      : 10.0,
        "fRotation" : 0.0,
        "strID"     : "3db89568-3557-436c-8932-4e6ded9b01ac",
        "bForceLoad" : false
      },
      {
        "strName" : "ItmConduit01",
        "fX"      : 3.0,
        "fY"      : 10.0,
        "fRotation" : 0.0,
        "strID"     : "adbdc582-64df-439c-96e6-5a5155cbf793",
        "bForceLoad" : false
      },
      {
        "strName" : "ItmConduit01",
        "fX"      : 4.0,
        "fY"      : 10.0,
        "fRotation" : 0.0,
        "strID"     : "ca6d7474-99cf-42d1-ba28-a442df764c33",
        "bForceLoad" : false
      },
      {
        "strName" : "ItmWallRYOB01",
        "fX"      : 9.0,
        "fY"      : 0.0,
        "fRotation" : 0.0,
        "strID"     : "87493e1c-0b8f-4f8b-86fd-851005c33e31",
        "bForceLoad" : false
      },
      {
        "strName" : "ItmWallRYOB01",
        "fX"      : 9.0,
        "fY"      : 1.0,
        "fRotation" : 0.0,
        "strID"     : "54a06ae4-5b11-44f6-af67-1626f9d25a92",
        "bForceLoad" : false
      },
      {
        "strName" : "ItmConduit01",
        "fX"      : 2.0,
        "fY"      : 2.0,
        "fRotation" : 0.0,
        "strID"     : "5f20402c-c8a3-4033-8642-9a3bd6755dab",
        "bForceLoad" : false
      },
      {
        "strName" : "ItmConduit01",
        "fX"      : 4.0,
        "fY"      : 2.0,
        "fRotation" : 0.0,
        "strID"     : "a1be1c23-0d53-47d8-a9f3-70cedb5964bc",
        "bForceLoad" : false
      },
      {
        "strName" : "ItmConduit01",
        "fX"      : 3.0,
        "fY"      : 2.0,
        "fRotation" : 0.0,
        "strID"     : "ca56a58f-a0fa-41ae-ae9f-e6ca5db59ca7",
        "bForceLoad" : false
      },
      {
        "strName" : "ItmWallRYOB01",
        "fX"      : 9.0,
        "fY"      : 2.0,
        "fRotation" : 0.0,
        "strID"     : "34c27655-84eb-4fbb-814f-4dced26d8dbe",
        "bForceLoad" : false
      },
      {
        "strName" : "ItmRTAN2",
        "fX"      : 3.0,
        "fY"      : 4.0,
        "fRotation" : 0.0,
        "strID"     : "61c3aff7-3c2c-403d-9f77-5d0a7f2290cd",
        "bForceLoad" : false
      },
      {
        "strName" : "ItmRTAN2",
        "fX"      : 7.0,
        "fY"      : 4.0,
        "fRotation" : 0.0,
        "strID"     : "25fec368-5c60-4d19-acaa-8adbc58963c8",
        "bForceLoad" : false
      },
      {
        "strName" : "ItmConduit01",
        "fX"      : 9.0,
        "fY"      : 8.0,
        "fRotation" : 0.0,
        "strID"     : "7f505e66-7874-4793-b6b5-0011eda90115",
        "bForceLoad" : false
      },
      {
        "strName" : "ItmConduit01",
        "fX"      : 8.0,
        "fY"      : 8.0,
        "fRotation" : 0.0,
        "strID"     : "c63bab27-4caa-4e49-9b6d-0c94b88d76b0",
        "bForceLoad" : false
      },
      {
        "strName" : "ItmConduit01",
        "fX"      : 2.0,
        "fY"      : -2.0,
        "fRotation" : 0.0,
        "strID"     : "053eef99-be29-46e0-b07c-9e6ddbc2842f",
        "bForceLoad" : false
      },
      {
        "strName" : "ItmConduit01",
        "fX"      : 5.0,
        "fY"      : 10.0,
        "fRotation" : 0.0,
        "strID"     : "021dac4d-226f-479b-8eac-77852aba8294",
        "bForceLoad" : false
      },
      {
        "strName" : "ItmConduit01",
        "fX"      : 3.0,
        "fY"      : -2.0,
        "fRotation" : 0.0,
        "strID"     : "6524e7d9-9859-40bd-ae97-2ebdc26d13ae",
        "bForceLoad" : false
      },
      {
        "strName" : "ItmWallRYOB01",
        "fX"      : 1.0,
        "fY"      : 0.0,
        "fRotation" : 0.0,
        "strID"     : "3e3fef8a-cb54-43b8-9ad5-18c229039952",
        "bForceLoad" : false
      },
      {
        "strName" : "ItmWallRYOB01",
        "fX"      : 1.0,
        "fY"      : -1.0,
        "fRotation" : 0.0,
        "strID"     : "8907395b-5ac7-4e3f-bf72-ebbed24d9c4d",
        "bForceLoad" : false
      },
      {
        "strName" : "ItmConduit01",
        "fX"      : 8.0,
        "fY"      : -2.0,
        "fRotation" : 0.0,
        "strID"     : "7b9998e4-ab2e-44dc-803b-90c58c360033",
        "bForceLoad" : false
      },
      {
        "strName" : "ItmConduit01",
        "fX"      : 8.0,
        "fY"      : -3.0,
        "fRotation" : 0.0,
        "strID"     : "6b756a07-4324-4564-910c-319cb060745f",
        "bForceLoad" : false
      },
      {
        "strName" : "ItmConduit01",
        "fX"      : 9.0,
        "fY"      : -2.0,
        "fRotation" : 0.0,
        "strID"     : "7e93398e-adb4-4fa7-a9d2-b86a3c6fada7",
        "bForceLoad" : false
      },
      {
        "strName" : "ItmConduit01",
        "fX"      : 6.0,
        "fY"      : 10.0,
        "fRotation" : 0.0,
        "strID"     : "49f944f7-9fe4-4ec5-96a0-9409fd9244b2",
        "bForceLoad" : false
      },
      {
        "strName" : "ItmWallRYOB01",
        "fX"      : 8.0,
        "fY"      : -4.0,
        "fRotation" : 0.0,
        "strID"     : "ea48572c-79e8-4c0f-99dc-52a46fdb1e7a",
        "bForceLoad" : false
      },
      {
        "strName" : "ItmWallRYOB01",
        "fX"      : 7.0,
        "fY"      : -4.0,
        "fRotation" : 0.0,
        "strID"     : "ddb422bc-6f79-4847-8739-5d2f1fc39e6c",
        "bForceLoad" : false
      },
      {
        "strName" : "ItmWallRYOB01",
        "fX"      : 3.0,
        "fY"      : -4.0,
        "fRotation" : 0.0,
        "strID"     : "f011cc79-1a4c-4dcd-b34a-b275baaf48fa",
        "bForceLoad" : false
      },
      {
        "strName" : "ItmWallRYOB01",
        "fX"      : 2.0,
        "fY"      : -4.0,
        "fRotation" : 0.0,
        "strID"     : "03924fd4-ebc2-43f6-9778-c7325fe40360",
        "bForceLoad" : false
      },
      {
        "strName" : "ItmWallRYOB01",
        "fX"      : 1.0,
        "fY"      : 2.0,
        "fRotation" : 0.0,
        "strID"     : "3e44447f-a1ec-41b5-9e0e-25997c5e3b42",
        "bForceLoad" : false
      },
      {
        "strName" : "ItmConduit01",
        "fX"      : 2.0,
        "fY"      : -3.0,
        "fRotation" : 0.0,
        "strID"     : "aff67b87-91b7-4b0a-9ac8-55b2d185f71e",
        "bForceLoad" : false
      },
      {
        "strName" : "ItmConduit01",
        "fX"      : 2.0,
        "fY"      : -4.0,
        "fRotation" : 0.0,
        "strID"     : "33af5dee-fdcf-4a4a-9336-1dfcf135f300",
        "bForceLoad" : false
      },
      {
        "strName" : "ItmConduit01",
        "fX"      : 3.0,
        "fY"      : -4.0,
        "fRotation" : 0.0,
        "strID"     : "7a373cb4-d834-4371-8c22-5e93588a1f57",
        "bForceLoad" : false
      },
      {
        "strName" : "ItmConduit01",
        "fX"      : 8.0,
        "fY"      : -4.0,
        "fRotation" : 0.0,
        "strID"     : "d0241ea1-d1a4-4715-b9b5-24dcef711a01",
        "bForceLoad" : false
      },
      {
        "strName" : "ItmConduit01",
        "fX"      : 7.0,
        "fY"      : -4.0,
        "fRotation" : 0.0,
        "strID"     : "e8f7daca-841a-4914-8651-a71902e79f2e",
        "bForceLoad" : false
      },
      {
        "strName" : "ItmLitWall1x0",
        "fX"      : 4.0,
        "fY"      : -4.0,
        "fRotation" : 90.0,
        "strID"     : "ffa5e6f7-dd01-49c1-9212-ed59b7ccbf3b",
        "bForceLoad" : false
      },
      {
        "strName" : "ItmLitWall1x0",
        "fX"      : 6.0,
        "fY"      : -4.0,
        "fRotation" : 270.0,
        "strID"     : "c893c101-c683-44d4-9316-36454f05bd19",
        "bForceLoad" : false
      },
      {
        "strName" : "ItmConduit01",
        "fX"      : 7.0,
        "fY"      : 10.0,
        "fRotation" : 0.0,
        "strID"     : "736daa3a-94b2-4c49-aa06-da6270be0970",
        "bForceLoad" : false
      },
      {
        "strName" : "ItmConduit01",
        "fX"      : 8.0,
        "fY"      : 10.0,
        "fRotation" : 0.0,
        "strID"     : "7c6f790a-414d-4f12-9997-de096969046b",
        "bForceLoad" : false
      },
      {
        "strName" : "ItmConduit01",
        "fX"      : 8.0,
        "fY"      : 9.0,
        "fRotation" : 0.0,
        "strID"     : "9b09831a-a9c1-4f0f-a09f-f51bb06a9e7c",
        "bForceLoad" : false
      },
      {
        "strName" : "ItmConduit01",
        "fX"      : 9.0,
        "fY"      : 7.0,
        "fRotation" : 0.0,
        "strID"     : "872c3b79-d57b-4649-8972-a2e3d8135d33",
        "bForceLoad" : false
      },
      {
        "strName" : "ItmWallRYOB01",
        "fX"      : 9.0,
        "fY"      : 3.0,
        "fRotation" : 0.0,
        "strID"     : "941d2b22-a053-4a03-9689-54e526ba2370",
        "bForceLoad" : false
      },
      {
        "strName" : "ItmWallRYOB01",
        "fX"      : 9.0,
        "fY"      : 4.0,
        "fRotation" : 0.0,
        "strID"     : "ed03aa5c-1801-40f8-867c-5d3b4d749356",
        "bForceLoad" : false
      },
      {
        "strName" : "ItmWallRYOB01",
        "fX"      : 9.0,
        "fY"      : 5.0,
        "fRotation" : 0.0,
        "strID"     : "b11f32d1-d5d4-4ab5-b2b6-c4ce635b8c4d",
        "bForceLoad" : false
      },
      {
        "strName" : "ItmWallRYOB01",
        "fX"      : 9.0,
        "fY"      : 6.0,
        "fRotation" : 0.0,
        "strID"     : "8611acbe-7707-49ba-b662-58454e2df302",
        "bForceLoad" : false
      },
      {
        "strName" : "ItmWallRYOB01",
        "fX"      : 3.0,
        "fY"      : 10.0,
        "fRotation" : 0.0,
        "strID"     : "def4196c-84e3-4512-b8fa-47a2d80e2962",
        "bForceLoad" : false
      },
      {
        "strName" : "ItmWallRYOB01",
        "fX"      : 4.0,
        "fY"      : 10.0,
        "fRotation" : 0.0,
        "strID"     : "323766ed-4447-402e-a9c2-f025b6d2d7f4",
        "bForceLoad" : false
      },
      {
        "strName" : "ItmFloorRYOF01",
        "fX"      : 1.0,
        "fY"      : 4.0,
        "fRotation" : 0.0,
        "strID"     : "ebd73c69-5202-4878-8de1-e5797f0f9ba5",
        "bForceLoad" : false
      },
      {
        "strName" : "ItmFloorRYOF01",
        "fX"      : 9.0,
        "fY"      : 4.0,
        "fRotation" : 0.0,
        "strID"     : "ba2925d2-891b-4402-ab00-fd717d56c9cc",
        "bForceLoad" : false
      },
      {
        "strName" : "ItmFloorRYOF01",
        "fX"      : 9.0,
        "fY"      : 5.0,
        "fRotation" : 0.0,
        "strID"     : "2c2a0304-263a-4175-93c0-80c4ce301bf3",
        "bForceLoad" : false
      },
      {
        "strName" : "ItmFloorRYOF01",
        "fX"      : 8.0,
        "fY"      : 5.0,
        "fRotation" : 0.0,
        "strID"     : "73063945-5c38-436e-b3ac-4fa15aaa921c",
        "bForceLoad" : false
      },
      {
        "strName" : "ItmFloorRYOF01",
        "fX"      : 7.0,
        "fY"      : 5.0,
        "fRotation" : 0.0,
        "strID"     : "ffed5957-2ac0-4f7f-9a49-0befc3068b18",
        "bForceLoad" : false
      },
      {
        "strName" : "ItmFloorRYOF01",
        "fX"      : 6.0,
        "fY"      : 5.0,
        "fRotation" : 0.0,
        "strID"     : "a902d35a-da87-4f56-8985-56f23816917c",
        "bForceLoad" : false
      },
      {
        "strName" : "ItmFloorRYOF01",
        "fX"      : 5.0,
        "fY"      : 5.0,
        "fRotation" : 0.0,
        "strID"     : "751a28ac-894f-4869-aec5-bfb2485e1f65",
        "bForceLoad" : false
      },
      {
        "strName" : "ItmFloorRYOF01",
        "fX"      : 4.0,
        "fY"      : 5.0,
        "fRotation" : 0.0,
        "strID"     : "494e87f0-8178-43be-a0f9-559d613112fd",
        "bForceLoad" : false
      },
      {
        "strName" : "ItmFloorRYOF01",
        "fX"      : 3.0,
        "fY"      : 5.0,
        "fRotation" : 0.0,
        "strID"     : "f5d39de4-484f-4929-ac3a-1c56bf89a514",
        "bForceLoad" : false
      },
      {
        "strName" : "ItmFloorRYOF01",
        "fX"      : 2.0,
        "fY"      : 5.0,
        "fRotation" : 0.0,
        "strID"     : "a4919198-11c5-4be6-8c59-917e792ff53b",
        "bForceLoad" : false
      },
      {
        "strName" : "ItmFloorRYOF01",
        "fX"      : 1.0,
        "fY"      : 5.0,
        "fRotation" : 0.0,
        "strID"     : "76baac7a-4db9-4b3b-8781-219fdf9cfb80",
        "bForceLoad" : false
      },
      {
        "strName" : "ItmFloorRYOF01",
        "fX"      : 1.0,
        "fY"      : 6.0,
        "fRotation" : 0.0,
        "strID"     : "3c1294ed-651b-4205-a815-f05669839119",
        "bForceLoad" : false
      },
      {
        "strName" : "ItmFloorRYOF01",
        "fX"      : 1.0,
        "fY"      : 7.0,
        "fRotation" : 0.0,
        "strID"     : "7325e1cd-fb9d-4241-b882-60ed1be0c432",
        "bForceLoad" : false
      },
      {
        "strName" : "ItmFloorRYOF01",
        "fX"      : 1.0,
        "fY"      : 8.0,
        "fRotation" : 0.0,
        "strID"     : "47a1f610-80a9-421d-a8c3-87a9d2e85bca",
        "bForceLoad" : false
      },
      {
        "strName" : "ItmConduit01",
        "fX"      : 9.0,
        "fY"      : 6.0,
        "fRotation" : 0.0,
        "strID"     : "f5b87689-ad2f-406d-8e6f-7323bd428743",
        "bForceLoad" : false
      },
      {
        "strName" : "ItmConduit01",
        "fX"      : 9.0,
        "fY"      : 5.0,
        "fRotation" : 0.0,
        "strID"     : "642ab071-adf7-4f91-bf3b-d97f318f4e52",
        "bForceLoad" : false
      },
      {
        "strName" : "ItmConduit01",
        "fX"      : 9.0,
        "fY"      : 4.0,
        "fRotation" : 0.0,
        "strID"     : "55101b5b-8008-46f4-b4fe-f562e6d4f631",
        "bForceLoad" : false
      },
      {
        "strName" : "ItmConduit01",
        "fX"      : 9.0,
        "fY"      : 3.0,
        "fRotation" : 0.0,
        "strID"     : "89c9bf4c-3114-4dd0-8222-ad27e5c2dd41",
        "bForceLoad" : false
      },
      {
        "strName" : "ItmConduit01",
        "fX"      : 9.0,
        "fY"      : 2.0,
        "fRotation" : 0.0,
        "strID"     : "4d02e367-ca78-4882-a280-fe3287c1f5a3",
        "bForceLoad" : false
      },
      {
        "strName" : "ItmConduit01",
        "fX"      : 9.0,
        "fY"      : 1.0,
        "fRotation" : 0.0,
        "strID"     : "f8ec5057-5375-4b6a-a7f7-b24f5faf728b",
        "bForceLoad" : false
      },
      {
        "strName" : "ItmConduit01",
        "fX"      : 9.0,
        "fY"      : -1.0,
        "fRotation" : 0.0,
        "strID"     : "fc9ea19f-0996-47f4-aae2-5f58311e9b11",
        "bForceLoad" : false
      },
      {
        "strName" : "ItmConduit01",
        "fX"      : 1.0,
        "fY"      : 7.0,
        "fRotation" : 0.0,
        "strID"     : "a42af937-c0cb-406d-b589-d039eb8c1fb2",
        "bForceLoad" : false
      },
      {
        "strName" : "ItmConduit01",
        "fX"      : 1.0,
        "fY"      : 6.0,
        "fRotation" : 0.0,
        "strID"     : "82e82e36-184d-4362-9267-cb59b48762f3",
        "bForceLoad" : false
      },
      {
        "strName" : "ItmConduit01",
        "fX"      : 1.0,
        "fY"      : 5.0,
        "fRotation" : 0.0,
        "strID"     : "11c46484-081b-49f9-ac3c-6c55e6f16733",
        "bForceLoad" : false
      },
      {
        "strName" : "ItmConduit01",
        "fX"      : 1.0,
        "fY"      : 4.0,
        "fRotation" : 0.0,
        "strID"     : "2be0c920-b15f-425c-883f-964c5df10b42",
        "bForceLoad" : false
      },
      {
        "strName" : "ItmWallRYOB01",
        "fX"      : 2.0,
        "fY"      : 10.0,
        "fRotation" : 0.0,
        "strID"     : "622d4cad-5f51-47fd-b278-6318465f02e8",
        "bForceLoad" : false
      },
      {
        "strName" : "ItmWallRYOB01",
        "fX"      : 2.0,
        "fY"      : 9.0,
        "fRotation" : 0.0,
        "strID"     : "2468db9d-204a-405b-8ed5-4ec3dee499bb",
        "bForceLoad" : false
      },
      {
        "strName" : "ItmWallRYOB01",
        "fX"      : 9.0,
        "fY"      : 7.0,
        "fRotation" : 0.0,
        "strID"     : "45073048-8259-4eee-9cc8-3c9d42f16ea5",
        "bForceLoad" : false
      },
      {
        "strName" : "ItmWallRYOB01",
        "fX"      : 1.0,
        "fY"      : 7.0,
        "fRotation" : 0.0,
        "strID"     : "357c6e24-d3df-4fc4-a9c1-5e5c39be751e",
        "bForceLoad" : false
      },
      {
        "strName" : "ItmWallRYOB01",
        "fX"      : 1.0,
        "fY"      : 6.0,
        "fRotation" : 0.0,
        "strID"     : "086faf19-e62a-46e7-b903-085e2c12519d",
        "bForceLoad" : false
      },
      {
        "strName" : "ItmWallRYOB01",
        "fX"      : 1.0,
        "fY"      : 5.0,
        "fRotation" : 0.0,
        "strID"     : "c6daefdc-d3f2-4979-94a4-ca9ebc584a45",
        "bForceLoad" : false
      },
      {
        "strName" : "ItmWallRYOB01",
        "fX"      : 1.0,
        "fY"      : 4.0,
        "fRotation" : 0.0,
        "strID"     : "a15f78c5-09fb-4b18-8492-7d8fc32ca536",
        "bForceLoad" : false
      },
      {
        "strName" : "ItmWallRYOB01",
        "fX"      : 1.0,
        "fY"      : 3.0,
        "fRotation" : 0.0,
        "strID"     : "143b0da0-2669-4191-b4dd-7acc4caf6998",
        "bForceLoad" : false
      },
      {
        "strName" : "ItmFloorRYOF01",
        "fX"      : 8.0,
        "fY"      : -3.0,
        "fRotation" : 0.0,
        "strID"     : "d1d60cb6-3f24-4f62-a2ac-d9eb73a4d946",
        "bForceLoad" : false
      },
      {
        "strName" : "ItmFloorRYOF01",
        "fX"      : 8.0,
        "fY"      : -4.0,
        "fRotation" : 0.0,
        "strID"     : "4ead8fed-802a-4b0f-a8ec-452c572ce535",
        "bForceLoad" : false
      },
      {
        "strName" : "ItmFloorRYOF01",
        "fX"      : 7.0,
        "fY"      : -4.0,
        "fRotation" : 0.0,
        "strID"     : "43fb9fa3-8af4-4d7d-bb9f-6bb5bbfba322",
        "bForceLoad" : false
      },
      {
        "strName" : "ItmFloorRYOF01",
        "fX"      : 3.0,
        "fY"      : -4.0,
        "fRotation" : 0.0,
        "strID"     : "dde7035d-d74c-4c8d-b1eb-5ff0ba1f4ba6",
        "bForceLoad" : false
      },
      {
        "strName" : "ItmFloorRYOF01",
        "fX"      : 2.0,
        "fY"      : -4.0,
        "fRotation" : 0.0,
        "strID"     : "d2003f07-41ab-4bac-b393-3f0bfa5d8bb4",
        "bForceLoad" : false
      },
      {
        "strName" : "ItmFloorRYOF01",
        "fX"      : 2.0,
        "fY"      : -3.0,
        "fRotation" : 0.0,
        "strID"     : "574311d2-71fd-4257-a9a3-5227a45fb0a7",
        "bForceLoad" : false
      },
      {
        "strName" : "ItmFloorRYOF01",
        "fX"      : 2.0,
        "fY"      : 10.0,
        "fRotation" : 0.0,
        "strID"     : "afae195d-9d56-455d-a0df-d12b0ba0423c",
        "bForceLoad" : false
      },
      {
        "strName" : "ItmFloorRYOF01",
        "fX"      : 2.0,
        "fY"      : 9.0,
        "fRotation" : 0.0,
        "strID"     : "47b16ed2-a690-484f-bc96-ed6d9a498c82",
        "bForceLoad" : false
      },
      {
        "strName" : "ItmFloorRYOF01",
        "fX"      : 2.0,
        "fY"      : 8.0,
        "fRotation" : 0.0,
        "strID"     : "f552a5d8-1904-41f2-8ac8-0e9f58d0d343",
        "bForceLoad" : false
      },
      {
        "strName" : "ItmFloorRYOF01",
        "fX"      : 2.0,
        "fY"      : 7.0,
        "fRotation" : 0.0,
        "strID"     : "c443a98a-c0f3-41c9-bd93-990c04db9f8d",
        "bForceLoad" : false
      },
      {
        "strName" : "ItmFloorRYOF01",
        "fX"      : 2.0,
        "fY"      : 6.0,
        "fRotation" : 0.0,
        "strID"     : "ec3da695-3963-4880-ab41-9a1a9dbd04cf",
        "bForceLoad" : false
      },
      {
        "strName" : "ItmFloorRYOF01",
        "fX"      : 3.0,
        "fY"      : 6.0,
        "fRotation" : 0.0,
        "strID"     : "114f34eb-df24-449a-b1bb-6732b6d61def",
        "bForceLoad" : false
      },
      {
        "strName" : "ItmFloorRYOF01",
        "fX"      : 3.0,
        "fY"      : 7.0,
        "fRotation" : 0.0,
        "strID"     : "8c0a6992-4546-4609-bf9a-cf67291641a8",
        "bForceLoad" : false
      },
      {
        "strName" : "ItmFloorRYOF01",
        "fX"      : 3.0,
        "fY"      : 8.0,
        "fRotation" : 0.0,
        "strID"     : "07cf4936-547c-4dcd-856d-91223ef18a4a",
        "bForceLoad" : false
      },
      {
        "strName" : "ItmFloorRYOF01",
        "fX"      : 3.0,
        "fY"      : 9.0,
        "fRotation" : 0.0,
        "strID"     : "6608e08a-ca38-4801-9ee9-462814043e2d",
        "bForceLoad" : false
      },
      {
        "strName" : "ItmFloorRYOF01",
        "fX"      : 3.0,
        "fY"      : 10.0,
        "fRotation" : 0.0,
        "strID"     : "52ac8d74-6b69-4386-8094-92a2c91dab32",
        "bForceLoad" : false
      },
      {
        "strName" : "ItmFloorRYOF01",
        "fX"      : 4.0,
        "fY"      : 10.0,
        "fRotation" : 0.0,
        "strID"     : "3349d5fd-dc39-4bc8-b582-469f2e8d58c7",
        "bForceLoad" : false
      },
      {
        "strName" : "ItmFloorRYOF01",
        "fX"      : 4.0,
        "fY"      : 9.0,
        "fRotation" : 0.0,
        "strID"     : "af33cc21-1096-471b-84f3-3890dceec997",
        "bForceLoad" : false
      },
      {
        "strName" : "ItmFloorRYOF01",
        "fX"      : 4.0,
        "fY"      : 8.0,
        "fRotation" : 0.0,
        "strID"     : "aa907d00-381a-457f-ace9-e5cd5d0b5d89",
        "bForceLoad" : false
      },
      {
        "strName" : "ItmFloorRYOF01",
        "fX"      : 4.0,
        "fY"      : 7.0,
        "fRotation" : 0.0,
        "strID"     : "d4099d58-3f79-4f12-a897-af64a5deed48",
        "bForceLoad" : false
      },
      {
        "strName" : "ItmFloorRYOF01",
        "fX"      : 4.0,
        "fY"      : 6.0,
        "fRotation" : 0.0,
        "strID"     : "a0ae8804-c0ba-4d47-a970-229698add809",
        "bForceLoad" : false
      },
      {
        "strName" : "ItmFloorRYOF01",
        "fX"      : 5.0,
        "fY"      : 6.0,
        "fRotation" : 0.0,
        "strID"     : "7c433acd-652e-4629-a87f-9baf8dc17af1",
        "bForceLoad" : false
      },
      {
        "strName" : "ItmFloorRYOF01",
        "fX"      : 5.0,
        "fY"      : 7.0,
        "fRotation" : 0.0,
        "strID"     : "bb9a4677-1015-4958-8483-06167d88da18",
        "bForceLoad" : false
      },
      {
        "strName" : "ItmFloorRYOF01",
        "fX"      : 5.0,
        "fY"      : 8.0,
        "fRotation" : 0.0,
        "strID"     : "66f266e9-0f79-4ba5-9102-74fe1abbdd30",
        "bForceLoad" : false
      },
      {
        "strName" : "ItmFloorRYOF01",
        "fX"      : 5.0,
        "fY"      : 9.0,
        "fRotation" : 0.0,
        "strID"     : "0eb8c46a-81cf-43c9-a65e-46bdb1c507c6",
        "bForceLoad" : false
      },
      {
        "strName" : "ItmFloorRYOF01",
        "fX"      : 5.0,
        "fY"      : 10.0,
        "fRotation" : 0.0,
        "strID"     : "20af7be6-4d22-4144-a71b-0ee4b8f4c6be",
        "bForceLoad" : false
      },
      {
        "strName" : "SysLootSpawner",
        "fX"      : 6.0,
        "fY"      : -3.0,
        "fRotation" : 0.0,
        "strID"     : "58deee82-3326-418f-abc8-0f18d9e94c5c",
        "bForceLoad" : false,
        "aGPMSettings" : [
          {
            "strName" : "Panel A",
            "dictGUIPropMap" : [
              "strGUIPrefab",
              "GUILootSpawn",
              "strFriendlyName",
              "Loot Spawner",
              "strGUIPrefabRight",
              null,
              "strGUIPrefabLeft",
              null,
              "strGUIPrefabUp",
              null,
              "strGUIPrefabDown",
              null,
              "strType",
              "Loot",
              "strLoot",
              "ItmDerelictMediumAirlock",
              "strRange",
              "1",
              "strCount",
              "3",
              "strDamaged",
              "True",
              "strDerelict",
              "True"
            ]
          }
        ]
      },
      {
        "strName" : "ItmFloorRYOF01",
        "fX"      : 6.0,
        "fY"      : 10.0,
        "fRotation" : 0.0,
        "strID"     : "af751e8b-94a5-464b-95df-3ea2e2e9bcc5",
        "bForceLoad" : false
      },
      {
        "strName" : "ItmFloorRYOF01",
        "fX"      : 6.0,
        "fY"      : 9.0,
        "fRotation" : 0.0,
        "strID"     : "cf556ce6-08b1-42d9-9755-0ca37ea9796e",
        "bForceLoad" : false
      },
      {
        "strName" : "ItmFloorRYOF01",
        "fX"      : 6.0,
        "fY"      : 8.0,
        "fRotation" : 0.0,
        "strID"     : "52b5bcbf-4ff8-4799-bbe7-a67511bce2e9",
        "bForceLoad" : false
      },
      {
        "strName" : "ItmFloorRYOF01",
        "fX"      : 6.0,
        "fY"      : 7.0,
        "fRotation" : 0.0,
        "strID"     : "b08f381b-b9c2-4bdb-82d2-44b6fc490361",
        "bForceLoad" : false
      },
      {
        "strName" : "ItmFloorRYOF01",
        "fX"      : 6.0,
        "fY"      : 6.0,
        "fRotation" : 0.0,
        "strID"     : "5b7c9662-3624-4d5f-ab90-2c73b48e823a",
        "bForceLoad" : false
      },
      {
        "strName" : "ItmFloorRYOF01",
        "fX"      : 7.0,
        "fY"      : 6.0,
        "fRotation" : 0.0,
        "strID"     : "be2080fb-f311-489b-8676-2c168b5b2356",
        "bForceLoad" : false
      },
      {
        "strName" : "ItmFloorRYOF01",
        "fX"      : 7.0,
        "fY"      : 7.0,
        "fRotation" : 0.0,
        "strID"     : "8b1bd18d-3efc-4209-8686-6bbd5fd26f00",
        "bForceLoad" : false
      },
      {
        "strName" : "ItmFloorRYOF01",
        "fX"      : 7.0,
        "fY"      : 8.0,
        "fRotation" : 0.0,
        "strID"     : "902c4290-bdab-4b3d-aedc-e14abdc54556",
        "bForceLoad" : false
      },
      {
        "strName" : "ItmFloorRYOF01",
        "fX"      : 7.0,
        "fY"      : 9.0,
        "fRotation" : 0.0,
        "strID"     : "db5e6d5d-7aa1-4701-a030-0d2d6972517c",
        "bForceLoad" : false
      },
      {
        "strName" : "ItmFloorRYOF01",
        "fX"      : 7.0,
        "fY"      : 10.0,
        "fRotation" : 0.0,
        "strID"     : "82fa705c-4795-41e3-8a7b-43d405d06836",
        "bForceLoad" : false
      },
      {
        "strName" : "SysLootSpawner",
        "fX"      : 7.0,
        "fY"      : 5.0,
        "fRotation" : 0.0,
        "strID"     : "a1907e25-0194-438f-b53c-50ffb75bd8c2",
        "bForceLoad" : false,
        "aGPMSettings" : [
          {
            "strName" : "Panel A",
            "dictGUIPropMap" : [
              "strGUIPrefab",
              "GUILootSpawn",
              "strFriendlyName",
              "Loot Spawner",
              "strGUIPrefabRight",
              null,
              "strGUIPrefabLeft",
              null,
              "strGUIPrefabUp",
              null,
              "strGUIPrefabDown",
              null,
              "strType",
              "Loot",
              "strLoot",
              "ItmDerelictSpareFloorRYOF",
              "strRange",
              "1",
              "strCount",
              "1",
              "strDamaged",
              "True",
              "strDerelict",
              "True"
            ]
          }
        ]
      },
      {
        "strName" : "ItmLitWall1x0",
        "fX"      : 5.0,
        "fY"      : 9.0,
        "fRotation" : 0.0,
        "strID"     : "89f8d998-71f4-4dcb-b5b6-576b1529486e",
        "bForceLoad" : false
      },
      {
        "strName" : "ItmLitWall1x0",
        "fX"      : 10.0,
        "fY"      : 5.0,
        "fRotation" : 90.0,
        "strID"     : "6a97743b-c80c-4a72-9bf0-e5e19397bb51",
        "bForceLoad" : false
      },
      {
        "strName" : "ItmAlarmO2OnG",
        "fX"      : 3.0,
        "fY"      : 9.0,
        "fRotation" : 0.0,
        "strID"     : "08669f5b-9c3c-4679-9372-5bfd55eb3dd5",
        "bForceLoad" : false,
        "aGPMSettings" : [
          {
            "strName" : "Panel A",
            "dictGUIPropMap" : [
              "strGUIPrefab",
              "GUIOnOff",
              "strFriendlyName",
              "Alarm",
              "strGUIPrefabRight",
              null,
              "strGUIPrefabLeft",
              null,
              "strGUIPrefabUp",
              null,
              "strGUIPrefabDown",
              null,
              "strTitle",
              "Alarm Override"
            ]
          }
        ]
      },
      {
        "strName" : "ItmAlarmTempOnW",
        "fX"      : 7.0,
        "fY"      : 9.0,
        "fRotation" : 0.0,
        "strID"     : "c3dc4b5c-075f-4e1f-879e-6a32b88da2ae",
        "bForceLoad" : false,
        "aGPMSettings" : [
          {
            "strName" : "Panel A",
            "dictGUIPropMap" : [
              "strGUIPrefab",
              "GUIOnOff",
              "strFriendlyName",
              "Alarm",
              "strGUIPrefabRight",
              null,
              "strGUIPrefabLeft",
              null,
              "strGUIPrefabUp",
              null,
              "strGUIPrefabDown",
              null,
              "strTitle",
              "Alarm Override"
            ]
          }
        ]
      },
      {
        "strName" : "ItmStationNav",
        "fX"      : 5.0,
        "fY"      : 8.0,
        "fRotation" : 0.0,
        "strID"     : "e22054fa-242b-456e-8308-b0cae8fbe228",
        "bForceLoad" : false,
        "aGPMSettings" : [
          {
            "strName" : "Panel A",
            "dictGUIPropMap" : [
              "strGUIPrefab",
              "GUIOrbitDraw/GUIOrbitDraw",
              "strFriendlyName",
              "Nav Controls",
              "strGUIPrefabRight",
              "Panel Right",
              "strGUIPrefabLeft",
              null,
              "strGUIPrefabUp",
              null,
              "strGUIPrefabDown",
              null
            ]
          },
          {
            "strName" : "Panel Right",
            "dictGUIPropMap" : [
              "strGUIPrefab",
              "GUIDockSys",
              "strFriendlyName",
              "Docking Controls",
              "strGUIPrefabRight",
              null,
              "strGUIPrefabLeft",
              "Panel A",
              "strGUIPrefabUp",
              null,
              "strGUIPrefabDown",
              null
            ]
          },
          {
            "strName" : "Panel Computer",
            "dictGUIPropMap" : [
              "strGUIPrefab",
              "GUIComputer/GUIComputer2",
              "strFriendlyName",
              "PDA",
              "strGUIPrefabRight",
              null,
              "strGUIPrefabLeft",
              null,
              "strGUIPrefabUp",
              null,
              "strGUIPrefabDown",
              null
            ]
          }
        ]
      },
      {
        "strName" : "ItmWallRYOB01",
        "fX"      : 9.0,
        "fY"      : 8.0,
        "fRotation" : 0.0,
        "strID"     : "073b5e35-c6f5-4451-b066-189dcf7e365b",
        "bForceLoad" : false
      },
      {
        "strName" : "ItmWallRYOB01",
        "fX"      : 8.0,
        "fY"      : 8.0,
        "fRotation" : 0.0,
        "strID"     : "dd770d25-7f46-4811-a2f7-e19d189710d3",
        "bForceLoad" : false
      },
      {
        "strName" : "ItmWallRYOB01",
        "fX"      : 8.0,
        "fY"      : 9.0,
        "fRotation" : 0.0,
        "strID"     : "b5b3fa30-413d-443a-b3a6-57879da57b94",
        "bForceLoad" : false
      },
      {
        "strName" : "ItmFloorRYOF01",
        "fX"      : 8.0,
        "fY"      : 10.0,
        "fRotation" : 0.0,
        "strID"     : "5d66ab50-ff44-450f-baba-cc576fd79585",
        "bForceLoad" : false
      },
      {
        "strName" : "ItmFloorRYOF01",
        "fX"      : 8.0,
        "fY"      : 9.0,
        "fRotation" : 0.0,
        "strID"     : "84c4c03d-36e0-4d5d-b647-c9636044eb47",
        "bForceLoad" : false
      },
      {
        "strName" : "ItmFloorRYOF01",
        "fX"      : 8.0,
        "fY"      : 8.0,
        "fRotation" : 0.0,
        "strID"     : "8d8ee6c5-1b95-43c7-bfa0-28fcaee539f5",
        "bForceLoad" : false
      },
      {
        "strName" : "ItmFloorRYOF01",
        "fX"      : 8.0,
        "fY"      : 7.0,
        "fRotation" : 0.0,
        "strID"     : "7f7d796d-e16a-45b3-bd58-8f9264fc439a",
        "bForceLoad" : false
      },
      {
        "strName" : "ItmFloorRYOF01",
        "fX"      : 8.0,
        "fY"      : 6.0,
        "fRotation" : 0.0,
        "strID"     : "de809dbb-572e-41ab-9fbd-1a7f8d1e0c17",
        "bForceLoad" : false
      },
      {
        "strName" : "ItmFloorRYOF01",
        "fX"      : 9.0,
        "fY"      : 6.0,
        "fRotation" : 0.0,
        "strID"     : "281ebab1-50c7-4a64-8845-0f8001e8ee3a",
        "bForceLoad" : false
      },
      {
        "strName" : "ItmFloorRYOF01",
        "fX"      : 9.0,
        "fY"      : 7.0,
        "fRotation" : 0.0,
        "strID"     : "0a0697fc-ca77-4ea4-acf3-c5e1ab9953f7",
        "bForceLoad" : false
      },
      {
        "strName" : "ItmFloorRYOF01",
        "fX"      : 9.0,
        "fY"      : 8.0,
        "fRotation" : 0.0,
        "strID"     : "997a6c91-a3f7-4c5b-ba29-d2f191977d66",
        "bForceLoad" : false
      },
      {
        "strName" : "ItmWallRYOB01",
        "fX"      : 2.0,
        "fY"      : 8.0,
        "fRotation" : 0.0,
        "strID"     : "8e5daea7-a016-4c05-83be-0aeb4c9c5884",
        "bForceLoad" : false
      },
      {
        "strName" : "ItmWallRYOB01",
        "fX"      : 1.0,
        "fY"      : 8.0,
        "fRotation" : 0.0,
        "strID"     : "07f0ccb6-1965-4cda-a329-b366b55d9693",
        "bForceLoad" : false
      },
      {
        "strName" : "ItmWallRYOB01",
        "fX"      : 8.0,
        "fY"      : 10.0,
        "fRotation" : 0.0,
        "strID"     : "49c42236-26f9-4d4a-b23d-a5d80e39db5e",
        "bForceLoad" : false
      },
      {
        "strName" : "ItmWallRYOB01",
        "fX"      : 7.0,
        "fY"      : 10.0,
        "fRotation" : 0.0,
        "strID"     : "9c08cac5-d04f-4544-9ba3-16fbd9a3f508",
        "bForceLoad" : false
      },
      {
        "strName" : "ItmWallRYOB01",
        "fX"      : 6.0,
        "fY"      : 10.0,
        "fRotation" : 0.0,
        "strID"     : "568f3859-b23e-48da-97c2-d064777f475d",
        "bForceLoad" : false
      },
      {
        "strName" : "ItmWallRYOB01",
        "fX"      : 5.0,
        "fY"      : 10.0,
        "fRotation" : 0.0,
        "strID"     : "5786887d-a4d3-496c-9608-ba6196dd0e33",
        "bForceLoad" : false
      },
      {
        "strName" : "ItmDocumentOgiso01",
        "fX"      : 8.0,
        "fY"      : 5.0,
        "fRotation" : 270.0,
        "strID"     : "3275c2a1-b3b4-479a-8658-55c821a5d59d",
        "bForceLoad" : false,
        "aGPMSettings" : [
          {
            "strName" : "Panel A",
            "dictGUIPropMap" : [
              "strGUIPrefab",
              "GUIOneSheet",
              "strFriendlyName",
              "Ogiso's Register Work Safety",
              "strGUIPrefabRight",
              null,
              "strGUIPrefabLeft",
              null,
              "strGUIPrefabUp",
              null,
              "strGUIPrefabDown",
              null,
              "strPNG",
              "manuals/Ogiso's Register Work Safety Poster/000.png"
            ]
          }
        ]
      },
      {
        "strName" : "SysLootSpawner",
        "fX"      : 7.0,
        "fY"      : 3.0,
        "fRotation" : 0.0,
        "strID"     : "d2d30121-82d3-4ccb-afce-ce72bae07cdf",
        "bForceLoad" : false,
        "aGPMSettings" : [
          {
            "strName" : "Panel A",
            "dictGUIPropMap" : [
              "strGUIPrefab",
              "GUILootSpawn",
              "strFriendlyName",
              "Loot Spawner",
              "strGUIPrefabRight",
              null,
              "strGUIPrefabLeft",
              null,
              "strGUIPrefabUp",
              null,
              "strGUIPrefabDown",
              null,
              "strType",
              "Loot",
              "strLoot",
              "ItmDerelictSpareWallRYOB01",
              "strRange",
              "1",
              "strCount",
              "1",
              "strDamaged",
              "True",
              "strDerelict",
              "True"
            ]
          }
        ]
      },
      {
        "strName" : "ItmVent01Closed",
        "fX"      : 7.0,
        "fY"      : -2.0,
        "fRotation" : 0.0,
        "strID"     : "54503927-9df9-4d5a-b500-b04d5563b526",
        "bForceLoad" : false
      },
      {
        "strName" : "Compartment",
        "fX"      : 0.0,
        "fY"      : 10.0,
        "fRotation" : 0.0,
        "strID"     : "6f5c644b-45b2-46fb-ab61-44b86bc6bfd9",
        "bForceLoad" : false
      },
      {
        "strName" : "Compartment",
        "fX"      : 9.0,
        "fY"      : 10.0,
        "fRotation" : 0.0,
        "strID"     : "f8d6ca73-1a5f-4d6e-82d9-6f132b9d21ff",
        "bForceLoad" : false
      },
      {
        "strName" : "Compartment",
        "fX"      : 3.0,
        "fY"      : 9.0,
        "fRotation" : 0.0,
        "strID"     : "819394f5-2a9b-46b9-97f8-b53a95bbe5f8",
        "bForceLoad" : false
      },
      {
        "strName" : "Compartment",
        "fX"      : 3.0,
        "fY"      : -3.0,
        "fRotation" : 0.0,
        "strID"     : "7f145824-573a-445d-8675-1a193d48254e",
        "bForceLoad" : false
      }
    ],
    "aShallowPSpecs"   : [
      {
        "strName" : "SysLootSpawner",
        "fX"      : 5.0,
        "fY"      : 6.0,
        "fRotation" : 0.0,
        "strID"     : "5cb451f1-dd50-425d-b2a4-fa531b4e10f5",
        "bForceLoad" : false,
        "aGPMSettings" : [
          {
            "strName" : "Panel A",
            "dictGUIPropMap" : [
              "strGUIPrefab",
              "GUILootSpawn",
              "strFriendlyName",
              "Loot Spawner",
              "strGUIPrefabRight",
              null,
              "strGUIPrefabLeft",
              null,
              "strGUIPrefabUp",
              null,
              "strGUIPrefabDown",
              null,
              "strType",
              "Pspec",
              "strLoot",
              "NotBoarding",
              "strRange",
              "0",
              "strCount",
              "0",
              "strNew",
              "True",
              "strDamaged",
              "True",
              "strDerelict",
              "True"
            ]
          }
        ]
      },
      {
        "strName" : "SysLootSpawner",
        "fX"      : 5.0,
        "fY"      : -4.0,
        "fRotation" : 0.0,
        "strID"     : "35dc49b2-732c-460a-b36d-0de24277b2f1",
        "bForceLoad" : false,
        "aGPMSettings" : [
          {
            "strName" : "Panel A",
            "dictGUIPropMap" : [
              "strGUIPrefab",
              "GUILootSpawn",
              "strFriendlyName",
              "Loot Spawner",
              "strGUIPrefabRight",
              null,
              "strGUIPrefabLeft",
              null,
              "strGUIPrefabUp",
              null,
              "strGUIPrefabDown",
              null,
              "strType",
              "Pspec",
              "strLoot",
              "Boarding",
              "strRange",
              "1",
              "strCount",
              "0",
              "strNew",
              "True",
              "strDamaged",
              "True",
              "strDerelict",
              "True"
            ]
          }
        ]
      }
    ],
    "vShipPos"         : {
      "x" : 5.0,
      "y" : 6.0
    },
    "objSS"            : {
      "boPORShip" : "1036 Ganymed",
      "vPosx"     : 0.973879770909107,
      "vPosy"     : -1.56527413756599,
      "vBOOffsetx" : -2.4917597852836E-06,
      "vBOOffsety" : -3.1842221399625E-06,
      "vVelX"      : 1.6719351825234E-07,
      "vVelY"      : 1.35867452843996E-08,
      "vAccIn"     : {
        "x" : 0.0,
        "y" : 0.0
      },
      "vAccRCS"    : {
        "x" : 0.0,
        "y" : 0.0
      },
      "vAccEx"     : {
        "x" : 0.0,
        "y" : 0.0
      },
      "fRot"       : 1.590802,
      "fW"         : 0.0,
      "fA"         : 0.0,
      "bBOLocked"  : true,
      "bIsBO"      : false,
      "bIsRegion"  : false,
      "bIsNoFees"  : false
    },
    "aRooms"           : [
      {
        "strID" : "6f5c644b-45b2-46fb-ab61-44b86bc6bfd9",
        "bVoid" : true,
        "aTiles" : [
          0,
          1,
          11,
          12,
          22,
          33,
          44,
          55,
          66,
          77,
          88,
          99,
          110,
          121,
          132,
          143,
          144,
          154,
          155,
          165,
          166,
          176,
          167,
          177,
          178
        ]
      },
      {
        "strID" : "f8d6ca73-1a5f-4d6e-82d9-6f132b9d21ff",
        "bVoid" : true,
        "aTiles" : [
          9,
          10,
          20,
          21,
          32,
          43,
          54,
          65,
          76,
          87,
          98,
          109,
          120,
          131,
          142,
          153,
          152,
          164,
          163,
          175,
          174,
          186,
          173,
          185,
          184
        ]
      },
      {
        "strID" : "819394f5-2a9b-46b9-97f8-b53a95bbe5f8",
        "bVoid" : false,
        "aTiles" : [
          14,
          15,
          25,
          16,
          26,
          36,
          17,
          27,
          37,
          35,
          47,
          18,
          28,
          38,
          48,
          46,
          58,
          29,
          39,
          49,
          59,
          57,
          69,
          40,
          50,
          60,
          70,
          68,
          80,
          41,
          51,
          61,
          71,
          81,
          79,
          91,
          52,
          62,
          72,
          82,
          92,
          90,
          102,
          63,
          73,
          83,
          93,
          103,
          101,
          113,
          74,
          84,
          94,
          104,
          114,
          112,
          124,
          85,
          95,
          105,
          115,
          125,
          123,
          96,
          106,
          116,
          126,
          107,
          117,
          127,
          137,
          118,
          128,
          129
        ]
      },
      {
        "strID" : "7f145824-573a-445d-8675-1a193d48254e",
        "bVoid" : false,
        "aTiles" : [
          146,
          147,
          148,
          158,
          149,
          159,
          169,
          150,
          160,
          170,
          171,
          181
        ]
      }
    ],
    "DMGStatus"        : 2,
    "fLastVisit"       : 0.0,
    "fAIDockingTimer"  : 0.0,
    "fAIPauseTimer"    : 0.0,
    "bPrefill"         : true,
    "bNoCollisions"    : false,
    "dLastScanTime"    : 65627558071.5845,
    "bLocalAuthority"  : false,
    "bAIShip"          : false,
    "make"             : "Ryokka",
    "model"            : "TU-77a",
    "year"             : "2059",
    "origin"           : "Virginia Colony",
    "designation"      : "Salvage Tug",
    "publicName"       : "Hiding My Power Level",
    "dimensions"       : "0.32m x 3.52m",
    "fShallowMass"     : 3903.005,
    "fShallowRCSRemass" : 749.2463964,
    "fShallowRCSRemassMax" : 749.364694715254,
    "fShallowFusionRemain" : 0.0,
    "fBreakInMultiplier"   : 0.2367719,
    "nRCSCount"            : 4,
    "nRCSDistroCount"      : 2,
    "nDockCount"           : 1,
    "bFusionTorch"         : false
  }
]