
[
  {
    "strName" : "Inspection Pod",
    "strRegID" : "O-VTD0",
    "nCurrentWaypoint" : -1,
    "fTimeEngaged"     : 162854.1,
    "aCOs"             : [
      {
        "strID" : "23c0af3f-160d-49ad-a95b-1bce6cc1421d",
        "strCODef" : "SysLootSpawner",
        "bAlive"   : true,
        "aConds"   : [
          "IsNonHighlightable=1.0x1",
          "IsHiddenInv=1.0x1",
          "IsLootSpawner=1.0x1",
          "IsSystem=1.0x1"
        ],
        "strCondID" : "SysLootSpawner23c0af3f-160d-49ad-a95b-1bce6cc1421d",
        "inventoryX" : 0,
        "inventoryY" : 0,
        "fDGasTemp"  : 0.0,
        "fLastICOUpdate" : 65627498854.0278,
        "nDestTile"      : 0,
        "strIdleAnim"    : "Idle",
        "aMyShips"       : [
          "O-VTD0"
        ],
        "strIMGPreview"  : "IcoLoot",
        "strFriendlyName" : "SysLootSpawner",
        "strRegIDLast"    : "O-VTD0"
      },
      {
        "strID" : "477d9f8a-4d4a-4a57-af5a-414261baac61",
        "strCODef" : "SysLootSpawner",
        "bAlive"   : true,
        "aConds"   : [
          "IsNonHighlightable=1.0x1",
          "IsHiddenInv=1.0x1",
          "IsLootSpawner=1.0x1",
          "IsSystem=1.0x1"
        ],
        "strCondID" : "SysLootSpawner477d9f8a-4d4a-4a57-af5a-414261baac61",
        "inventoryX" : 0,
        "inventoryY" : 0,
        "fDGasTemp"  : 0.0,
        "fLastICOUpdate" : 65627498854.0278,
        "nDestTile"      : 0,
        "strIdleAnim"    : "Idle",
        "aMyShips"       : [
          "O-VTD0"
        ],
        "strIMGPreview"  : "IcoLoot",
        "strFriendlyName" : "SysLootSpawner",
        "strRegIDLast"    : "O-VTD0"
      }
    ],
    "aItems"           : [
      {
        "strName" : "ItmWallTSDO01",
        "fX"      : -6.0,
        "fY"      : 11.0,
        "fRotation" : 0.0,
        "strID"     : "202a3e23-8e6d-408e-9b42-e6af4b344850",
        "bForceLoad" : false
      },
      {
        "strName" : "ItmWallTSDO01",
        "fX"      : -5.0,
        "fY"      : 11.0,
        "fRotation" : 0.0,
        "strID"     : "aa0d8868-db05-4005-a24e-df07cb74e8a8",
        "bForceLoad" : false
      },
      {
        "strName" : "ItmConduit01",
        "fX"      : 0.0,
        "fY"      : 4.0,
        "fRotation" : 0.0,
        "strID"     : "2906a2b4-cbb3-47bf-9754-392b51f69b14",
        "bForceLoad" : false
      },
      {
        "strName" : "ItmWallTSDO01",
        "fX"      : 3.0,
        "fY"      : 8.0,
        "fRotation" : 0.0,
        "strID"     : "70d75320-3c9e-4112-b472-8493b3d61ade",
        "bForceLoad" : false
      },
      {
        "strName" : "ItmCooler01On",
        "fX"      : -7.0,
        "fY"      : 6.5,
        "fRotation" : 90.0,
        "strID"     : "473aa233-4dc8-4ff4-bb62-bc86f2e0edb2",
        "bForceLoad" : false,
        "aGPMSettings" : [
          {
            "strName" : "Panel A",
            "dictGUIPropMap" : [
              "strGUIPrefab",
              "GUIAirPump",
              "strFriendlyName",
              "Cooler",
              "strGUIPrefabRight",
              null,
              "strGUIPrefabLeft",
              null,
              "strGUIPrefabUp",
              null,
              "strGUIPrefabDown",
              null,
              "strTitle",
              "Unscrew for Thermostat Sensor Input Signal",
              "strValidCOTrigger01",
              "TIsAlarmTemp",
              "strCondMonitor01",
              "DcGasTemp03",
              "strSubPoint",
              "Cool",
              "strAddPoint",
              "Heat",
              "strInput01",
              "0ca9f938-f8c9-4015-bea3-e490579140c4",
              "nKnobBus",
              "1",
              "bTurbo",
              "false",
              "bReverse",
              "false"
            ]
          }
        ]
      },
      {
        "strName" : "ItmFloorTSDO46_04",
        "fX"      : -6.0,
        "fY"      : 6.0,
        "fRotation" : 0.0,
        "strID"     : "083c022f-0eae-4d21-bb15-c0a7fabff927",
        "bForceLoad" : false
      },
      {
        "strName" : "ItmFloorTSDO46_04",
        "fX"      : -6.0,
        "fY"      : 7.0,
        "fRotation" : 0.0,
        "strID"     : "cb8d31c4-acf1-4350-a131-0272c9dfdf47",
        "bForceLoad" : false
      },
      {
        "strName" : "ItmFloorTSDO46_02",
        "fX"      : -6.0,
        "fY"      : 8.0,
        "fRotation" : 0.0,
        "strID"     : "833f37fa-ad86-4610-8071-202ae4601655",
        "bForceLoad" : false
      },
      {
        "strName" : "ItmFloorTSDO05",
        "fX"      : -6.0,
        "fY"      : 9.0,
        "fRotation" : 270.0,
        "strID"     : "74336907-42e5-41cb-b4fc-6b1700cf9711",
        "bForceLoad" : false
      },
      {
        "strName" : "ItmFloorTSDO01",
        "fX"      : -6.0,
        "fY"      : 10.0,
        "fRotation" : 0.0,
        "strID"     : "0d113e02-23f9-4ccf-8fbd-4a6e461fcfa4",
        "bForceLoad" : false
      },
      {
        "strName" : "ItmFloorTSDO46_04",
        "fX"      : -5.0,
        "fY"      : 6.0,
        "fRotation" : 0.0,
        "strID"     : "1fce3048-8fd5-41ec-8201-e08e76014c19",
        "bForceLoad" : false
      },
      {
        "strName" : "ItmFloorTSDO46_04",
        "fX"      : -4.0,
        "fY"      : 6.0,
        "fRotation" : 0.0,
        "strID"     : "9fff0737-5e0c-4672-bf41-98ddbaf9f9a3",
        "bForceLoad" : false
      },
      {
        "strName" : "ItmFloorTSDO46_04",
        "fX"      : -4.0,
        "fY"      : 5.0,
        "fRotation" : 0.0,
        "strID"     : "67ac39ea-9a86-4088-8b2b-538080ffb5e4",
        "bForceLoad" : false
      },
      {
        "strName" : "ItmFloorTSDO05",
        "fX"      : -1.0,
        "fY"      : 2.0,
        "fRotation" : 0.0,
        "strID"     : "657135d7-1df9-4429-9b03-a07df8193115",
        "bForceLoad" : false
      },
      {
        "strName" : "ItmFloorTSDO46_01",
        "fX"      : -3.0,
        "fY"      : 5.0,
        "fRotation" : 0.0,
        "strID"     : "04fe9b40-ef48-4748-b047-ad7a73730f79",
        "bForceLoad" : false
      },
      {
        "strName" : "ItmFloorTSDO46_02",
        "fX"      : -5.0,
        "fY"      : 10.0,
        "fRotation" : 270.0,
        "strID"     : "ca88413f-5be8-4c3a-a043-3a1713a491c8",
        "bForceLoad" : false
      },
      {
        "strName" : "ItmFloorTSDO46_02",
        "fX"      : -5.0,
        "fY"      : 4.0,
        "fRotation" : 270.0,
        "strID"     : "51dc5324-2d7e-4047-a254-aff8ef1a0fd5",
        "bForceLoad" : false
      },
      {
        "strName" : "ItmFloorTSDO46_04",
        "fX"      : -4.0,
        "fY"      : 3.0,
        "fRotation" : 0.0,
        "strID"     : "18a4cc8a-3a17-4aa1-b197-f051f8db9d12",
        "bForceLoad" : false
      },
      {
        "strName" : "ItmWallTSDO01",
        "fX"      : 3.0,
        "fY"      : 5.0,
        "fRotation" : 0.0,
        "strID"     : "93667c02-74f6-470a-8bb6-41259f5eeb92",
        "bForceLoad" : false
      },
      {
        "strName" : "ItmWallTSDO01",
        "fX"      : -7.0,
        "fY"      : 7.0,
        "fRotation" : 0.0,
        "strID"     : "4009f573-bf84-4f38-8c59-b68407696f44",
        "bForceLoad" : false
      },
      {
        "strName" : "ItmWallTSDO01",
        "fX"      : -6.0,
        "fY"      : 2.0,
        "fRotation" : 0.0,
        "strID"     : "4a7372f1-024d-4610-8f9f-23f847cb6320",
        "bForceLoad" : false
      },
      {
        "strName" : "ItmFloorTSDO46_02",
        "fX"      : 1.0,
        "fY"      : 10.0,
        "fRotation" : 270.0,
        "strID"     : "73135abf-d9d1-46bb-a498-0bc7069a6b5d",
        "bForceLoad" : false
      },
      {
        "strName" : "ItmWallTSDO01",
        "fX"      : -1.0,
        "fY"      : 12.0,
        "fRotation" : 0.0,
        "strID"     : "4ed70642-347b-4fb9-981f-6603771363b6",
        "bForceLoad" : false
      },
      {
        "strName" : "ItmFloorTSDO46_01",
        "fX"      : -3.0,
        "fY"      : 10.0,
        "fRotation" : 0.0,
        "strID"     : "6bc4b53a-c5fa-4c4a-be54-1f227f3216c3",
        "bForceLoad" : false
      },
      {
        "strName" : "ItmFloorTSDO46_01",
        "fX"      : -3.0,
        "fY"      : 11.0,
        "fRotation" : 0.0,
        "strID"     : "9ae8bf3f-6855-4d73-ae13-e98689ff221f",
        "bForceLoad" : false
      },
      {
        "strName" : "ItmFloorTSDO01",
        "fX"      : -6.0,
        "fY"      : 11.0,
        "fRotation" : 0.0,
        "strID"     : "d859d123-6c69-4bef-afb0-a898e381a2f5",
        "bForceLoad" : false
      },
      {
        "strName" : "ItmFloorTSDO01",
        "fX"      : -7.0,
        "fY"      : 10.0,
        "fRotation" : 0.0,
        "strID"     : "8574a706-6f8a-4bd7-a2f7-3e148fd6b8aa",
        "bForceLoad" : false
      },
      {
        "strName" : "ItmFloorTSDO46_01",
        "fX"      : -2.0,
        "fY"      : 10.0,
        "fRotation" : 0.0,
        "strID"     : "9a107433-d242-48d5-baa0-841dcf298ead",
        "bForceLoad" : false
      },
      {
        "strName" : "ItmWallTSDO01",
        "fX"      : -4.0,
        "fY"      : 11.0,
        "fRotation" : 0.0,
        "strID"     : "448b97ef-8df0-4df5-be5d-dbf444b9406c",
        "bForceLoad" : false
      },
      {
        "strName" : "ItmWallTSDO01",
        "fX"      : -3.0,
        "fY"      : 12.0,
        "fRotation" : 0.0,
        "strID"     : "2431101c-3ce4-487c-bd30-dd83ab76c8bf",
        "bForceLoad" : false
      },
      {
        "strName" : "ItmWallTSDO01",
        "fX"      : -4.0,
        "fY"      : 12.0,
        "fRotation" : 0.0,
        "strID"     : "62622629-fc17-43e7-b344-2a82c49a0aa4",
        "bForceLoad" : false
      },
      {
        "strName" : "ItmWallTSDO01",
        "fX"      : 0.0,
        "fY"      : 12.0,
        "fRotation" : 0.0,
        "strID"     : "3a2bc55e-a8d3-4cbb-8e4e-cda1dd4557f4",
        "bForceLoad" : false
      },
      {
        "strName" : "ItmWallTSDO01",
        "fX"      : -2.0,
        "fY"      : 12.0,
        "fRotation" : 0.0,
        "strID"     : "1f78a28d-59a6-4267-91e4-5574ebfb2420",
        "bForceLoad" : false
      },
      {
        "strName" : "ItmFloorTSDO46_01",
        "fX"      : -1.0,
        "fY"      : 10.0,
        "fRotation" : 0.0,
        "strID"     : "e86aed6c-0886-420e-b448-900cbd51a2b6",
        "bForceLoad" : false
      },
      {
        "strName" : "ItmWallTSDO01",
        "fX"      : 0.0,
        "fY"      : 11.0,
        "fRotation" : 0.0,
        "strID"     : "90678791-cb92-4742-80fc-ce66181c7291",
        "bForceLoad" : false
      },
      {
        "strName" : "ItmFloorTSDO46_01",
        "fX"      : -2.0,
        "fY"      : 11.0,
        "fRotation" : 0.0,
        "strID"     : "5b223592-bab9-4beb-b2fd-d5c30882e101",
        "bForceLoad" : false
      },
      {
        "strName" : "ItmFloorTSDO46_04",
        "fX"      : -4.0,
        "fY"      : 10.0,
        "fRotation" : 0.0,
        "strID"     : "a3b18591-4342-4c14-ba7a-d1d49075e86f",
        "bForceLoad" : false
      },
      {
        "strName" : "ItmWallTSDO01",
        "fX"      : 3.0,
        "fY"      : 9.0,
        "fRotation" : 0.0,
        "strID"     : "066e0890-36d9-4aff-a3d2-ed81b9280b85",
        "bForceLoad" : false
      },
      {
        "strName" : "ItmFloorTSDO01",
        "fX"      : -4.0,
        "fY"      : 11.0,
        "fRotation" : 0.0,
        "strID"     : "7790fbbb-be57-43ec-a1a4-20ff1f818394",
        "bForceLoad" : false
      },
      {
        "strName" : "ItmFloorTSDO01",
        "fX"      : -4.0,
        "fY"      : 12.0,
        "fRotation" : 0.0,
        "strID"     : "37dc2a2f-7cea-454e-8367-a2b2664c82af",
        "bForceLoad" : false
      },
      {
        "strName" : "ItmFloorTSDO01",
        "fX"      : -3.0,
        "fY"      : 12.0,
        "fRotation" : 0.0,
        "strID"     : "e04e7bef-aa08-4664-bdac-c27bfd2207d0",
        "bForceLoad" : false
      },
      {
        "strName" : "ItmFloorTSDO01",
        "fX"      : -7.0,
        "fY"      : 9.0,
        "fRotation" : 0.0,
        "strID"     : "f73e31d5-811e-4f66-8b9a-18ea3919f5b7",
        "bForceLoad" : false
      },
      {
        "strName" : "ItmWallTSDO01",
        "fX"      : -6.0,
        "fY"      : 10.0,
        "fRotation" : 0.0,
        "strID"     : "1cc3a43c-d764-4557-ac67-fb5ec48e6e33",
        "bForceLoad" : false
      },
      {
        "strName" : "ItmWallTSDO01",
        "fX"      : -7.0,
        "fY"      : 10.0,
        "fRotation" : 0.0,
        "strID"     : "bc50e5ce-05a5-4a82-a30e-bc252b14ed91",
        "bForceLoad" : false
      },
      {
        "strName" : "ItmWallTSDO01",
        "fX"      : -7.0,
        "fY"      : 8.0,
        "fRotation" : 0.0,
        "strID"     : "00ed0184-dc4e-47d9-9bdd-794722405982",
        "bForceLoad" : false
      },
      {
        "strName" : "ItmWallTSDO01",
        "fX"      : -7.0,
        "fY"      : 9.0,
        "fRotation" : 0.0,
        "strID"     : "ee32f28e-2344-4249-9895-8dce74f63b58",
        "bForceLoad" : false
      },
      {
        "strName" : "ItmFloorTSDO46_01",
        "fX"      : -5.0,
        "fY"      : 5.0,
        "fRotation" : 0.0,
        "strID"     : "3ca8082a-328b-4b4c-bd61-c509d018049f",
        "bForceLoad" : false
      },
      {
        "strName" : "ItmFloorTSDO46_01",
        "fX"      : -5.0,
        "fY"      : 8.0,
        "fRotation" : 0.0,
        "strID"     : "9dd9de10-e397-4978-98fb-adfab7084e8a",
        "bForceLoad" : false
      },
      {
        "strName" : "ItmFloorTSDO05",
        "fX"      : -3.0,
        "fY"      : 7.0,
        "fRotation" : 270.0,
        "strID"     : "a7d0a847-89a1-4270-a862-fd9873cb3845",
        "bForceLoad" : false
      },
      {
        "strName" : "ItmFloorTSDO46_04",
        "fX"      : -4.0,
        "fY"      : 8.0,
        "fRotation" : 0.0,
        "strID"     : "05a92f10-d9dd-47de-af73-e9e1bf7234af",
        "bForceLoad" : false
      },
      {
        "strName" : "ItmFloorTSDO46_01",
        "fX"      : -3.0,
        "fY"      : 8.0,
        "fRotation" : 0.0,
        "strID"     : "e086fd3c-2c29-4d6f-ba8a-185d5e43f2a4",
        "bForceLoad" : false
      },
      {
        "strName" : "ItmFloorTSDO46_01",
        "fX"      : -3.0,
        "fY"      : 9.0,
        "fRotation" : 0.0,
        "strID"     : "5b5c4ce0-a4fc-42f8-9a36-376d8d1f86c2",
        "bForceLoad" : false
      },
      {
        "strName" : "ItmFloorTSDO01",
        "fX"      : -7.0,
        "fY"      : 8.0,
        "fRotation" : 0.0,
        "strID"     : "123721b2-6140-4efb-8f33-caeef1f9a811",
        "bForceLoad" : false
      },
      {
        "strName" : "ItmWallTSDO01",
        "fX"      : -7.0,
        "fY"      : 5.0,
        "fRotation" : 0.0,
        "strID"     : "41439747-e37d-454d-9d49-c1182e6e1782",
        "bForceLoad" : false
      },
      {
        "strName" : "ItmWallTSDO01",
        "fX"      : -7.0,
        "fY"      : 6.0,
        "fRotation" : 0.0,
        "strID"     : "a877272c-6bc2-4f2c-ae70-5618e98dd552",
        "bForceLoad" : false
      },
      {
        "strName" : "ItmFloorTSDO46_02",
        "fX"      : -5.0,
        "fY"      : 9.0,
        "fRotation" : 270.0,
        "strID"     : "32f7cdcb-8e38-4dba-9926-1f9102c0e7f3",
        "bForceLoad" : false
      },
      {
        "strName" : "ItmFloorTSDO01",
        "fX"      : -2.0,
        "fY"      : 12.0,
        "fRotation" : 0.0,
        "strID"     : "d1d534fb-f4dd-49a8-bbca-d573ea3559be",
        "bForceLoad" : false
      },
      {
        "strName" : "ItmWallTSDO01",
        "fX"      : 3.0,
        "fY"      : 6.0,
        "fRotation" : 0.0,
        "strID"     : "a11febc5-5907-4f06-8785-c726c4dde094",
        "bForceLoad" : false
      },
      {
        "strName" : "ItmFloorTSDO01",
        "fX"      : 0.0,
        "fY"      : 11.0,
        "fRotation" : 0.0,
        "strID"     : "e435600e-15b2-4585-8c6c-160c62c2454a",
        "bForceLoad" : false
      },
      {
        "strName" : "ItmFloorTSDO01",
        "fX"      : -5.0,
        "fY"      : 11.0,
        "fRotation" : 0.0,
        "strID"     : "4d123af7-9ac2-41bf-8dae-16ebc743db9b",
        "bForceLoad" : false
      },
      {
        "strName" : "ItmFloorTSDO01",
        "fX"      : 0.0,
        "fY"      : 12.0,
        "fRotation" : 0.0,
        "strID"     : "3edf4e13-cd53-4c93-9e2d-7fd6502abd01",
        "bForceLoad" : false
      },
      {
        "strName" : "ItmFloorTSDO01",
        "fX"      : -1.0,
        "fY"      : 12.0,
        "fRotation" : 0.0,
        "strID"     : "e4d94cf8-4e1f-4024-872b-bacc3c97121c",
        "bForceLoad" : false
      },
      {
        "strName" : "ItmFloorTSDO01",
        "fX"      : -7.0,
        "fY"      : 5.0,
        "fRotation" : 0.0,
        "strID"     : "d7008fa7-2f0a-4657-b961-29f1655ddbca",
        "bForceLoad" : false
      },
      {
        "strName" : "ItmWallTSDO01",
        "fX"      : -4.0,
        "fY"      : 3.0,
        "fRotation" : 0.0,
        "strID"     : "7e52df38-96a9-4d50-870c-f760d5e8d663",
        "bForceLoad" : false
      },
      {
        "strName" : "ItmRCSCluster01",
        "fX"      : -7.0,
        "fY"      : 9.0,
        "fRotation" : 90.0,
        "strID"     : "1f915590-0b8d-44d4-9a53-5857026d164c",
        "bForceLoad" : false
      },
      {
        "strName" : "ItmFloorTSDO01",
        "fX"      : -7.0,
        "fY"      : 7.0,
        "fRotation" : 0.0,
        "strID"     : "36c505be-b70c-4cca-a4b4-5454936008b0",
        "bForceLoad" : false
      },
      {
        "strName" : "ItmFloorTSDO01",
        "fX"      : -7.0,
        "fY"      : 6.0,
        "fRotation" : 0.0,
        "strID"     : "30ed15ca-0152-4f99-9688-3d61a6478f19",
        "bForceLoad" : false
      },
      {
        "strName" : "ItmRCSCluster01",
        "fX"      : 3.0,
        "fY"      : 9.0,
        "fRotation" : 270.0,
        "strID"     : "5b0ece9c-fb1e-4604-a57b-470a16f76d27",
        "bForceLoad" : false
      },
      {
        "strName" : "ItmStationNav",
        "fX"      : -2.0,
        "fY"      : 10.0,
        "fRotation" : 0.0,
        "strID"     : "58f6ae5f-d748-4b61-be3a-3fd1ba4ce6ad",
        "bForceLoad" : false,
        "aGPMSettings" : [
          {
            "strName" : "Panel A",
            "dictGUIPropMap" : [
              "strGUIPrefab",
              "GUIOrbitDraw/GUIOrbitDraw",
              "strFriendlyName",
              "Nav Controls",
              "strGUIPrefabRight",
              "Panel Right",
              "strGUIPrefabLeft",
              null,
              "strGUIPrefabUp",
              null,
              "strGUIPrefabDown",
              null
            ]
          },
          {
            "strName" : "Panel Right",
            "dictGUIPropMap" : [
              "strGUIPrefab",
              "GUIDockSys",
              "strFriendlyName",
              "Docking Controls",
              "strGUIPrefabRight",
              null,
              "strGUIPrefabLeft",
              "Panel A",
              "strGUIPrefabUp",
              null,
              "strGUIPrefabDown",
              null
            ]
          },
          {
            "strName" : "Panel Computer",
            "dictGUIPropMap" : [
              "strGUIPrefab",
              "GUIComputer/GUIComputer2",
              "strFriendlyName",
              "PDA",
              "strGUIPrefabRight",
              null,
              "strGUIPrefabLeft",
              null,
              "strGUIPrefabUp",
              null,
              "strGUIPrefabDown",
              null
            ]
          }
        ]
      },
      {
        "strName" : "ItmFloorTSDO46_01",
        "fX"      : -1.0,
        "fY"      : 11.0,
        "fRotation" : 0.0,
        "strID"     : "5f40a26e-8e5c-4ce7-83f4-9b939592c4cc",
        "bForceLoad" : false
      },
      {
        "strName" : "ItmWallTSDO01",
        "fX"      : 3.0,
        "fY"      : 10.0,
        "fRotation" : 0.0,
        "strID"     : "8b6aa54d-a024-4d82-bcac-fe5f4357593f",
        "bForceLoad" : false
      },
      {
        "strName" : "ItmFloorTSDO46_04",
        "fX"      : -4.0,
        "fY"      : 9.0,
        "fRotation" : 0.0,
        "strID"     : "a120ea7e-759d-4702-b971-21dff71471be",
        "bForceLoad" : false
      },
      {
        "strName" : "ItmWallTSDO01",
        "fX"      : 3.0,
        "fY"      : 7.0,
        "fRotation" : 0.0,
        "strID"     : "1a2996ce-7520-4f15-a378-ae874c4d57e7",
        "bForceLoad" : false
      },
      {
        "strName" : "ItmFloorTSDO01",
        "fX"      : -2.0,
        "fY"      : 3.0,
        "fRotation" : 0.0,
        "strID"     : "93d72da9-8096-4af4-ae23-fe073997aae6",
        "bForceLoad" : false
      },
      {
        "strName" : "ItmFloorTSDO05",
        "fX"      : -6.0,
        "fY"      : 4.0,
        "fRotation" : 0.0,
        "strID"     : "1870eb76-8455-40eb-9b27-7dd1c19bdb8e",
        "bForceLoad" : false
      },
      {
        "strName" : "ItmFloorTSDO05",
        "fX"      : -3.0,
        "fY"      : 2.0,
        "fRotation" : 0.0,
        "strID"     : "d98185e1-dc1b-4f35-b530-67cc00afd4b2",
        "bForceLoad" : false
      },
      {
        "strName" : "ItmRCSCluster01",
        "fX"      : -7.0,
        "fY"      : 4.0,
        "fRotation" : 90.0,
        "strID"     : "6d3b4ddf-b495-47f6-bf85-35dd6c85239f",
        "bForceLoad" : false
      },
      {
        "strName" : "ItmFloorTSDO01",
        "fX"      : -3.0,
        "fY"      : 3.0,
        "fRotation" : 0.0,
        "strID"     : "6d9a316e-fbac-41a6-bd4d-77627009d118",
        "bForceLoad" : false
      },
      {
        "strName" : "ItmFloorTSDO46_02",
        "fX"      : 2.0,
        "fY"      : 8.0,
        "fRotation" : 0.0,
        "strID"     : "114ac4a3-28be-42d4-abcc-607d12701680",
        "bForceLoad" : false
      },
      {
        "strName" : "ItmFloorTSDO46_02",
        "fX"      : -5.0,
        "fY"      : 3.0,
        "fRotation" : 270.0,
        "strID"     : "3de873aa-b7d4-4178-9b83-f1c0e31ee3b5",
        "bForceLoad" : false
      },
      {
        "strName" : "ItmFloorTSDO03",
        "fX"      : -2.0,
        "fY"      : 4.0,
        "fRotation" : 270.0,
        "strID"     : "fd7187ef-6ec2-48e4-b048-8aec7e3e3fe1",
        "bForceLoad" : false
      },
      {
        "strName" : "ItmFloorTSDO03",
        "fX"      : -3.0,
        "fY"      : 4.0,
        "fRotation" : 270.0,
        "strID"     : "527508fe-345c-4f52-a389-ae877dc99be7",
        "bForceLoad" : false
      },
      {
        "strName" : "ItmFloorTSDO46_04",
        "fX"      : 2.0,
        "fY"      : 7.0,
        "fRotation" : 0.0,
        "strID"     : "d0d6d5bd-809c-4b07-b5c9-c0dc5b4b33e8",
        "bForceLoad" : false
      },
      {
        "strName" : "ItmFloorTSDO03",
        "fX"      : -1.0,
        "fY"      : 4.0,
        "fRotation" : 270.0,
        "strID"     : "5c4a36b5-e2d5-4ffe-bb36-4fb5f30795f7",
        "bForceLoad" : false
      },
      {
        "strName" : "ItmFloorTSDO46_04",
        "fX"      : 0.0,
        "fY"      : 5.0,
        "fRotation" : 0.0,
        "strID"     : "053b179e-10a2-4897-b444-f800c664a6cb",
        "bForceLoad" : false
      },
      {
        "strName" : "ItmWallTSDO01",
        "fX"      : -7.0,
        "fY"      : 4.0,
        "fRotation" : 0.0,
        "strID"     : "d4e0fcf2-dce0-4f4e-a40e-ce80187d9103",
        "bForceLoad" : false
      },
      {
        "strName" : "ItmWallTSDO01",
        "fX"      : -6.0,
        "fY"      : 3.0,
        "fRotation" : 0.0,
        "strID"     : "f4852eac-5dac-4b4b-8bfe-2402a586acad",
        "bForceLoad" : false
      },
      {
        "strName" : "ItmWallTSDO01",
        "fX"      : 2.0,
        "fY"      : 3.0,
        "fRotation" : 0.0,
        "strID"     : "708d959f-55ef-4aef-acef-3d3eeb65ab65",
        "bForceLoad" : false
      },
      {
        "strName" : "ItmFloorTSDO46_04",
        "fX"      : 2.0,
        "fY"      : 6.0,
        "fRotation" : 0.0,
        "strID"     : "29ac412a-3a5c-4e61-84bf-746d875a16a5",
        "bForceLoad" : false
      },
      {
        "strName" : "ItmFloorTSDO46_02",
        "fX"      : 2.0,
        "fY"      : 5.0,
        "fRotation" : 180.0,
        "strID"     : "20970eca-0338-40db-a6ef-e0a0c4cb967b",
        "bForceLoad" : false
      },
      {
        "strName" : "ItmFloorTSDO46_04",
        "fX"      : 0.0,
        "fY"      : 6.0,
        "fRotation" : 0.0,
        "strID"     : "9dde3d9e-30b3-413d-b48c-302db7ec8e0b",
        "bForceLoad" : false
      },
      {
        "strName" : "ItmRCSCluster01",
        "fX"      : 3.0,
        "fY"      : 4.0,
        "fRotation" : 270.0,
        "strID"     : "81118768-8b49-4af5-89ff-5c892824591d",
        "bForceLoad" : false
      },
      {
        "strName" : "ItmRCSDistro02",
        "fX"      : -1.5,
        "fY"      : 6.5,
        "fRotation" : 0.0,
        "strID"     : "6558274a-83fe-4d11-b60d-5716ad65e2d5",
        "bForceLoad" : false
      },
      {
        "strName" : "ItmFloorTSDO46_04",
        "fX"      : 0.0,
        "fY"      : 7.0,
        "fRotation" : 0.0,
        "strID"     : "51b16e3a-e9b4-4238-9643-5bb9777a7ebc",
        "bForceLoad" : false
      },
      {
        "strName" : "ItmFloorTSDO46_04",
        "fX"      : 0.0,
        "fY"      : 8.0,
        "fRotation" : 0.0,
        "strID"     : "fbcfa176-7470-439a-8198-0db96df05937",
        "bForceLoad" : false
      },
      {
        "strName" : "ItmFloorTSDO46_01",
        "fX"      : 1.0,
        "fY"      : 8.0,
        "fRotation" : 0.0,
        "strID"     : "c174ab1b-468c-4a86-aedd-2716fb267342",
        "bForceLoad" : false
      },
      {
        "strName" : "ItmFloorTSDO46_04",
        "fX"      : 1.0,
        "fY"      : 7.0,
        "fRotation" : 0.0,
        "strID"     : "d92ebf45-9a5c-4375-aba6-830ebb98ee43",
        "bForceLoad" : false
      },
      {
        "strName" : "ItmFloorTSDO46_04",
        "fX"      : 1.0,
        "fY"      : 6.0,
        "fRotation" : 0.0,
        "strID"     : "766da8b2-d265-4826-96a6-cbc676d6cff2",
        "bForceLoad" : false
      },
      {
        "strName" : "ItmFloorTSDO46_01",
        "fX"      : 1.0,
        "fY"      : 5.0,
        "fRotation" : 0.0,
        "strID"     : "d498709d-6199-4944-ad28-faf5cdfaaaf4",
        "bForceLoad" : false
      },
      {
        "strName" : "ItmFloorTSDO05",
        "fX"      : -3.0,
        "fY"      : 6.0,
        "fRotation" : 0.0,
        "strID"     : "a670bf04-0061-4a77-a170-d63fdd1d36b5",
        "bForceLoad" : false
      },
      {
        "strName" : "ItmFloorTSDO05",
        "fX"      : -1.0,
        "fY"      : 6.0,
        "fRotation" : 270.0,
        "strID"     : "68713131-5841-435b-80ec-a4decc7e763c",
        "bForceLoad" : false
      },
      {
        "strName" : "ItmFloorTSDO46_01",
        "fX"      : -1.0,
        "fY"      : 5.0,
        "fRotation" : 0.0,
        "strID"     : "bf9242ee-c9c0-44ed-802f-c7b49d3d4da9",
        "bForceLoad" : false
      },
      {
        "strName" : "ItmFloorTSDO46_01",
        "fX"      : -2.0,
        "fY"      : 5.0,
        "fRotation" : 0.0,
        "strID"     : "a2a3dd24-f373-49c9-8d3a-acce36960a55",
        "bForceLoad" : false
      },
      {
        "strName" : "ItmFloorTSDO02",
        "fX"      : -2.0,
        "fY"      : 6.0,
        "fRotation" : 270.0,
        "strID"     : "8da9cc10-7da0-43bd-ab71-70f9fe6f038a",
        "bForceLoad" : false
      },
      {
        "strName" : "ItmFloorTSDO02",
        "fX"      : -2.0,
        "fY"      : 7.0,
        "fRotation" : 270.0,
        "strID"     : "9f569cf5-539e-4cf2-a66b-c133ee9cf6b6",
        "bForceLoad" : false
      },
      {
        "strName" : "ItmFloorTSDO05",
        "fX"      : -1.0,
        "fY"      : 7.0,
        "fRotation" : 0.0,
        "strID"     : "bb921fc4-5de2-4c55-aaf8-bd8274259b93",
        "bForceLoad" : false
      },
      {
        "strName" : "ItmFloorTSDO46_01",
        "fX"      : -1.0,
        "fY"      : 8.0,
        "fRotation" : 0.0,
        "strID"     : "308fc7f0-bc81-4ce3-ac3c-d255df212582",
        "bForceLoad" : false
      },
      {
        "strName" : "ItmFloorTSDO46_01",
        "fX"      : -2.0,
        "fY"      : 8.0,
        "fRotation" : 0.0,
        "strID"     : "4996c52e-5aeb-4c3a-b9ab-e2491f8c5291",
        "bForceLoad" : false
      },
      {
        "strName" : "ItmFloorTSDO46_04",
        "fX"      : -4.0,
        "fY"      : 7.0,
        "fRotation" : 0.0,
        "strID"     : "3c2d7393-1054-4d55-9681-eaa9b7e4cdbd",
        "bForceLoad" : false
      },
      {
        "strName" : "ItmWallTSDO01",
        "fX"      : 2.0,
        "fY"      : 10.0,
        "fRotation" : 0.0,
        "strID"     : "1a508167-0eed-467e-9bf3-6188262c976b",
        "bForceLoad" : false
      },
      {
        "strName" : "ItmFloorTSDO01",
        "fX"      : 1.0,
        "fY"      : 11.0,
        "fRotation" : 0.0,
        "strID"     : "99e536d1-c337-4ea4-b9d4-6e50717d7df3",
        "bForceLoad" : false
      },
      {
        "strName" : "ItmFloorTSDO01",
        "fX"      : 2.0,
        "fY"      : 11.0,
        "fRotation" : 0.0,
        "strID"     : "c6262290-abcb-4dac-bc38-06d3f0898dd4",
        "bForceLoad" : false
      },
      {
        "strName" : "ItmFloorTSDO46_04",
        "fX"      : 0.0,
        "fY"      : 10.0,
        "fRotation" : 0.0,
        "strID"     : "c4d32dd9-af12-4160-b47f-10ba44d43437",
        "bForceLoad" : false
      },
      {
        "strName" : "ItmFloorTSDO01",
        "fX"      : 2.0,
        "fY"      : 10.0,
        "fRotation" : 0.0,
        "strID"     : "d8005356-8d01-4332-83c2-c982969f7b44",
        "bForceLoad" : false
      },
      {
        "strName" : "ItmFloorTSDO46_04",
        "fX"      : -5.0,
        "fY"      : 7.0,
        "fRotation" : 0.0,
        "strID"     : "7dd6b0f7-d023-4292-8df7-cb08b262bdfe",
        "bForceLoad" : false
      },
      {
        "strName" : "ItmFloorTSDO01",
        "fX"      : 3.0,
        "fY"      : 10.0,
        "fRotation" : 0.0,
        "strID"     : "309cd70d-1c26-4c70-8f0e-0c28fa07b678",
        "bForceLoad" : false
      },
      {
        "strName" : "ItmWallTSDO01",
        "fX"      : 1.0,
        "fY"      : 11.0,
        "fRotation" : 0.0,
        "strID"     : "6aa5604b-b66d-4b9d-ade9-50a4519e7631",
        "bForceLoad" : false
      },
      {
        "strName" : "ItmWallTSDO01",
        "fX"      : 2.0,
        "fY"      : 11.0,
        "fRotation" : 0.0,
        "strID"     : "f67da061-7e84-449c-824e-7a6c73d7fab1",
        "bForceLoad" : false
      },
      {
        "strName" : "ItmFloorTSDO46_02",
        "fX"      : -6.0,
        "fY"      : 5.0,
        "fRotation" : 0.0,
        "strID"     : "a280c85f-77dc-4c22-9c53-a85c2dcc427f",
        "bForceLoad" : false
      },
      {
        "strName" : "ItmFloorTSDO01",
        "fX"      : 3.0,
        "fY"      : 5.0,
        "fRotation" : 0.0,
        "strID"     : "bbb303a5-9f2d-4270-8c74-cdceef4c77a5",
        "bForceLoad" : false
      },
      {
        "strName" : "ItmFloorTSDO01",
        "fX"      : 3.0,
        "fY"      : 6.0,
        "fRotation" : 0.0,
        "strID"     : "a5c260a4-fd43-46a8-a24c-f768e3c12b37",
        "bForceLoad" : false
      },
      {
        "strName" : "ItmFloorTSDO01",
        "fX"      : 3.0,
        "fY"      : 7.0,
        "fRotation" : 0.0,
        "strID"     : "ef21ec00-5224-4d39-b27b-6079ea4bf72b",
        "bForceLoad" : false
      },
      {
        "strName" : "ItmFloorTSDO01",
        "fX"      : 3.0,
        "fY"      : 8.0,
        "fRotation" : 0.0,
        "strID"     : "5118d496-ca79-4dd8-8e08-efac3e41d3e2",
        "bForceLoad" : false
      },
      {
        "strName" : "ItmFloorTSDO01",
        "fX"      : 3.0,
        "fY"      : 9.0,
        "fRotation" : 0.0,
        "strID"     : "728042e6-5200-4d78-82d4-7e6db7aca040",
        "bForceLoad" : false
      },
      {
        "strName" : "ItmFloorTSDO05",
        "fX"      : 2.0,
        "fY"      : 9.0,
        "fRotation" : 0.0,
        "strID"     : "7348f2b0-04f2-43f1-a493-c69adb4fdd0a",
        "bForceLoad" : false
      },
      {
        "strName" : "ItmFloorTSDO46_02",
        "fX"      : 1.0,
        "fY"      : 9.0,
        "fRotation" : 270.0,
        "strID"     : "97070deb-2c64-4a37-839d-48df62c9d6da",
        "bForceLoad" : false
      },
      {
        "strName" : "ItmFloorTSDO46_04",
        "fX"      : 0.0,
        "fY"      : 9.0,
        "fRotation" : 0.0,
        "strID"     : "84bf7f8d-3920-402a-8b40-957641cfcb95",
        "bForceLoad" : false
      },
      {
        "strName" : "ItmFloorTSDO46_01",
        "fX"      : -1.0,
        "fY"      : 9.0,
        "fRotation" : 0.0,
        "strID"     : "0c71a24e-7a84-49e3-ba72-fd9e97eaf95a",
        "bForceLoad" : false
      },
      {
        "strName" : "ItmFloorTSDO46_01",
        "fX"      : -2.0,
        "fY"      : 9.0,
        "fRotation" : 0.0,
        "strID"     : "bec26544-0c9d-403a-95f8-a378d29d9e9e",
        "bForceLoad" : false
      },
      {
        "strName" : "ItmFloorTSDO46_04",
        "fX"      : -4.0,
        "fY"      : 4.0,
        "fRotation" : 0.0,
        "strID"     : "ed3e916b-a831-4b97-b2bb-bd1293a0840d",
        "bForceLoad" : false
      },
      {
        "strName" : "ItmWallTSDO01",
        "fX"      : -7.0,
        "fY"      : 3.0,
        "fRotation" : 0.0,
        "strID"     : "10252251-dd48-406c-9327-6aab7ba92f4e",
        "bForceLoad" : false
      },
      {
        "strName" : "ItmWallTSDO01",
        "fX"      : -5.0,
        "fY"      : 2.0,
        "fRotation" : 0.0,
        "strID"     : "e8ee4e54-600c-4fe0-9bd8-3a359eebaf04",
        "bForceLoad" : false
      },
      {
        "strName" : "ItmWallTSDO01",
        "fX"      : 3.0,
        "fY"      : 4.0,
        "fRotation" : 0.0,
        "strID"     : "446488ea-004b-49dd-9942-34c3238c9bba",
        "bForceLoad" : false
      },
      {
        "strName" : "ItmFloorTSDO01",
        "fX"      : -1.0,
        "fY"      : 3.0,
        "fRotation" : 0.0,
        "strID"     : "1a61ffd3-551d-4c03-8a6e-7794614d5479",
        "bForceLoad" : false
      },
      {
        "strName" : "ItmDockSys02Closed",
        "fX"      : -2.0,
        "fY"      : 1.5,
        "fRotation" : 180.0,
        "strID"     : "15515206-438d-4e96-8747-db21c88da73a",
        "bForceLoad" : false
      },
      {
        "strName" : "ItmFloorTSDO05",
        "fX"      : -2.0,
        "fY"      : 2.0,
        "fRotation" : 270.0,
        "strID"     : "afcb2fb8-edf6-40f6-8030-be66420ca539",
        "bForceLoad" : false
      },
      {
        "strName" : "ItmWallTSDO01",
        "fX"      : 3.0,
        "fY"      : 3.0,
        "fRotation" : 0.0,
        "strID"     : "f0cadf1a-71a9-4ae2-bb4f-313cb650a44b",
        "bForceLoad" : false
      },
      {
        "strName" : "ItmWallTSDO01",
        "fX"      : 2.0,
        "fY"      : 2.0,
        "fRotation" : 0.0,
        "strID"     : "3399e3f4-7910-4da9-ac8a-d2a194f8e504",
        "bForceLoad" : false
      },
      {
        "strName" : "ItmWallTSDO01",
        "fX"      : 1.0,
        "fY"      : 2.0,
        "fRotation" : 0.0,
        "strID"     : "24e63597-2453-4cd1-bd64-3cf4ec97b757",
        "bForceLoad" : false
      },
      {
        "strName" : "ItmFloorTSDO46_04",
        "fX"      : 0.0,
        "fY"      : 3.0,
        "fRotation" : 0.0,
        "strID"     : "9e934d9a-9065-4ac5-b9b3-cbdc7ab05c62",
        "bForceLoad" : false
      },
      {
        "strName" : "ItmFloorTSDO46_02",
        "fX"      : 1.0,
        "fY"      : 3.0,
        "fRotation" : 270.0,
        "strID"     : "1a7062bf-3019-466d-a562-f62cf4bd1d7a",
        "bForceLoad" : false
      },
      {
        "strName" : "ItmFloorTSDO46_02",
        "fX"      : 1.0,
        "fY"      : 4.0,
        "fRotation" : 270.0,
        "strID"     : "65e0f24a-4fc4-42b0-9331-c0cf85421b1c",
        "bForceLoad" : false
      },
      {
        "strName" : "ItmFloorTSDO05",
        "fX"      : 2.0,
        "fY"      : 4.0,
        "fRotation" : 270.0,
        "strID"     : "941f3cd5-c09d-4e6b-b730-abac56f3ea56",
        "bForceLoad" : false
      },
      {
        "strName" : "ItmFloorTSDO01",
        "fX"      : 2.0,
        "fY"      : 3.0,
        "fRotation" : 0.0,
        "strID"     : "bf7653b6-3f9a-448e-800f-ab9571edeaed",
        "bForceLoad" : false
      },
      {
        "strName" : "ItmFloorTSDO01",
        "fX"      : 2.0,
        "fY"      : 2.0,
        "fRotation" : 0.0,
        "strID"     : "d77c9ab4-04c3-4e53-929e-0b6f6871009c",
        "bForceLoad" : false
      },
      {
        "strName" : "ItmFloorTSDO01",
        "fX"      : 1.0,
        "fY"      : 2.0,
        "fRotation" : 0.0,
        "strID"     : "179a023b-2537-472d-a59c-9f21888fd06d",
        "bForceLoad" : false
      },
      {
        "strName" : "ItmFloorTSDO01",
        "fX"      : 3.0,
        "fY"      : 3.0,
        "fRotation" : 0.0,
        "strID"     : "12fc1a83-7596-43a6-9906-5b81db251423",
        "bForceLoad" : false
      },
      {
        "strName" : "ItmFloorTSDO01",
        "fX"      : 3.0,
        "fY"      : 4.0,
        "fRotation" : 0.0,
        "strID"     : "a3000a98-eaa7-4fe5-af8e-f723e2f0a489",
        "bForceLoad" : false
      },
      {
        "strName" : "ItmFloorTSDO46_04",
        "fX"      : 0.0,
        "fY"      : 4.0,
        "fRotation" : 0.0,
        "strID"     : "83bc522a-0601-4523-9c1c-6373cc33a489",
        "bForceLoad" : false
      },
      {
        "strName" : "ItmFloorTSDO01",
        "fX"      : -5.0,
        "fY"      : 2.0,
        "fRotation" : 0.0,
        "strID"     : "d12ce06a-fee4-416e-b04c-41aea3ea90d5",
        "bForceLoad" : false
      },
      {
        "strName" : "ItmFloorTSDO01",
        "fX"      : -6.0,
        "fY"      : 2.0,
        "fRotation" : 0.0,
        "strID"     : "dc5d1b59-e70d-46a0-a3e6-b0ca7da32c41",
        "bForceLoad" : false
      },
      {
        "strName" : "ItmFloorTSDO01",
        "fX"      : -6.0,
        "fY"      : 3.0,
        "fRotation" : 0.0,
        "strID"     : "6aa33c05-46f5-4d90-9f92-31905d4f37e9",
        "bForceLoad" : false
      },
      {
        "strName" : "ItmFloorTSDO01",
        "fX"      : -7.0,
        "fY"      : 3.0,
        "fRotation" : 0.0,
        "strID"     : "c58d9a33-9a53-4c9f-b9d2-7a67dc3e5b5e",
        "bForceLoad" : false
      },
      {
        "strName" : "ItmFloorTSDO01",
        "fX"      : -7.0,
        "fY"      : 4.0,
        "fRotation" : 0.0,
        "strID"     : "c5ea106f-847b-420c-9f56-d85cf7f13913",
        "bForceLoad" : false
      },
      {
        "strName" : "ItmAlarmO2OnG",
        "fX"      : 1.0,
        "fY"      : 6.0,
        "fRotation" : 270.0,
        "strID"     : "a4cf689f-5ac9-452e-95ab-6dedddefce5e",
        "bForceLoad" : false,
        "aGPMSettings" : [
          {
            "strName" : "Panel A",
            "dictGUIPropMap" : [
              "strGUIPrefab",
              "GUIOnOff",
              "strFriendlyName",
              "Alarm",
              "strGUIPrefabRight",
              null,
              "strGUIPrefabLeft",
              null,
              "strGUIPrefabUp",
              null,
              "strGUIPrefabDown",
              null,
              "strTitle",
              "Alarm Override"
            ]
          }
        ]
      },
      {
        "strName" : "ItmLitWall1x0Orange",
        "fX"      : -3.0,
        "fY"      : 2.0,
        "fRotation" : 90.0,
        "strID"     : "03ba7f23-6e3d-44a0-8913-e859941bc84c",
        "bForceLoad" : false
      },
      {
        "strName" : "ItmConduit01",
        "fX"      : -4.0,
        "fY"      : 4.0,
        "fRotation" : 0.0,
        "strID"     : "274117ad-b406-40ee-93f1-d8e3bffc8f01",
        "bForceLoad" : false
      },
      {
        "strName" : "ItmRTAN2",
        "fX"      : -3.0,
        "fY"      : 6.0,
        "fRotation" : 0.0,
        "strID"     : "5c3b9747-90e5-47a2-9b48-b20b72197e71",
        "bForceLoad" : false
      },
      {
        "strName" : "ItmLitWall1x0Orange",
        "fX"      : 2.0,
        "fY"      : 5.0,
        "fRotation" : 270.0,
        "strID"     : "8b35ea13-392b-43d3-b0b6-485c15e8b29f",
        "bForceLoad" : false
      },
      {
        "strName" : "ItmLitWall1x0Orange",
        "fX"      : -6.0,
        "fY"      : 5.0,
        "fRotation" : 90.0,
        "strID"     : "0a6f9a3c-dd75-4806-99a9-7890e1af1440",
        "bForceLoad" : false
      },
      {
        "strName" : "ItmLitWall1x0Orange",
        "fX"      : -6.0,
        "fY"      : 8.0,
        "fRotation" : 90.0,
        "strID"     : "65da1b66-2846-43b8-9951-dc8be46eed9b",
        "bForceLoad" : false
      },
      {
        "strName" : "ItmLitWall1x0Orange",
        "fX"      : 2.0,
        "fY"      : 8.0,
        "fRotation" : 270.0,
        "strID"     : "934f053f-d21b-423e-bcd2-aa58368d7f99",
        "bForceLoad" : false
      },
      {
        "strName" : "ItmHeater01",
        "fX"      : -4.5,
        "fY"      : 9.5,
        "fRotation" : 270.0,
        "strID"     : "70fbcfcd-27b9-4457-b14a-d52127a89b4d",
        "bForceLoad" : false,
        "aGPMSettings" : [
          {
            "strName" : "Panel A",
            "dictGUIPropMap" : [
              "strGUIPrefab",
              "GUIAirPump",
              "strFriendlyName",
              "Heater",
              "strGUIPrefabRight",
              null,
              "strGUIPrefabLeft",
              null,
              "strGUIPrefabUp",
              null,
              "strGUIPrefabDown",
              null,
              "strTitle",
              "Unscrew for Thermostat Sensor Input Signal",
              "strValidCOTrigger01",
              "TIsAlarmTemp",
              "strCondMonitor01",
              "DcGasTemp01",
              "strSubPoint",
              "ignore",
              "strAddPoint",
              null,
              "strInput01",
              "0ca9f938-f8c9-4015-bea3-e490579140c4",
              "nKnobBus",
              "1",
              "bTurbo",
              "false",
              "bReverse",
              "false"
            ]
          }
        ]
      },
      {
        "strName" : "ItmConduit01",
        "fX"      : 2.0,
        "fY"      : 2.0,
        "fRotation" : 0.0,
        "strID"     : "76b2eacb-1b5b-4c36-b1a1-e547a3697957",
        "bForceLoad" : false
      },
      {
        "strName" : "ItmDoor01ClosedOn",
        "fX"      : -2.0,
        "fY"      : 4.0,
        "fRotation" : 0.0,
        "strID"     : "4d1acdb5-b3d1-40cd-8848-05e8aed45c6a",
        "bForceLoad" : false,
        "aGPMSettings" : [
          {
            "strName" : "Panel A",
            "dictGUIPropMap" : [
              "strGUIPrefab",
              "GUILocks",
              "strFriendlyName",
              "Door Lock",
              "strGUIPrefabRight",
              null,
              "strGUIPrefabLeft",
              null,
              "strGUIPrefabUp",
              null,
              "strGUIPrefabDown",
              null,
              "strBrand",
              "Bieler",
              "strBrandSub",
              "Commercial Door Systems",
              "strMSLock",
              "ItmDoorInt01ClosedLocked",
              "strMSUnlock",
              "ItmDoorInt01Closed"
            ]
          }
        ]
      },
      {
        "strName" : "ItmBattery02",
        "fX"      : 0.5,
        "fY"      : 9.5,
        "fRotation" : 180.0,
        "strID"     : "3894f9b4-9208-4e10-8eda-51bd3e3899ec",
        "bForceLoad" : false,
        "aGPMSettings" : [
          {
            "strName" : "Panel A",
            "dictGUIPropMap" : [
              "strGUIPrefab",
              "GUIMeter",
              "strFriendlyName",
              "Battery",
              "strGUIPrefabRight",
              null,
              "strGUIPrefabLeft",
              null,
              "strGUIPrefabUp",
              null,
              "strGUIPrefabDown",
              null,
              "strTitle",
              "Battery Charge",
              "strCond",
              "StatPower",
              "strInput01",
              "",
              "fMin",
              "0.0",
              "fMax",
              "80.96"
            ]
          }
        ]
      },
      {
        "strName" : "ItmConduit01",
        "fX"      : -4.0,
        "fY"      : 11.0,
        "fRotation" : 0.0,
        "strID"     : "1f836fe9-d045-497c-ad0b-67b4e2a67a30",
        "bForceLoad" : false
      },
      {
        "strName" : "ItmWallTSDO01",
        "fX"      : 2.0,
        "fY"      : 6.0,
        "fRotation" : 0.0,
        "strID"     : "53db9b50-50fc-44f0-ad8c-3ec468a2b331",
        "bForceLoad" : false
      },
      {
        "strName" : "ItmRTAO2",
        "fX"      : 2.0,
        "fY"      : 7.0,
        "fRotation" : 0.0,
        "strID"     : "5a19db32-2357-4ab6-95f7-dd493e89e2c9",
        "bForceLoad" : false
      },
      {
        "strName" : "ItmConduit01",
        "fX"      : 1.0,
        "fY"      : 11.0,
        "fRotation" : 0.0,
        "strID"     : "3e82f4d5-9d5b-459a-9fe4-f3eca1b6eb2f",
        "bForceLoad" : false
      },
      {
        "strName" : "ItmConduit01",
        "fX"      : 2.0,
        "fY"      : 11.0,
        "fRotation" : 0.0,
        "strID"     : "b99093b3-ae98-4545-aa42-e021a3a63527",
        "bForceLoad" : false
      },
      {
        "strName" : "ItmConduit01",
        "fX"      : 2.0,
        "fY"      : 10.0,
        "fRotation" : 0.0,
        "strID"     : "4995b3ec-617d-450a-9425-3a1a6ff1cc24",
        "bForceLoad" : false
      },
      {
        "strName" : "ItmConduit01",
        "fX"      : 3.0,
        "fY"      : 10.0,
        "fRotation" : 0.0,
        "strID"     : "69b2eb88-94a8-4418-aac9-fde26d1e37b5",
        "bForceLoad" : false
      },
      {
        "strName" : "ItmConduit01",
        "fX"      : 3.0,
        "fY"      : 9.0,
        "fRotation" : 0.0,
        "strID"     : "78263f4b-6c70-4364-a132-88fb7c782348",
        "bForceLoad" : false
      },
      {
        "strName" : "ItmConduit01",
        "fX"      : 3.0,
        "fY"      : 8.0,
        "fRotation" : 0.0,
        "strID"     : "4574632a-a1df-4622-8752-086907a20377",
        "bForceLoad" : false
      },
      {
        "strName" : "ItmConduit01",
        "fX"      : 3.0,
        "fY"      : 7.0,
        "fRotation" : 0.0,
        "strID"     : "3acb7194-60e4-4308-9fec-44d726720582",
        "bForceLoad" : false
      },
      {
        "strName" : "ItmConduit01",
        "fX"      : 3.0,
        "fY"      : 6.0,
        "fRotation" : 0.0,
        "strID"     : "934a5a90-eec9-4884-8687-16a73a5b6985",
        "bForceLoad" : false
      },
      {
        "strName" : "ItmConduit01",
        "fX"      : 3.0,
        "fY"      : 5.0,
        "fRotation" : 0.0,
        "strID"     : "d28662f2-a933-4911-b902-822f44845bb6",
        "bForceLoad" : false
      },
      {
        "strName" : "ItmConduit01",
        "fX"      : 3.0,
        "fY"      : 4.0,
        "fRotation" : 0.0,
        "strID"     : "1ba7a9d7-c6e2-4486-a0f9-5fe228bc19ac",
        "bForceLoad" : false
      },
      {
        "strName" : "ItmConduit01",
        "fX"      : 3.0,
        "fY"      : 3.0,
        "fRotation" : 0.0,
        "strID"     : "ca3983f8-6ce9-46ae-9a4e-a28306555ee8",
        "bForceLoad" : false
      },
      {
        "strName" : "ItmConduit01",
        "fX"      : 2.0,
        "fY"      : 3.0,
        "fRotation" : 0.0,
        "strID"     : "2c3de66b-fdb2-4ea6-a842-cfbdbdf9262d",
        "bForceLoad" : false
      },
      {
        "strName" : "ItmWallTSDO01",
        "fX"      : 0.0,
        "fY"      : 3.0,
        "fRotation" : 0.0,
        "strID"     : "b3e3c3f0-921d-4a25-8702-be751502719f",
        "bForceLoad" : false
      },
      {
        "strName" : "ItmConduit01",
        "fX"      : 1.0,
        "fY"      : 2.0,
        "fRotation" : 0.0,
        "strID"     : "fba7b14c-827c-48cc-89b6-06aa160b6cb0",
        "bForceLoad" : false
      },
      {
        "strName" : "ItmConduit01",
        "fX"      : 0.0,
        "fY"      : 2.0,
        "fRotation" : 0.0,
        "strID"     : "68b27bd9-565e-4c2e-a20c-13d03c1ba4a6",
        "bForceLoad" : false
      },
      {
        "strName" : "ItmConduit01",
        "fX"      : -4.0,
        "fY"      : 2.0,
        "fRotation" : 0.0,
        "strID"     : "2d9583d1-db5d-4119-98a6-fe7522ef58fe",
        "bForceLoad" : false
      },
      {
        "strName" : "ItmConduit01",
        "fX"      : -5.0,
        "fY"      : 2.0,
        "fRotation" : 0.0,
        "strID"     : "8f46a391-acd1-45cb-b6ed-53a722428c32",
        "bForceLoad" : false
      },
      {
        "strName" : "ItmConduit01",
        "fX"      : -6.0,
        "fY"      : 2.0,
        "fRotation" : 0.0,
        "strID"     : "e6d45550-4586-415d-b452-8d6a96664a35",
        "bForceLoad" : false
      },
      {
        "strName" : "ItmConduit01",
        "fX"      : -6.0,
        "fY"      : 3.0,
        "fRotation" : 0.0,
        "strID"     : "da3c5713-78ab-48eb-a70a-ecb9e49b5ecf",
        "bForceLoad" : false
      },
      {
        "strName" : "ItmConduit01",
        "fX"      : -7.0,
        "fY"      : 3.0,
        "fRotation" : 0.0,
        "strID"     : "07e8e4dd-5fa6-4787-a073-3b53909df76f",
        "bForceLoad" : false
      },
      {
        "strName" : "ItmConduit01",
        "fX"      : -7.0,
        "fY"      : 4.0,
        "fRotation" : 0.0,
        "strID"     : "2f13af60-2447-4459-a533-aa69d5891f45",
        "bForceLoad" : false
      },
      {
        "strName" : "ItmConduit01",
        "fX"      : -7.0,
        "fY"      : 5.0,
        "fRotation" : 0.0,
        "strID"     : "10cdb434-75b0-47f7-802f-ca813f5597f0",
        "bForceLoad" : false
      },
      {
        "strName" : "ItmConduit01",
        "fX"      : -7.0,
        "fY"      : 6.0,
        "fRotation" : 0.0,
        "strID"     : "745b89ab-669a-4e80-a20c-e60c29207f69",
        "bForceLoad" : false
      },
      {
        "strName" : "ItmConduit01",
        "fX"      : -7.0,
        "fY"      : 7.0,
        "fRotation" : 0.0,
        "strID"     : "122a4a2e-07fa-4c16-bfdb-96849c589d7a",
        "bForceLoad" : false
      },
      {
        "strName" : "ItmConduit01",
        "fX"      : -7.0,
        "fY"      : 8.0,
        "fRotation" : 0.0,
        "strID"     : "df801965-1547-4b39-94e2-b5a80c4d976b",
        "bForceLoad" : false
      },
      {
        "strName" : "ItmConduit01",
        "fX"      : -7.0,
        "fY"      : 9.0,
        "fRotation" : 0.0,
        "strID"     : "7c38fbf1-9827-47ad-a6f1-93321b04b92e",
        "bForceLoad" : false
      },
      {
        "strName" : "ItmConduit01",
        "fX"      : -7.0,
        "fY"      : 10.0,
        "fRotation" : 0.0,
        "strID"     : "d02032b9-144d-4456-82a5-1667331029f1",
        "bForceLoad" : false
      },
      {
        "strName" : "ItmConduit01",
        "fX"      : -6.0,
        "fY"      : 10.0,
        "fRotation" : 0.0,
        "strID"     : "04c6dc55-6470-4e79-9a95-364932d2d57b",
        "bForceLoad" : false
      },
      {
        "strName" : "ItmConduit01",
        "fX"      : -6.0,
        "fY"      : 11.0,
        "fRotation" : 0.0,
        "strID"     : "cf1338e6-9cd4-4921-b34a-6bae96b10dfa",
        "bForceLoad" : false
      },
      {
        "strName" : "ItmConduit01",
        "fX"      : -5.0,
        "fY"      : 11.0,
        "fRotation" : 0.0,
        "strID"     : "3d77e9a6-b90e-4d44-ae18-49f183245351",
        "bForceLoad" : false
      },
      {
        "strName" : "ItmConduit01",
        "fX"      : -4.0,
        "fY"      : 12.0,
        "fRotation" : 0.0,
        "strID"     : "82a43105-b928-4f16-b134-ecae1a0a6164",
        "bForceLoad" : false
      },
      {
        "strName" : "ItmConduit01",
        "fX"      : -3.0,
        "fY"      : 12.0,
        "fRotation" : 0.0,
        "strID"     : "a66dc6e0-516b-4ab2-9936-3dbb241391b6",
        "bForceLoad" : false
      },
      {
        "strName" : "ItmConduit01",
        "fX"      : -2.0,
        "fY"      : 12.0,
        "fRotation" : 0.0,
        "strID"     : "7860758f-b04f-42d4-b517-7d53947d3f1f",
        "bForceLoad" : false
      },
      {
        "strName" : "ItmConduit01",
        "fX"      : -1.0,
        "fY"      : 12.0,
        "fRotation" : 0.0,
        "strID"     : "8d1cd864-38f3-4920-9706-9239fd958032",
        "bForceLoad" : false
      },
      {
        "strName" : "ItmConduit01",
        "fX"      : 0.0,
        "fY"      : 12.0,
        "fRotation" : 0.0,
        "strID"     : "07e4d2e5-529d-4a60-b74b-0484345ed7df",
        "bForceLoad" : false
      },
      {
        "strName" : "ItmConduit01",
        "fX"      : 0.0,
        "fY"      : 11.0,
        "fRotation" : 0.0,
        "strID"     : "16171625-4600-44ee-a6e1-6e61164a7fb6",
        "bForceLoad" : false
      },
      {
        "strName" : "ItmConduit01",
        "fX"      : 0.0,
        "fY"      : 3.0,
        "fRotation" : 0.0,
        "strID"     : "ac99b338-977f-4fef-8bf2-5bd761d485b6",
        "bForceLoad" : false
      },
      {
        "strName" : "ItmLitWall1x0Orange",
        "fX"      : -0.9999999,
        "fY"      : 3.0,
        "fRotation" : 270.0,
        "strID"     : "2c6aa117-a61d-4cd8-a861-f5f02506673e",
        "bForceLoad" : false
      },
      {
        "strName" : "ItmConduit01",
        "fX"      : -4.0,
        "fY"      : 3.0,
        "fRotation" : 0.0,
        "strID"     : "5ab2f673-f873-44e8-975f-70761372986a",
        "bForceLoad" : false
      },
      {
        "strName" : "ItmAirPump01Off",
        "fX"      : -4.0,
        "fY"      : 3.0,
        "fRotation" : 90.0,
        "strID"     : "77e1ebf1-1671-437e-8ce6-b87d9ac66bdb",
        "bForceLoad" : false,
        "aGPMSettings" : [
          {
            "strName" : "Panel A",
            "dictGUIPropMap" : [
              "strGUIPrefab",
              "GUIAirPump",
              "strFriendlyName",
              "Air Pump",
              "strGUIPrefabRight",
              null,
              "strGUIPrefabLeft",
              null,
              "strGUIPrefabUp",
              null,
              "strGUIPrefabDown",
              null,
              "strTitle",
              "Unscrew for Pressure Sensor Input Signal",
              "strValidCOTrigger01",
              "TIsAlarm2",
              "strCondMonitor01",
              "IsReadyPumpAir",
              "strInput01",
              "77e1ebf1-1671-437e-8ce6-b87d9ac66bdb",
              "nKnobBus",
              "0",
              "bTurbo",
              "true",
              "bReverse",
              "false"
            ]
          }
        ]
      },
      {
        "strName" : "ItmCanister01",
        "fX"      : -5.0,
        "fY"      : 3.0,
        "fRotation" : 180.0,
        "strID"     : "7b792018-54dc-484e-a48b-b8caafb65076",
        "bForceLoad" : false
      },
      {
        "strName" : "ItmLitWall1x0Orange",
        "fX"      : -1.0,
        "fY"      : 13.0,
        "fRotation" : 180.0,
        "strID"     : "df9d077c-be2b-4038-be03-83dcb69904fd",
        "bForceLoad" : false
      },
      {
        "strName" : "ItmLitWall1x0Orange",
        "fX"      : -2.0,
        "fY"      : 11.0,
        "fRotation" : 0.0,
        "strID"     : "ccdbc157-3044-4257-957b-7e961467b333",
        "bForceLoad" : false
      },
      {
        "strName" : "ItmLitWall1x0Orange",
        "fX"      : -7.0,
        "fY"      : 11.0,
        "fRotation" : 180.0,
        "strID"     : "62b1ea59-6906-412b-bec7-b687eb94e2af",
        "bForceLoad" : false
      },
      {
        "strName" : "ItmLitWall1x0Orange",
        "fX"      : 3.0,
        "fY"      : 11.0,
        "fRotation" : 180.0,
        "strID"     : "f0a0f130-6699-4758-a6f2-026269940222",
        "bForceLoad" : false
      },
      {
        "strName" : "ItmLitWall1x0Orange",
        "fX"      : -2.0,
        "fY"      : 13.0,
        "fRotation" : 180.0,
        "strID"     : "d6d7f073-6b51-4723-b22e-3e87232d38f1",
        "bForceLoad" : false
      },
      {
        "strName" : "ItmLitWall1x0Orange",
        "fX"      : -3.0,
        "fY"      : 13.0,
        "fRotation" : 180.0,
        "strID"     : "c8376d3c-6b53-4a38-b8f7-3afe0b5bd684",
        "bForceLoad" : false
      },
      {
        "strName" : "ItmLitWall1x0Orange",
        "fX"      : -7.0,
        "fY"      : 2.0,
        "fRotation" : 0.0,
        "strID"     : "1aaf5694-ce2f-4e05-aedb-65b11beaa5a9",
        "bForceLoad" : false
      },
      {
        "strName" : "ItmLitWall1x0Orange",
        "fX"      : 3.0,
        "fY"      : 2.0,
        "fRotation" : 0.0,
        "strID"     : "7ca9f406-cce1-427c-8842-387a5e454ad3",
        "bForceLoad" : false
      },
      {
        "strName" : "ItmAirPump03OnG",
        "fX"      : 2.0,
        "fY"      : 6.0,
        "fRotation" : 0.0,
        "strID"     : "580b7514-097f-46ab-82c3-4ce09a0c2557",
        "bForceLoad" : false,
        "aGPMSettings" : [
          {
            "strName" : "Panel A",
            "dictGUIPropMap" : [
              "strGUIPrefab",
              "GUIAirPump",
              "strFriendlyName",
              "Air Pump",
              "strGUIPrefabRight",
              null,
              "strGUIPrefabLeft",
              null,
              "strGUIPrefabUp",
              null,
              "strGUIPrefabDown",
              null,
              "strTitle",
              "Unscrew for Pressure Sensor Input Signal",
              "strValidCOTrigger01",
              "TIsAlarm2",
              "strCondMonitor01",
              "IsReadyPumpAir",
              "strInput01",
              "a4cf689f-5ac9-452e-95ab-6dedddefce5e",
              "nKnobBus",
              "1",
              "bTurbo",
              "false",
              "bReverse",
              "false"
            ]
          }
        ]
      },
      {
        "strName" : "ItmConduit01",
        "fX"      : 2.0,
        "fY"      : 6.0,
        "fRotation" : 0.0,
        "strID"     : "508d216c-5ba9-447f-babb-0feaa1acdc03",
        "bForceLoad" : false
      },
      {
        "strName" : "ItmDocumentOgiso01",
        "fX"      : -4.0,
        "fY"      : 5.0,
        "fRotation" : 180.0,
        "strID"     : "c28c4068-e621-4aa9-9705-eb5d2205cf65",
        "bForceLoad" : false,
        "aGPMSettings" : [
          {
            "strName" : "Panel OneSheet",
            "dictGUIPropMap" : [
              "strGUIPrefab",
              "GUIOneSheet",
              "strFriendlyName",
              "Ogiso's Register Work Safety",
              "strGUIPrefabRight",
              null,
              "strGUIPrefabLeft",
              null,
              "strGUIPrefabUp",
              null,
              "strGUIPrefabDown",
              null,
              "strPNG",
              "manuals/Ogiso's Register Work Safety Poster/000.png"
            ]
          },
          {
            "strName" : "Panel A",
            "dictGUIPropMap" : [
              "strGUIPrefab",
              "GUIOneSheet",
              "strFriendlyName",
              "Ogiso's Register Work Safety",
              "strGUIPrefabRight",
              null,
              "strGUIPrefabLeft",
              null,
              "strGUIPrefabUp",
              null,
              "strGUIPrefabDown",
              null,
              "strPNG",
              "manuals/Ogiso's Register Work Safety Poster/000.png"
            ]
          }
        ]
      },
      {
        "strName" : "ItmLitWall1x0Orange",
        "fX"      : 4.0,
        "fY"      : 10.0,
        "fRotation" : 90.0,
        "strID"     : "4545cb58-c1e8-4497-9252-ac6c9e01e3b0",
        "bForceLoad" : false
      },
      {
        "strName" : "ItmLitWall1x0Orange",
        "fX"      : -8.0,
        "fY"      : 10.0,
        "fRotation" : 270.0,
        "strID"     : "1800a0ec-464c-439b-bb97-d31a82f67118",
        "bForceLoad" : false
      },
      {
        "strName" : "ItmLitWall1x0Orange",
        "fX"      : -8.0,
        "fY"      : 3.0,
        "fRotation" : 270.0,
        "strID"     : "e3fdc444-ae90-49eb-b096-271bf13f8efd",
        "bForceLoad" : false
      },
      {
        "strName" : "ItmLitWall1x0Orange",
        "fX"      : 4.0,
        "fY"      : 3.0,
        "fRotation" : 90.0,
        "strID"     : "f941a095-3d06-4f0c-95d8-e43dc4387b02",
        "bForceLoad" : false
      },
      {
        "strName" : "ItmAlarmTempOnW",
        "fX"      : 0.0,
        "fY"      : 5.0,
        "fRotation" : 180.0,
        "strID"     : "0ca9f938-f8c9-4015-bea3-e490579140c4",
        "bForceLoad" : false,
        "aGPMSettings" : [
          {
            "strName" : "Panel A",
            "dictGUIPropMap" : [
              "strGUIPrefab",
              "GUIOnOff",
              "strFriendlyName",
              "Alarm",
              "strGUIPrefabRight",
              null,
              "strGUIPrefabLeft",
              null,
              "strGUIPrefabUp",
              null,
              "strGUIPrefabDown",
              null,
              "strTitle",
              "Alarm Override"
            ]
          }
        ]
      },
      {
        "strName" : "ItmSwitch01On",
        "fX"      : 1.0,
        "fY"      : 8.0,
        "fRotation" : 270.0,
        "strID"     : "a48b0815-e67d-4834-96d9-6f42ccb274fc",
        "bForceLoad" : false
      },
      {
        "strName" : "ItmConduit01",
        "fX"      : 2.0,
        "fY"      : 8.0,
        "fRotation" : 0.0,
        "strID"     : "2ff72be9-92fb-46f8-b714-65344cb8ad4c",
        "bForceLoad" : false
      },
      {
        "strName" : "ItmConduit01",
        "fX"      : 1.0,
        "fY"      : 9.0,
        "fRotation" : 0.0,
        "strID"     : "b47031d6-6610-4f2d-8a20-1b0cfb068552",
        "bForceLoad" : false
      },
      {
        "strName" : "ItmLitWall1x0Orange",
        "fX"      : 0.0,
        "fY"      : 13.0,
        "fRotation" : 180.0,
        "strID"     : "dfcef942-3029-4a09-8308-ac859d0f5c00",
        "bForceLoad" : false
      },
      {
        "strName" : "ItmLitWall1x0Orange",
        "fX"      : -4.0,
        "fY"      : 13.0,
        "fRotation" : 180.0,
        "strID"     : "8b13d884-3676-4b1d-89bd-7f68cb90f144",
        "bForceLoad" : false
      },
      {
        "strName" : "ItmRCSDistro02",
        "fX"      : -2.5,
        "fY"      : 6.5,
        "fRotation" : 180.0,
        "strID"     : "63de7216-71c6-40ad-8ea5-aa5b983dd927",
        "bForceLoad" : false
      },
      {
        "strName" : "ItmRTAN2",
        "fX"      : -1.0,
        "fY"      : 7.0,
        "fRotation" : 180.0,
        "strID"     : "dd2b5d91-2569-4415-86fa-d6cbc5d36023",
        "bForceLoad" : false
      },
      {
        "strName" : "ItmConduit01",
        "fX"      : -2.0,
        "fY"      : 6.0,
        "fRotation" : 0.0,
        "strID"     : "74c2b50f-7d36-4d23-9627-0df0a1bce3a1",
        "bForceLoad" : false
      },
      {
        "strName" : "ItmConduit01",
        "fX"      : -2.0,
        "fY"      : 7.0,
        "fRotation" : 0.0,
        "strID"     : "6bb2bfc6-8d0a-4ac2-a39d-c0e9faafcd95",
        "bForceLoad" : false
      },
      {
        "strName" : "ItmConduit01",
        "fX"      : 1.0,
        "fY"      : 6.0,
        "fRotation" : 0.0,
        "strID"     : "719e6426-ad71-443d-b6d2-ec22991ce8e4",
        "bForceLoad" : false
      },
      {
        "strName" : "ItmConduit01",
        "fX"      : 0.0,
        "fY"      : 6.0,
        "fRotation" : 0.0,
        "strID"     : "ac14bd6d-f64e-4ba0-bc1d-47ec36143ae1",
        "bForceLoad" : false
      },
      {
        "strName" : "ItmConduit01",
        "fX"      : -1.0,
        "fY"      : 6.0,
        "fRotation" : 0.0,
        "strID"     : "f6357619-2393-476d-b6de-415f58d6500d",
        "bForceLoad" : false
      },
      {
        "strName" : "ItmConduit01",
        "fX"      : -3.0,
        "fY"      : 7.0,
        "fRotation" : 0.0,
        "strID"     : "628de4b0-3732-4562-967c-c47b0f617e9b",
        "bForceLoad" : false
      },
      {
        "strName" : "ItmConduit01",
        "fX"      : -4.0,
        "fY"      : 7.0,
        "fRotation" : 0.0,
        "strID"     : "dee8ee89-acbe-4780-9ec7-a4024a6ff696",
        "bForceLoad" : false
      },
      {
        "strName" : "ItmConduit01",
        "fX"      : -5.0,
        "fY"      : 7.0,
        "fRotation" : 0.0,
        "strID"     : "715fa81b-a4fa-4723-895c-f2b4de51caa4",
        "bForceLoad" : false
      },
      {
        "strName" : "ItmConduit01",
        "fX"      : -6.0,
        "fY"      : 7.0,
        "fRotation" : 0.0,
        "strID"     : "8513a62c-5532-4f6e-8a06-e7a87b697cb0",
        "bForceLoad" : false
      },
      {
        "strName" : "ItmConduit01",
        "fX"      : -2.0,
        "fY"      : 8.0,
        "fRotation" : 0.0,
        "strID"     : "5f7f319e-21e1-4037-80a0-e07a8fe1a09f",
        "bForceLoad" : false
      },
      {
        "strName" : "ItmConduit01",
        "fX"      : -2.0,
        "fY"      : 5.0,
        "fRotation" : 0.0,
        "strID"     : "b277751d-c8de-4d60-9623-0ee1bf96fee6",
        "bForceLoad" : false
      },
      {
        "strName" : "ItmConduit01",
        "fX"      : 0.0,
        "fY"      : 10.0,
        "fRotation" : 0.0,
        "strID"     : "dc65d178-ab36-4047-ba3c-685a9e4e920c",
        "bForceLoad" : false
      },
      {
        "strName" : "SysLootSpawner",
        "fX"      : -5.0,
        "fY"      : 8.0,
        "fRotation" : 0.0,
        "strID"     : "cf81f42b-3a3f-4b3a-bd58-05c61b57ea17",
        "bForceLoad" : false,
        "aGPMSettings" : [
          {
            "strName" : "Panel A",
            "dictGUIPropMap" : [
              "strGUIPrefab",
              "GUILootSpawn",
              "strFriendlyName",
              "Loot Spawner",
              "strGUIPrefabRight",
              null,
              "strGUIPrefabLeft",
              null,
              "strGUIPrefabUp",
              null,
              "strGUIPrefabDown",
              null,
              "strType",
              "Loot",
              "strLoot",
              "ItmDerelictSpareFloorTSDO46",
              "strRange",
              "1",
              "strCount",
              "1",
              "strDamaged",
              "True",
              "strDerelict",
              "True"
            ]
          }
        ]
      },
      {
        "strName" : "SysLootSpawner",
        "fX"      : -5.0,
        "fY"      : 4.0,
        "fRotation" : 0.0,
        "strID"     : "f44cc3f6-0c2a-476e-ac21-11eb22f31137",
        "bForceLoad" : false,
        "aGPMSettings" : [
          {
            "strName" : "Panel A",
            "dictGUIPropMap" : [
              "strGUIPrefab",
              "GUILootSpawn",
              "strFriendlyName",
              "Loot Spawner",
              "strGUIPrefabRight",
              null,
              "strGUIPrefabLeft",
              null,
              "strGUIPrefabUp",
              null,
              "strGUIPrefabDown",
              null,
              "strType",
              "Loot",
              "strLoot",
              "ItmDerelictSpareWallTSDO01",
              "strRange",
              "1",
              "strCount",
              "1",
              "strDamaged",
              "True",
              "strDerelict",
              "True"
            ]
          }
        ]
      },
      {
        "strName" : "SysLootSpawner",
        "fX"      : 0.0,
        "fY"      : 7.0,
        "fRotation" : 0.0,
        "strID"     : "e7c703c7-f2f9-44f4-84bb-59774064b06b",
        "bForceLoad" : false,
        "aGPMSettings" : [
          {
            "strName" : "Panel A",
            "dictGUIPropMap" : [
              "strGUIPrefab",
              "GUILootSpawn",
              "strFriendlyName",
              "Loot Spawner",
              "strGUIPrefabRight",
              null,
              "strGUIPrefabLeft",
              null,
              "strGUIPrefabUp",
              null,
              "strGUIPrefabDown",
              null,
              "strType",
              "Loot",
              "strLoot",
              "ItmDerelictMediumShip",
              "strRange",
              "2",
              "strCount",
              "1",
              "strDamaged",
              "True",
              "strDerelict",
              "True"
            ]
          }
        ]
      },
      {
        "strName" : "SysLootSpawner",
        "fX"      : 1.0,
        "fY"      : 3.0,
        "fRotation" : 0.0,
        "strID"     : "8b3f7e73-f93c-4189-80cc-f1949fb21b84",
        "bForceLoad" : false,
        "aGPMSettings" : [
          {
            "strName" : "Panel A",
            "dictGUIPropMap" : [
              "strGUIPrefab",
              "GUILootSpawn",
              "strFriendlyName",
              "Loot Spawner",
              "strGUIPrefabRight",
              null,
              "strGUIPrefabLeft",
              null,
              "strGUIPrefabUp",
              null,
              "strGUIPrefabDown",
              null,
              "strType",
              "Loot",
              "strLoot",
              "ItmRandomFloorPartsTSDO",
              "strRange",
              "1",
              "strCount",
              "1",
              "strDamaged",
              "True",
              "strDerelict",
              "True"
            ]
          }
        ]
      },
      {
        "strName" : "Compartment",
        "fX"      : -8.0,
        "fY"      : 13.0,
        "fRotation" : 0.0,
        "strID"     : "14c5988f-f7a9-4f54-a683-372930032ba8",
        "bForceLoad" : false
      },
      {
        "strName" : "Compartment",
        "fX"      : -3.0,
        "fY"      : 11.0,
        "fRotation" : 0.0,
        "strID"     : "42f582a5-106d-479f-837a-50ea27a4e8fa",
        "bForceLoad" : false
      },
      {
        "strName" : "Compartment",
        "fX"      : -3.0,
        "fY"      : 3.0,
        "fRotation" : 0.0,
        "strID"     : "8aba1cc6-18fd-4d2d-a6af-323c37fcc5b9",
        "bForceLoad" : false
      }
    ],
    "aShallowPSpecs"   : [
      {
        "strName" : "SysLootSpawner",
        "fX"      : -2.0,
        "fY"      : 8.0,
        "fRotation" : 0.0,
        "strID"     : "23c0af3f-160d-49ad-a95b-1bce6cc1421d",
        "bForceLoad" : false,
        "aGPMSettings" : [
          {
            "strName" : "Panel A",
            "dictGUIPropMap" : [
              "strGUIPrefab",
              "GUILootSpawn",
              "strFriendlyName",
              "Loot Spawner",
              "strGUIPrefabRight",
              null,
              "strGUIPrefabLeft",
              null,
              "strGUIPrefabUp",
              null,
              "strGUIPrefabDown",
              null,
              "strType",
              "Pspec",
              "strLoot",
              "NotBoarding",
              "strRange",
              "2",
              "strCount",
              "0",
              "strNew",
              "True",
              "strDamaged",
              "True",
              "strDerelict",
              "True"
            ]
          }
        ]
      },
      {
        "strName" : "SysLootSpawner",
        "fX"      : -2.0,
        "fY"      : 3.0,
        "fRotation" : 0.0,
        "strID"     : "477d9f8a-4d4a-4a57-af5a-414261baac61",
        "bForceLoad" : false,
        "aGPMSettings" : [
          {
            "strName" : "Panel A",
            "dictGUIPropMap" : [
              "strGUIPrefab",
              "GUILootSpawn",
              "strFriendlyName",
              "Loot Spawner",
              "strGUIPrefabRight",
              null,
              "strGUIPrefabLeft",
              null,
              "strGUIPrefabUp",
              null,
              "strGUIPrefabDown",
              null,
              "strType",
              "Pspec",
              "strLoot",
              "Boarding",
              "strRange",
              "1",
              "strCount",
              "0",
              "strNew",
              "True",
              "strDamaged",
              "True",
              "strDerelict",
              "True"
            ]
          }
        ]
      }
    ],
    "vShipPos"         : {
      "x" : -2.0,
      "y" : 8.0
    },
    "objSS"            : {
      "boPORShip" : "1036 Ganymed",
      "vPosx"     : 0.973882831918941,
      "vPosy"     : -1.56527150931431,
      "vBOOffsetx" : 5.69250048321202E-07,
      "vBOOffsety" : -5.55970461224575E-07,
      "vVelX"      : 1.6719351825234E-07,
      "vVelY"      : 1.35867452843996E-08,
      "vAccIn"     : {
        "x" : 0.0,
        "y" : 0.0
      },
      "vAccRCS"    : {
        "x" : 0.0,
        "y" : 0.0
      },
      "vAccEx"     : {
        "x" : 0.0,
        "y" : 0.0
      },
      "fRot"       : 0.4099511,
      "fW"         : 0.0,
      "fA"         : 0.0,
      "bBOLocked"  : true,
      "bIsBO"      : false,
      "bIsRegion"  : false,
      "bIsNoFees"  : false
    },
    "aRooms"           : [
      {
        "strID" : "14c5988f-f7a9-4f54-a683-372930032ba8",
        "bVoid" : true,
        "aTiles" : [
          0,
          1,
          13,
          2,
          14,
          26,
          3,
          15,
          27,
          39,
          4,
          16,
          52,
          5,
          65,
          6,
          78,
          7,
          91,
          8,
          104,
          9,
          117,
          10,
          22,
          130,
          11,
          23,
          143,
          12,
          24,
          144,
          156,
          25,
          37,
          157,
          38,
          158,
          51,
          159,
          64,
          77,
          90,
          103,
          116,
          129,
          142,
          155,
          154,
          168,
          167,
          166,
          165
        ]
      },
      {
        "strID" : "42f582a5-106d-479f-837a-50ea27a4e8fa",
        "bVoid" : false,
        "aTiles" : [
          31,
          32,
          44,
          33,
          45,
          43,
          57,
          46,
          58,
          42,
          56,
          70,
          47,
          59,
          71,
          55,
          69,
          83,
          48,
          60,
          72,
          84,
          54,
          68,
          82,
          96,
          61,
          73,
          85,
          97,
          67,
          81,
          95,
          109,
          62,
          74,
          86,
          98,
          110,
          80,
          94,
          108,
          75,
          87,
          99,
          111,
          123,
          93,
          107,
          88,
          100,
          112,
          106,
          120,
          113,
          119,
          133,
          114,
          126,
          127,
          139
        ]
      },
      {
        "strID" : "8aba1cc6-18fd-4d2d-a6af-323c37fcc5b9",
        "bVoid" : false,
        "aTiles" : [
          135,
          136,
          148,
          137,
          149,
          150,
          162
        ]
      }
    ],
    "DMGStatus"        : 2,
    "fLastVisit"       : 0.0,
    "fAIDockingTimer"  : 0.0,
    "fAIPauseTimer"    : 0.0,
    "bPrefill"         : true,
    "bNoCollisions"    : false,
    "dLastScanTime"    : 65627612623.6087,
    "bLocalAuthority"  : false,
    "bAIShip"          : false,
    "make"             : "Testudo",
    "model"            : "Class 14 Inspection Capsule",
    "year"             : "2055",
    "origin"           : "Cloudbreak Aerostat",
    "designation"      : "Inspection Pod",
    "publicName"       : "Pharaoh",
    "dimensions"       : "0.32m x 1.92m",
    "fShallowMass"     : 3510.005,
    "fShallowRCSRemass" : 749.2463964,
    "fShallowRCSRemassMax" : 749.364694715254,
    "fShallowFusionRemain" : 0.0,
    "fBreakInMultiplier"   : 0.8337745,
    "nRCSCount"            : 4,
    "nRCSDistroCount"      : 2,
    "nDockCount"           : 1,
    "bFusionTorch"         : false
  }
]