
[
  {
    "strName" : "OKLG_NAV3",
    "strRegID" : "OKLG_NAV3",
    "nCurrentWaypoint" : -1,
    "fTimeEngaged"     : 162854.1,
    "aItems"           : [
      {
        "strName" : "ItmFloorRYOF04",
        "fX"      : 1.0,
        "fY"      : 8.0,
        "fRotation" : 180.0,
        "strID"     : "e48a128e-9d35-40d7-baae-49ce12c31cd0",
        "bForceLoad" : false
      },
      {
        "strName" : "ItmFloorRYOF01",
        "fX"      : 5.0,
        "fY"      : 2.0,
        "fRotation" : 0.0,
        "strID"     : "17862a75-42d9-4126-b624-73c364f80ce7",
        "bForceLoad" : false
      },
      {
        "strName" : "ItmFloorRYOF01",
        "fX"      : 1.0,
        "fY"      : 2.0,
        "fRotation" : 0.0,
        "strID"     : "4976c82c-4f2c-42b6-beaa-87eef46be3b1",
        "bForceLoad" : false
      },
      {
        "strName" : "ItmFloorRYOF01",
        "fX"      : 2.0,
        "fY"      : 2.0,
        "fRotation" : 0.0,
        "strID"     : "cf00e3be-1056-4813-9439-d949cd360d5d",
        "bForceLoad" : false
      },
      {
        "strName" : "ItmFloorRYOF01",
        "fX"      : 3.0,
        "fY"      : 2.0,
        "fRotation" : 0.0,
        "strID"     : "c737f01c-a251-4399-aa62-44a746f65e25",
        "bForceLoad" : false
      },
      {
        "strName" : "ItmWallMSSLFWhite",
        "fX"      : 5.0,
        "fY"      : 0.0,
        "fRotation" : 0.0,
        "strID"     : "98aea84e-7c0d-4379-804f-f44cc4d3bec0",
        "bForceLoad" : false
      },
      {
        "strName" : "ItmWallMSSLFWhite",
        "fX"      : 2.0,
        "fY"      : 7.0,
        "fRotation" : 0.0,
        "strID"     : "f469803e-7ed9-46d4-8037-6018de3eb331",
        "bForceLoad" : false
      },
      {
        "strName" : "ItmFloorRYOF01",
        "fX"      : 2.0,
        "fY"      : 6.0,
        "fRotation" : 0.0,
        "strID"     : "bb94fe7f-042e-4dba-8ecf-4770e6ce299a",
        "bForceLoad" : false
      },
      {
        "strName" : "ItmFloorRYOF01",
        "fX"      : 3.0,
        "fY"      : -3.0,
        "fRotation" : 0.0,
        "strID"     : "c219793c-5214-4357-b855-84cc3c5fe2fd",
        "bForceLoad" : false
      },
      {
        "strName" : "ItmFloorRYOF01",
        "fX"      : 2.0,
        "fY"      : 5.0,
        "fRotation" : 0.0,
        "strID"     : "dfff57e4-a373-4cb0-b4d2-a677c7a1d576",
        "bForceLoad" : false
      },
      {
        "strName" : "ItmFloorRYOF04",
        "fX"      : 1.0,
        "fY"      : 10.0,
        "fRotation" : 180.0,
        "strID"     : "4d08249d-478c-4340-9efe-4d71c95129bc",
        "bForceLoad" : false
      },
      {
        "strName" : "ItmRCSDistro02",
        "fX"      : 2.5,
        "fY"      : -0.5,
        "fRotation" : 180.0,
        "strID"     : "b4f9736c-5b66-4c19-8852-bed00cc74e14",
        "bForceLoad" : false
      },
      {
        "strName" : "ItmWallMSSLFWhite",
        "fX"      : 2.0,
        "fY"      : 5.0,
        "fRotation" : 0.0,
        "strID"     : "8aea0bef-1db8-4c60-8ed1-a8805cc19696",
        "bForceLoad" : false
      },
      {
        "strName" : "ItmConduit01",
        "fX"      : 3.0,
        "fY"      : 11.0,
        "fRotation" : 0.0,
        "strID"     : "e3df92db-7f74-48b3-82b5-94d8f809c12c",
        "bForceLoad" : false
      },
      {
        "strName" : "ItmConduit01",
        "fX"      : 1.0,
        "fY"      : 11.0,
        "fRotation" : 0.0,
        "strID"     : "e245682f-91a4-4c7d-9cf5-223942cbc2c9",
        "bForceLoad" : false
      },
      {
        "strName" : "ItmLitWall1x0",
        "fX"      : 1.192093E-07,
        "fY"      : 11.0,
        "fRotation" : 270.0,
        "strID"     : "85a2e1d2-ab8c-47b1-b01b-ae67e3f949f5",
        "bForceLoad" : false
      },
      {
        "strName" : "ItmFloorRYOF04",
        "fX"      : 3.0,
        "fY"      : 10.0,
        "fRotation" : 0.0,
        "strID"     : "13b2ff15-0c73-40dd-bceb-7796478ef46b",
        "bForceLoad" : false
      },
      {
        "strName" : "ItmFloorRYOF01",
        "fX"      : 0.0,
        "fY"      : -2.0,
        "fRotation" : 0.0,
        "strID"     : "ca618998-ddfa-493d-93c4-12b3f1816588",
        "bForceLoad" : false
      },
      {
        "strName" : "ItmFloorRYOF01",
        "fX"      : 1.0,
        "fY"      : -2.0,
        "fRotation" : 0.0,
        "strID"     : "69d60882-426b-4856-990e-04bd40400bed",
        "bForceLoad" : false
      },
      {
        "strName" : "ItmFloorRYOF01",
        "fX"      : 2.0,
        "fY"      : -2.0,
        "fRotation" : 0.0,
        "strID"     : "1e21c978-5e53-4595-aa79-4930a3bd5b97",
        "bForceLoad" : false
      },
      {
        "strName" : "ItmFloorRYOF01",
        "fX"      : 3.0,
        "fY"      : -2.0,
        "fRotation" : 0.0,
        "strID"     : "ee697608-397c-4650-8981-ad68415e4007",
        "bForceLoad" : false
      },
      {
        "strName" : "ItmFloorRYOF01",
        "fX"      : 4.0,
        "fY"      : -2.0,
        "fRotation" : 0.0,
        "strID"     : "3ea68812-fc8b-4a63-9658-1632230b27d8",
        "bForceLoad" : false
      },
      {
        "strName" : "ItmFloorRYOF01",
        "fX"      : 4.0,
        "fY"      : -1.0,
        "fRotation" : 0.0,
        "strID"     : "c1339669-fb5e-4765-ae0a-3a4e9507db13",
        "bForceLoad" : false
      },
      {
        "strName" : "ItmFloorRYOF01",
        "fX"      : 3.0,
        "fY"      : -1.0,
        "fRotation" : 0.0,
        "strID"     : "19961d3f-46e7-403e-9592-3725c1fb4326",
        "bForceLoad" : false
      },
      {
        "strName" : "ItmFloorRYOF01",
        "fX"      : 3.0,
        "fY"      : 0.0,
        "fRotation" : 0.0,
        "strID"     : "74ea8d2e-5b45-4999-a8fe-92bb35cb8d6c",
        "bForceLoad" : false
      },
      {
        "strName" : "ItmFloorRYOF01",
        "fX"      : 2.0,
        "fY"      : 0.0,
        "fRotation" : 0.0,
        "strID"     : "1a86c18c-3f75-4923-bb53-d626e3257482",
        "bForceLoad" : false
      },
      {
        "strName" : "ItmFloorRYOF01",
        "fX"      : 1.0,
        "fY"      : 0.0,
        "fRotation" : 0.0,
        "strID"     : "d56dd338-43fa-4c26-9f63-ef4b6470f500",
        "bForceLoad" : false
      },
      {
        "strName" : "ItmFloorRYOF01",
        "fX"      : 1.0,
        "fY"      : -1.0,
        "fRotation" : 0.0,
        "strID"     : "c18d1cf2-103b-44c4-998d-0180e3582d83",
        "bForceLoad" : false
      },
      {
        "strName" : "ItmFloorRYOF01",
        "fX"      : 2.0,
        "fY"      : -1.0,
        "fRotation" : 0.0,
        "strID"     : "a38d5354-574b-4320-8bca-203dd20d2b18",
        "bForceLoad" : false
      },
      {
        "strName" : "ItmFloorRYOF01",
        "fX"      : 4.0,
        "fY"      : 0.0,
        "fRotation" : 0.0,
        "strID"     : "1a469251-07ec-47ea-ad52-1b10f65e4f9f",
        "bForceLoad" : false
      },
      {
        "strName" : "ItmFloorRYOF01",
        "fX"      : 0.0,
        "fY"      : 2.0,
        "fRotation" : 0.0,
        "strID"     : "f6d0df48-22e8-4fb0-8dbb-9b17c4228f0e",
        "bForceLoad" : false
      },
      {
        "strName" : "ItmConduit01",
        "fX"      : 2.0,
        "fY"      : 11.0,
        "fRotation" : 0.0,
        "strID"     : "53ffec90-882e-4190-b73f-7a193802dc13",
        "bForceLoad" : false
      },
      {
        "strName" : "ItmConduit01",
        "fX"      : 2.0,
        "fY"      : 10.0,
        "fRotation" : 0.0,
        "strID"     : "92081cfc-52e8-41e0-be8d-c723a04569f9",
        "bForceLoad" : false
      },
      {
        "strName" : "ItmFloorRYOF01",
        "fX"      : 2.0,
        "fY"      : -3.0,
        "fRotation" : 0.0,
        "strID"     : "cd27f4bd-9ad1-4a3a-93d4-33d6876e3ae7",
        "bForceLoad" : false
      },
      {
        "strName" : "ItmWallMSSLFWhite",
        "fX"      : 1.0,
        "fY"      : 11.0,
        "fRotation" : 0.0,
        "strID"     : "4d242f35-8247-4388-adce-e99f577dea19",
        "bForceLoad" : false
      },
      {
        "strName" : "ItmFloorRYOF01",
        "fX"      : 0.0,
        "fY"      : 3.0,
        "fRotation" : 0.0,
        "strID"     : "f621a621-7366-433a-979b-df1366755684",
        "bForceLoad" : false
      },
      {
        "strName" : "ItmWallMSSLFWhite",
        "fX"      : 0.0,
        "fY"      : 3.0,
        "fRotation" : 0.0,
        "strID"     : "d71708a0-eee5-4a8b-ac3d-6aba66e52a01",
        "bForceLoad" : false
      },
      {
        "strName" : "ItmConduit01",
        "fX"      : 4.0,
        "fY"      : -4.0,
        "fRotation" : 0.0,
        "strID"     : "f9f353a4-4fcc-40b9-bec9-530ceeca8f3f",
        "bForceLoad" : false
      },
      {
        "strName" : "ItmLitWall1x0",
        "fX"      : -0.9999999,
        "fY"      : -3.0,
        "fRotation" : 270.0,
        "strID"     : "5a5854e8-5295-42fa-a0ed-4d2b02981dc0",
        "bForceLoad" : false
      },
      {
        "strName" : "ItmFloorRYOF01",
        "fX"      : 0.0,
        "fY"      : -1.0,
        "fRotation" : 0.0,
        "strID"     : "8c60f4a9-d9c5-4cbb-b6bc-418a2a892b34",
        "bForceLoad" : false
      },
      {
        "strName" : "ItmFloorRYOF01",
        "fX"      : 2.0,
        "fY"      : 1.0,
        "fRotation" : 0.0,
        "strID"     : "e7fd8cf0-cd7a-4309-8f5c-46bd8974c947",
        "bForceLoad" : false
      },
      {
        "strName" : "ItmLitWall1x0",
        "fX"      : 4.0,
        "fY"      : 11.0,
        "fRotation" : 90.0,
        "strID"     : "85ba7280-6b88-4bb8-803c-934ab371f30c",
        "bForceLoad" : false
      },
      {
        "strName" : "ItmFloorRYOF04",
        "fX"      : 3.0,
        "fY"      : 8.0,
        "fRotation" : 0.0,
        "strID"     : "0f6a2867-ea3e-4796-9e8c-6aa725256db9",
        "bForceLoad" : false
      },
      {
        "strName" : "ItmWallMSSLFWhite",
        "fX"      : 2.0,
        "fY"      : 4.0,
        "fRotation" : 0.0,
        "strID"     : "0f2efc78-be1e-43c2-bace-680b6df0c1ee",
        "bForceLoad" : false
      },
      {
        "strName" : "ItmFloorRYOF01",
        "fX"      : -1.0,
        "fY"      : 0.0,
        "fRotation" : 0.0,
        "strID"     : "c90dbcb0-0804-4962-996a-c60c87bbf8d4",
        "bForceLoad" : false
      },
      {
        "strName" : "ItmConduit01",
        "fX"      : 0.0,
        "fY"      : -3.0,
        "fRotation" : 0.0,
        "strID"     : "aed58f42-9c07-4910-9efb-96601d92c6d4",
        "bForceLoad" : false
      },
      {
        "strName" : "ItmLitWall1x0",
        "fX"      : 4.0,
        "fY"      : 7.0,
        "fRotation" : 90.0,
        "strID"     : "2aba451a-ea18-44fc-bfe3-0496a8d096dd",
        "bForceLoad" : false
      },
      {
        "strName" : "ItmFloorRYOF01",
        "fX"      : 0.0,
        "fY"      : 1.0,
        "fRotation" : 0.0,
        "strID"     : "737a640c-2541-439b-a581-8e7a1ed43724",
        "bForceLoad" : false
      },
      {
        "strName" : "ItmFloorRYOF01",
        "fX"      : 1.0,
        "fY"      : 1.0,
        "fRotation" : 0.0,
        "strID"     : "8e2c8101-81f3-4025-b178-38c456a203ac",
        "bForceLoad" : false
      },
      {
        "strName" : "ItmFloorRYOF04",
        "fX"      : 3.0,
        "fY"      : -4.0,
        "fRotation" : 270.0,
        "strID"     : "09902a5d-70d6-4702-b43d-085ffb51f76f",
        "bForceLoad" : false
      },
      {
        "strName" : "ItmFloorRYOF01",
        "fX"      : 3.0,
        "fY"      : 1.0,
        "fRotation" : 0.0,
        "strID"     : "8d355d02-be29-45aa-8bdd-e1058b52c950",
        "bForceLoad" : false
      },
      {
        "strName" : "ItmFloorRYOF01",
        "fX"      : 4.0,
        "fY"      : 1.0,
        "fRotation" : 0.0,
        "strID"     : "5cb28048-706a-4f0c-9c00-171b7a2abf50",
        "bForceLoad" : false
      },
      {
        "strName" : "ItmLitWall1x0",
        "fX"      : 4.0,
        "fY"      : 9.0,
        "fRotation" : 90.0,
        "strID"     : "30123492-6a45-4b8e-a2c9-907c9eb82244",
        "bForceLoad" : false
      },
      {
        "strName" : "ItmLitWall1x0",
        "fX"      : 1.192093E-07,
        "fY"      : 9.0,
        "fRotation" : 270.0,
        "strID"     : "bdca2bf2-4dda-4778-90b5-a2a436918bfe",
        "bForceLoad" : false
      },
      {
        "strName" : "ItmLitWall1x0",
        "fX"      : 1.192093E-07,
        "fY"      : 7.0,
        "fRotation" : 270.0,
        "strID"     : "739d24fd-7345-4b45-aae6-2c5979daa46f",
        "bForceLoad" : false
      },
      {
        "strName" : "ItmWallMSSLFWhite",
        "fX"      : 1.0,
        "fY"      : 7.0,
        "fRotation" : 0.0,
        "strID"     : "7caa5ad5-d175-47fd-bf8e-0b7b51d8b875",
        "bForceLoad" : false
      },
      {
        "strName" : "ItmFloorRYOF04",
        "fX"      : 3.0,
        "fY"      : 6.0,
        "fRotation" : 0.0,
        "strID"     : "ab50f8c3-76ad-4e1f-992a-63929451834a",
        "bForceLoad" : false
      },
      {
        "strName" : "ItmWallMSSLFWhite",
        "fX"      : 3.0,
        "fY"      : 11.0,
        "fRotation" : 0.0,
        "strID"     : "5e22a8d9-931c-4331-8f8c-c2e1b4f7d126",
        "bForceLoad" : false
      },
      {
        "strName" : "ItmWallMSSLFWhite",
        "fX"      : 2.0,
        "fY"      : 6.0,
        "fRotation" : 0.0,
        "strID"     : "e8af9575-1607-4d69-bae9-7ec67cc69085",
        "bForceLoad" : false
      },
      {
        "strName" : "ItmWallMSSLFWhite",
        "fX"      : 3.0,
        "fY"      : 3.0,
        "fRotation" : 0.0,
        "strID"     : "d0fa7f37-bd8b-48b6-8947-cab65e2779cf",
        "bForceLoad" : false
      },
      {
        "strName" : "ItmRCSCluster01",
        "fX"      : 5.0,
        "fY"      : -1.0,
        "fRotation" : 270.0,
        "strID"     : "c6a33db2-8fd0-4951-90a7-5ed01ddaed75",
        "bForceLoad" : false
      },
      {
        "strName" : "ItmWallMSSLFWhite",
        "fX"      : 4.0,
        "fY"      : 3.0,
        "fRotation" : 0.0,
        "strID"     : "e4cb3cb3-4f59-44eb-8d42-471eeb3d5fe3",
        "bForceLoad" : false
      },
      {
        "strName" : "ItmWallMSSLFWhite",
        "fX"      : 4.0,
        "fY"      : 2.0,
        "fRotation" : 0.0,
        "strID"     : "934827be-d064-4bc9-99a1-2276c874ebe6",
        "bForceLoad" : false
      },
      {
        "strName" : "ItmWallMSSLFWhite",
        "fX"      : 1.0,
        "fY"      : 3.0,
        "fRotation" : 0.0,
        "strID"     : "c9013277-8f54-4a29-b2ac-156792e35bf1",
        "bForceLoad" : false
      },
      {
        "strName" : "ItmConduit01",
        "fX"      : 1.0,
        "fY"      : -2.0,
        "fRotation" : 0.0,
        "strID"     : "9cb76380-efa8-4f43-b1eb-255bc98faf1f",
        "bForceLoad" : false
      },
      {
        "strName" : "ItmConduit01",
        "fX"      : 1.0,
        "fY"      : 9.0,
        "fRotation" : 0.0,
        "strID"     : "89e1b507-12dd-4ad4-a02e-c4e7cfa9ce05",
        "bForceLoad" : false
      },
      {
        "strName" : "ItmConduit01",
        "fX"      : 3.0,
        "fY"      : 9.0,
        "fRotation" : 0.0,
        "strID"     : "18f92a0a-3975-4c1e-86d8-8131701dd5b7",
        "bForceLoad" : false
      },
      {
        "strName" : "ItmConduit01",
        "fX"      : 2.0,
        "fY"      : 9.0,
        "fRotation" : 0.0,
        "strID"     : "19d58d33-73f3-4664-9362-30131680f6f9",
        "bForceLoad" : false
      },
      {
        "strName" : "ItmWallMSSLFWhite",
        "fX"      : 2.0,
        "fY"      : 10.0,
        "fRotation" : 0.0,
        "strID"     : "4b1c9850-e784-437f-b121-66542f57ab48",
        "bForceLoad" : false
      },
      {
        "strName" : "ItmFloorRYOF01",
        "fX"      : 3.0,
        "fY"      : 7.0,
        "fRotation" : 0.0,
        "strID"     : "1b822502-0f5b-4d00-902f-65b68592bf9b",
        "bForceLoad" : false
      },
      {
        "strName" : "ItmWallMSSLFWhite",
        "fX"      : 1.0,
        "fY"      : 5.0,
        "fRotation" : 0.0,
        "strID"     : "6cf466be-aa7e-497f-9f2a-8f81b5601998",
        "bForceLoad" : false
      },
      {
        "strName" : "ItmRCSCluster01",
        "fX"      : -0.9999998,
        "fY"      : -1.0,
        "fRotation" : 90.0,
        "strID"     : "ed7dce66-88be-4710-b301-028edea5eeb3",
        "bForceLoad" : false
      },
      {
        "strName" : "ItmFloorRYOF01",
        "fX"      : 3.0,
        "fY"      : 5.0,
        "fRotation" : 0.0,
        "strID"     : "4f3f0458-6e2e-472d-9b3e-6fc24a947ad9",
        "bForceLoad" : false
      },
      {
        "strName" : "ItmFloorRYOF01",
        "fX"      : 1.0,
        "fY"      : 5.0,
        "fRotation" : 0.0,
        "strID"     : "f212a1a0-21be-4bc3-9bca-b3a052dd4b4e",
        "bForceLoad" : false
      },
      {
        "strName" : "ItmRTAN2",
        "fX"      : 2.0,
        "fY"      : -1.0,
        "fRotation" : 0.0,
        "strID"     : "16d33e2d-49ad-40ca-847e-e98e902ba3ec",
        "bForceLoad" : false
      },
      {
        "strName" : "ItmFloorRYOF01",
        "fX"      : 1.0,
        "fY"      : 7.0,
        "fRotation" : 0.0,
        "strID"     : "d04a37fd-ed3b-4431-bb14-fca4b7b7503c",
        "bForceLoad" : false
      },
      {
        "strName" : "ItmFloorRYOF01",
        "fX"      : 1.0,
        "fY"      : 9.0,
        "fRotation" : 0.0,
        "strID"     : "5259c0cd-8922-4dea-a9f5-5a17d048a952",
        "bForceLoad" : false
      },
      {
        "strName" : "ItmFloorRYOF01",
        "fX"      : 3.0,
        "fY"      : 9.0,
        "fRotation" : 0.0,
        "strID"     : "c4553b4b-cb85-41d3-8f7b-38e66e1cea8b",
        "bForceLoad" : false
      },
      {
        "strName" : "ItmConduit01",
        "fX"      : 3.0,
        "fY"      : 7.0,
        "fRotation" : 0.0,
        "strID"     : "90e70831-a129-4532-8eec-6db00e47497a",
        "bForceLoad" : false
      },
      {
        "strName" : "ItmConduit01",
        "fX"      : 1.0,
        "fY"      : 7.0,
        "fRotation" : 0.0,
        "strID"     : "7a50a081-2d8f-46e6-be30-499a465bef81",
        "bForceLoad" : false
      },
      {
        "strName" : "ItmConduit01",
        "fX"      : 1.0,
        "fY"      : 5.0,
        "fRotation" : 0.0,
        "strID"     : "2416cd55-002c-4b8a-9681-12f8e8786567",
        "bForceLoad" : false
      },
      {
        "strName" : "ItmLitWall1x0",
        "fX"      : 2.0,
        "fY"      : 2.0,
        "fRotation" : 0.0,
        "strID"     : "2f932738-35d0-4683-8784-f8242efd1de9",
        "bForceLoad" : false
      },
      {
        "strName" : "ItmWallMSSLFWhite",
        "fX"      : 3.0,
        "fY"      : 9.0,
        "fRotation" : 0.0,
        "strID"     : "bd14d6ea-77ac-41ed-9d6a-657ceebbfe3a",
        "bForceLoad" : false
      },
      {
        "strName" : "ItmConduit01",
        "fX"      : 2.0,
        "fY"      : 8.0,
        "fRotation" : 0.0,
        "strID"     : "21d6ad48-7bac-479d-b1f9-34b5179b045f",
        "bForceLoad" : false
      },
      {
        "strName" : "ItmConduit01",
        "fX"      : 2.0,
        "fY"      : 7.0,
        "fRotation" : 0.0,
        "strID"     : "11e3f98d-a4b1-4c13-a440-8c5104c43ccf",
        "bForceLoad" : false
      },
      {
        "strName" : "ItmWallMSSLFWhite",
        "fX"      : 2.0,
        "fY"      : 9.0,
        "fRotation" : 0.0,
        "strID"     : "ee3317e0-ede9-450d-85b3-673703f7add8",
        "bForceLoad" : false
      },
      {
        "strName" : "ItmWallMSSLFWhite",
        "fX"      : 1.0,
        "fY"      : 9.0,
        "fRotation" : 0.0,
        "strID"     : "a272ae72-b619-466a-8de3-713b68d97d87",
        "bForceLoad" : false
      },
      {
        "strName" : "ItmConduit01",
        "fX"      : 2.0,
        "fY"      : 6.0,
        "fRotation" : 0.0,
        "strID"     : "c828c034-16b6-4622-a9e9-0e6cc3bc4aef",
        "bForceLoad" : false
      },
      {
        "strName" : "ItmConduit01",
        "fX"      : 2.0,
        "fY"      : 5.0,
        "fRotation" : 0.0,
        "strID"     : "43347b6f-2971-4470-873d-992b7811261d",
        "bForceLoad" : false
      },
      {
        "strName" : "ItmFloorRYOF01",
        "fX"      : 2.0,
        "fY"      : 8.0,
        "fRotation" : 0.0,
        "strID"     : "70f859ac-094c-4a64-8558-2073205dd160",
        "bForceLoad" : false
      },
      {
        "strName" : "ItmConduit01",
        "fX"      : 3.0,
        "fY"      : 5.0,
        "fRotation" : 0.0,
        "strID"     : "f79a5a0e-d013-4dd3-9903-05565ab7833d",
        "bForceLoad" : false
      },
      {
        "strName" : "ItmFloorRYOF01",
        "fX"      : 2.0,
        "fY"      : 9.0,
        "fRotation" : 0.0,
        "strID"     : "b9c23521-15ed-4722-8b56-cf9492c2e9ec",
        "bForceLoad" : false
      },
      {
        "strName" : "ItmConduit01",
        "fX"      : 2.0,
        "fY"      : 4.0,
        "fRotation" : 0.0,
        "strID"     : "93bd1e1c-47b8-4751-a914-2daca636e172",
        "bForceLoad" : false
      },
      {
        "strName" : "ItmConduit01",
        "fX"      : 2.0,
        "fY"      : 3.0,
        "fRotation" : 0.0,
        "strID"     : "5733b25d-9e35-456f-a789-f16762825c6f",
        "bForceLoad" : false
      },
      {
        "strName" : "ItmConduit01",
        "fX"      : 4.0,
        "fY"      : -3.0,
        "fRotation" : 0.0,
        "strID"     : "653e033d-21c5-4c18-86cf-ae64f136bc39",
        "bForceLoad" : false
      },
      {
        "strName" : "ItmConduit01",
        "fX"      : 4.0,
        "fY"      : -2.0,
        "fRotation" : 0.0,
        "strID"     : "66c1a94d-af7a-4a9e-994c-f5289999e8eb",
        "bForceLoad" : false
      },
      {
        "strName" : "ItmConduit01",
        "fX"      : 3.0,
        "fY"      : -2.0,
        "fRotation" : 0.0,
        "strID"     : "45c714c1-7fdf-4654-ab73-739a628bee4f",
        "bForceLoad" : false
      },
      {
        "strName" : "ItmDockSys02Closed",
        "fX"      : 2.0,
        "fY"      : -4.5,
        "fRotation" : 180.0,
        "strID"     : "5378c997-1c48-468c-bcb9-dfe01fbe0044",
        "bForceLoad" : false
      },
      {
        "strName" : "ItmFloorRYOF01",
        "fX"      : 1.0,
        "fY"      : -3.0,
        "fRotation" : 0.0,
        "strID"     : "4fd3a2aa-b9d0-469b-ad63-e5f33870b6b3",
        "bForceLoad" : false
      },
      {
        "strName" : "ItmConduit01",
        "fX"      : 2.0,
        "fY"      : 2.0,
        "fRotation" : 0.0,
        "strID"     : "05b31423-3545-43aa-8145-900335015336",
        "bForceLoad" : false
      },
      {
        "strName" : "ItmConduit01",
        "fX"      : 2.0,
        "fY"      : 1.0,
        "fRotation" : 0.0,
        "strID"     : "a2f49a5e-f1bc-49c5-8c54-cbc6c73b9014",
        "bForceLoad" : false
      },
      {
        "strName" : "ItmConduit01",
        "fX"      : 2.0,
        "fY"      : 0.0,
        "fRotation" : 0.0,
        "strID"     : "53ee128d-bd87-4cca-a93e-fdccaa7f814c",
        "bForceLoad" : false
      },
      {
        "strName" : "ItmConduit01",
        "fX"      : -1.0,
        "fY"      : -1.0,
        "fRotation" : 0.0,
        "strID"     : "3534f9d6-e009-4ea8-afb1-021f1d757245",
        "bForceLoad" : false
      },
      {
        "strName" : "ItmConduit01",
        "fX"      : -1.0,
        "fY"      : 0.0,
        "fRotation" : 0.0,
        "strID"     : "a493f3a9-19fe-4af0-b4f0-1f5c4bdc1753",
        "bForceLoad" : false
      },
      {
        "strName" : "ItmConduit01",
        "fX"      : -1.0,
        "fY"      : 1.0,
        "fRotation" : 0.0,
        "strID"     : "deb49631-fcd3-4066-a598-3e563952be0d",
        "bForceLoad" : false
      },
      {
        "strName" : "ItmConduit01",
        "fX"      : -1.0,
        "fY"      : 2.0,
        "fRotation" : 0.0,
        "strID"     : "b8f121d0-5eb1-4011-8b15-f3c1620e4378",
        "bForceLoad" : false
      },
      {
        "strName" : "ItmConduit01",
        "fX"      : 0.0,
        "fY"      : 2.0,
        "fRotation" : 0.0,
        "strID"     : "416c45f9-7d3c-480d-9455-343066eb0f3b",
        "bForceLoad" : false
      },
      {
        "strName" : "ItmConduit01",
        "fX"      : 2.0,
        "fY"      : -2.0,
        "fRotation" : 0.0,
        "strID"     : "540b8d81-55f0-4dbd-aeca-c6320b9d4b37",
        "bForceLoad" : false
      },
      {
        "strName" : "ItmConduit01",
        "fX"      : 0.0,
        "fY"      : -2.0,
        "fRotation" : 0.0,
        "strID"     : "6722053e-cbe4-4f0c-af1e-35fad71bed35",
        "bForceLoad" : false
      },
      {
        "strName" : "ItmWallMSSLFWhite",
        "fX"      : 2.0,
        "fY"      : 3.0,
        "fRotation" : 0.0,
        "strID"     : "b8394638-3c30-48ca-9d35-01985da416f8",
        "bForceLoad" : false
      },
      {
        "strName" : "ItmLitWall1x0",
        "fX"      : 1.192093E-07,
        "fY"      : 5.0,
        "fRotation" : 270.0,
        "strID"     : "74473ea3-6656-43cf-8b38-718356885577",
        "bForceLoad" : false
      },
      {
        "strName" : "ItmConduit01",
        "fX"      : 2.0,
        "fY"      : -1.0,
        "fRotation" : 0.0,
        "strID"     : "fb863ba4-e33e-4ed1-96ff-f600098a0972",
        "bForceLoad" : false
      },
      {
        "strName" : "ItmSwitch01On",
        "fX"      : 4.0,
        "fY"      : 0.0,
        "fRotation" : 0.0,
        "strID"     : "659fa52a-77c5-422f-9630-39f7c8575c30",
        "bForceLoad" : false
      },
      {
        "strName" : "ItmSwitch01On",
        "fX"      : 1.0,
        "fY"      : 2.0,
        "fRotation" : 0.0,
        "strID"     : "2eb049a0-2a9e-4ad9-96e6-ea6737333f24",
        "bForceLoad" : false
      },
      {
        "strName" : "ItmConduit01",
        "fX"      : 5.0,
        "fY"      : 0.0,
        "fRotation" : 0.0,
        "strID"     : "e8c24b79-284b-4211-bb0e-6a9e8f00e2f7",
        "bForceLoad" : false
      },
      {
        "strName" : "ItmSwitch01On",
        "fX"      : 3.0,
        "fY"      : 0.0,
        "fRotation" : 0.0,
        "strID"     : "44d7f900-4b58-4eb1-924f-41b2f4c817fe",
        "bForceLoad" : false
      },
      {
        "strName" : "ItmTerminal01",
        "fX"      : 0.0,
        "fY"      : 0.5,
        "fRotation" : 0.0,
        "strID"     : "cc24f7cd-8bed-4686-b081-8aad40ef603b",
        "bForceLoad" : false
      },
      {
        "strName" : "ItmWallMSSLFWhite",
        "fX"      : 2.0,
        "fY"      : 11.0,
        "fRotation" : 0.0,
        "strID"     : "a9d1daa2-a0a2-4733-b411-0e45d8735407",
        "bForceLoad" : false
      },
      {
        "strName" : "ItmWallMSSLFWhite",
        "fX"      : 3.0,
        "fY"      : 7.0,
        "fRotation" : 0.0,
        "strID"     : "c834db2d-fe81-4aec-ab96-faf72e4c9e5b",
        "bForceLoad" : false
      },
      {
        "strName" : "ItmWallMSSLFWhite",
        "fX"      : 0.0,
        "fY"      : 2.0,
        "fRotation" : 0.0,
        "strID"     : "e8a6f88e-904b-456c-bb2d-439443dabe04",
        "bForceLoad" : false
      },
      {
        "strName" : "ItmWallMSSLFWhite",
        "fX"      : 5.0,
        "fY"      : 1.0,
        "fRotation" : 0.0,
        "strID"     : "42e4c070-86ec-4f43-a972-b41fdbc736fb",
        "bForceLoad" : false
      },
      {
        "strName" : "ItmFloorRYOF01",
        "fX"      : 5.0,
        "fY"      : 1.0,
        "fRotation" : 0.0,
        "strID"     : "7c8c72fd-de7d-41c4-9a58-0f0bc7f17974",
        "bForceLoad" : false
      },
      {
        "strName" : "ItmFloorRYOF01",
        "fX"      : -1.0,
        "fY"      : -1.0,
        "fRotation" : 0.0,
        "strID"     : "292eaf73-3179-447e-bfb2-2ae416bab64d",
        "bForceLoad" : false
      },
      {
        "strName" : "ItmFloorRYOF01",
        "fX"      : -1.0,
        "fY"      : 1.0,
        "fRotation" : 0.0,
        "strID"     : "4379fc49-b97c-4b47-86a2-ddbd8e9d7742",
        "bForceLoad" : false
      },
      {
        "strName" : "ItmFloorRYOF01",
        "fX"      : 0.0,
        "fY"      : 0.0,
        "fRotation" : 0.0,
        "strID"     : "6952a1fc-8024-4079-a76e-fb3367faa082",
        "bForceLoad" : false
      },
      {
        "strName" : "ItmWallMSSLFWhite",
        "fX"      : -1.0,
        "fY"      : 2.0,
        "fRotation" : 0.0,
        "strID"     : "10cd18eb-d66c-48f4-9068-af90da9c8886",
        "bForceLoad" : false
      },
      {
        "strName" : "ItmWallMSSLFWhite",
        "fX"      : -1.0,
        "fY"      : 1.0,
        "fRotation" : 0.0,
        "strID"     : "ad2d66e7-8367-4dff-a270-47dc1988865a",
        "bForceLoad" : false
      },
      {
        "strName" : "ItmFloorRYOF01",
        "fX"      : 5.0,
        "fY"      : 0.0,
        "fRotation" : 0.0,
        "strID"     : "a51d2661-60fb-4292-ba5c-910c2a6df9ab",
        "bForceLoad" : false
      },
      {
        "strName" : "ItmFloorRYOF01",
        "fX"      : 5.0,
        "fY"      : -2.0,
        "fRotation" : 0.0,
        "strID"     : "1532f37f-b9bc-4ca1-b47b-c178216cd2e9",
        "bForceLoad" : false
      },
      {
        "strName" : "ItmFloorRYOF01",
        "fX"      : 5.0,
        "fY"      : -1.0,
        "fRotation" : 0.0,
        "strID"     : "750c5eb3-4320-48ba-a200-ba21666cb341",
        "bForceLoad" : false
      },
      {
        "strName" : "ItmFloorRYOF01",
        "fX"      : -1.0,
        "fY"      : -2.0,
        "fRotation" : 0.0,
        "strID"     : "b1d10767-1d58-48ca-b81b-bf3d452200a2",
        "bForceLoad" : false
      },
      {
        "strName" : "ItmWallMSSLFWhite",
        "fX"      : -1.0,
        "fY"      : -2.0,
        "fRotation" : 0.0,
        "strID"     : "0e62f45d-b78d-4797-9c31-fa64c040811e",
        "bForceLoad" : false
      },
      {
        "strName" : "ItmWallMSSLFWhite",
        "fX"      : -1.0,
        "fY"      : -1.0,
        "fRotation" : 0.0,
        "strID"     : "ea45f5d8-b402-4dbd-b72b-d1406686c087",
        "bForceLoad" : false
      },
      {
        "strName" : "ItmConduit01",
        "fX"      : 5.0,
        "fY"      : -1.0,
        "fRotation" : 0.0,
        "strID"     : "fd668be4-628d-4882-ba7e-8cd79cd35046",
        "bForceLoad" : false
      },
      {
        "strName" : "ItmWallMSSLFWhite",
        "fX"      : -1.0,
        "fY"      : 0.0,
        "fRotation" : 0.0,
        "strID"     : "03d2b33c-9ef8-4728-a048-cb80da7ecc7b",
        "bForceLoad" : false
      },
      {
        "strName" : "ItmConduit01",
        "fX"      : 0.0,
        "fY"      : -4.0,
        "fRotation" : 0.0,
        "strID"     : "00d0a025-a704-4641-94a4-b0c39b13c780",
        "bForceLoad" : false
      },
      {
        "strName" : "ItmWallMSSLFWhite",
        "fX"      : 4.0,
        "fY"      : -2.0,
        "fRotation" : 0.0,
        "strID"     : "a9eb8819-597d-4e72-a460-1d07e37364ce",
        "bForceLoad" : false
      },
      {
        "strName" : "ItmWallMSSLFWhite",
        "fX"      : 5.0,
        "fY"      : -2.0,
        "fRotation" : 0.0,
        "strID"     : "215d34eb-d5d1-4c74-9ea5-df0d89b138b8",
        "bForceLoad" : false
      },
      {
        "strName" : "ItmWallMSSLFWhite",
        "fX"      : 3.0,
        "fY"      : 5.0,
        "fRotation" : 0.0,
        "strID"     : "dcca9220-df24-4442-9d07-0fbbb25136dd",
        "bForceLoad" : false
      },
      {
        "strName" : "ItmWallMSSLFWhite",
        "fX"      : 5.0,
        "fY"      : -1.0,
        "fRotation" : 0.0,
        "strID"     : "6b57bb47-24cf-4d56-ad3b-c9f22749488b",
        "bForceLoad" : false
      },
      {
        "strName" : "ItmWallMSSLFWhite",
        "fX"      : 0.0,
        "fY"      : -2.0,
        "fRotation" : 0.0,
        "strID"     : "9a9ba77c-96e2-45e2-b372-cb3c9441702f",
        "bForceLoad" : false
      },
      {
        "strName" : "ItmFloorRYOF01",
        "fX"      : 4.0,
        "fY"      : -3.0,
        "fRotation" : 0.0,
        "strID"     : "9dad693f-a63d-4782-8d50-9efbb6665ebf",
        "bForceLoad" : false
      },
      {
        "strName" : "ItmFloorRYOF01",
        "fX"      : 0.0,
        "fY"      : -3.0,
        "fRotation" : 0.0,
        "strID"     : "dd202bb3-de19-411c-8df7-38861e112dd4",
        "bForceLoad" : false
      },
      {
        "strName" : "ItmFloorRYOF01",
        "fX"      : 3.0,
        "fY"      : 3.0,
        "fRotation" : 0.0,
        "strID"     : "fafea446-54e7-44e6-90a7-1e7c657a7efa",
        "bForceLoad" : false
      },
      {
        "strName" : "ItmFloorRYOF04",
        "fX"      : 1.0,
        "fY"      : -4.0,
        "fRotation" : 270.0,
        "strID"     : "4ad64205-51fc-4ef7-93a8-0ac9a369d6b2",
        "bForceLoad" : false
      },
      {
        "strName" : "ItmFloorRYOF01",
        "fX"      : 2.0,
        "fY"      : 7.0,
        "fRotation" : 0.0,
        "strID"     : "ef005678-1882-4f66-9c4c-80e48154029e",
        "bForceLoad" : false
      },
      {
        "strName" : "ItmFloorRYOF04",
        "fX"      : 2.0,
        "fY"      : -4.0,
        "fRotation" : 270.0,
        "strID"     : "6bba5bff-687c-424b-baa1-2b18cd2899e7",
        "bForceLoad" : false
      },
      {
        "strName" : "ItmFloorRYOF04",
        "fX"      : 1.0,
        "fY"      : 6.0,
        "fRotation" : 180.0,
        "strID"     : "44531bed-98b5-47cb-8745-4c728eaea53f",
        "bForceLoad" : false
      },
      {
        "strName" : "ItmLitWall1x0",
        "fX"      : 4.0,
        "fY"      : 5.0,
        "fRotation" : 90.0,
        "strID"     : "3048902a-9ed7-47a6-b3e0-11e6b39fc4c1",
        "bForceLoad" : false
      },
      {
        "strName" : "ItmWallMSSLFWhite",
        "fX"      : 5.0,
        "fY"      : 2.0,
        "fRotation" : 0.0,
        "strID"     : "086bdee3-4524-4d0c-85b8-9bb583e95941",
        "bForceLoad" : false
      },
      {
        "strName" : "ItmFloorRYOF01",
        "fX"      : 4.0,
        "fY"      : 2.0,
        "fRotation" : 0.0,
        "strID"     : "36cc762b-5ac9-42fa-98d8-135c28983c15",
        "bForceLoad" : false
      },
      {
        "strName" : "ItmLitWall1x0",
        "fX"      : 5.0,
        "fY"      : -3.0,
        "fRotation" : 90.0,
        "strID"     : "d3a85e8b-541a-4265-995c-444819d44ca9",
        "bForceLoad" : false
      },
      {
        "strName" : "ItmWallMSSLFWhite",
        "fX"      : 2.0,
        "fY"      : 8.0,
        "fRotation" : 0.0,
        "strID"     : "4127aa9a-35fb-4861-8479-77d2baf215d9",
        "bForceLoad" : false
      },
      {
        "strName" : "ItmFloorRYOF01",
        "fX"      : 1.0,
        "fY"      : 3.0,
        "fRotation" : 0.0,
        "strID"     : "dfb9db5b-b0a7-4592-b99c-6083ed098bc9",
        "bForceLoad" : false
      },
      {
        "strName" : "ItmFloorRYOF01",
        "fX"      : 2.0,
        "fY"      : 4.0,
        "fRotation" : 0.0,
        "strID"     : "136c5c06-42f3-4824-ae46-c91f5612258d",
        "bForceLoad" : false
      },
      {
        "strName" : "ItmBattery02",
        "fX"      : 2.5,
        "fY"      : 1.5,
        "fRotation" : 180.0,
        "strID"     : "135563ce-9410-4004-96bf-03a3600c1b1a",
        "bForceLoad" : false,
        "aGPMSettings" : [
          {
            "strName" : "Panel A",
            "dictGUIPropMap" : [
              "strGUIPrefab",
              "GUIMeter",
              "strFriendlyName",
              "Battery",
              "strGUIPrefabRight",
              null,
              "strGUIPrefabLeft",
              null,
              "strGUIPrefabUp",
              null,
              "strGUIPrefabDown",
              null,
              "strTitle",
              "Battery Charge",
              "strCond",
              "StatPower",
              "strInput01",
              "",
              "fMin",
              "0.0",
              "fMax",
              "80.96"
            ]
          }
        ]
      },
      {
        "strName" : "ItmFloorRYOF01",
        "fX"      : 2.0,
        "fY"      : 3.0,
        "fRotation" : 0.0,
        "strID"     : "0a8af9dd-f6d7-4808-b7af-9c5b9a0c5319",
        "bForceLoad" : false
      },
      {
        "strName" : "ItmFloorMSSOW01",
        "fX"      : 5.0,
        "fY"      : 3.0,
        "fRotation" : 0.0,
        "strID"     : "f36954c4-691b-4e03-9c36-13a1bfc9ef95",
        "bForceLoad" : false
      },
      {
        "strName" : "ItmFloorMSSOW01",
        "fX"      : -1.0,
        "fY"      : 3.0,
        "fRotation" : 0.0,
        "strID"     : "3a08dd64-06bf-4da2-8cd3-21bc1a4d30cb",
        "bForceLoad" : false
      },
      {
        "strName" : "ItmFloorMSSOW01",
        "fX"      : 5.0,
        "fY"      : -3.0,
        "fRotation" : 0.0,
        "strID"     : "46ee54b7-9af0-4622-91e6-fd36686cd631",
        "bForceLoad" : false
      },
      {
        "strName" : "ItmFloorMSSOW01",
        "fX"      : -1.0,
        "fY"      : -3.0,
        "fRotation" : 0.0,
        "strID"     : "c5d04805-350e-4700-8dec-17ea626e932f",
        "bForceLoad" : false
      },
      {
        "strName" : "ItmDoor01ClosedOnLocked",
        "fX"      : 2.0,
        "fY"      : -3.0,
        "fRotation" : 0.0,
        "strID"     : "d297de5a-57c5-431f-8c94-3d6a5a044ec0",
        "bForceLoad" : false,
        "aGPMSettings" : [
          {
            "strName" : "Panel A",
            "dictGUIPropMap" : [
              "strGUIPrefab",
              "GUILocks",
              "strFriendlyName",
              "Door Lock",
              "strGUIPrefabRight",
              null,
              "strGUIPrefabLeft",
              null,
              "strGUIPrefabUp",
              null,
              "strGUIPrefabDown",
              null,
              "strBrand",
              "Bieler",
              "strBrandSub",
              "Commercial Door Systems",
              "strMSLock",
              "ItmDoorInt01ClosedLocked",
              "strMSUnlock",
              "ItmDoorInt01Closed"
            ]
          }
        ]
      },
      {
        "strName" : "Compartment",
        "fX"      : -2.0,
        "fY"      : 11.0,
        "fRotation" : 0.0,
        "strID"     : "ba5bf80b-2c32-4054-9c54-7d3a7e3d213d",
        "bForceLoad" : false
      },
      {
        "strName" : "Compartment",
        "fX"      : 4.0,
        "fY"      : 11.0,
        "fRotation" : 0.0,
        "strID"     : "be99b9f6-ae76-4523-bfd3-99605e3ef493",
        "bForceLoad" : false
      },
      {
        "strName" : "Compartment",
        "fX"      : 1.0,
        "fY"      : 2.0,
        "fRotation" : 0.0,
        "strID"     : "351a552f-2a2f-4a3b-bd92-9d73cea4c88e",
        "bForceLoad" : false
      },
      {
        "strName" : "Compartment",
        "fX"      : 1.0,
        "fY"      : -4.0,
        "fRotation" : 0.0,
        "strID"     : "a60f3734-e72a-4b58-a0a8-9f47339e379a",
        "bForceLoad" : false
      }
    ],
    "vShipPos"         : {
      "x" : 0.0,
      "y" : 0.0
    },
    "objSS"            : {
      "boPORShip" : "OKLG_NAV3",
      "vPosx"     : 0.973908882389569,
      "vPosy"     : -1.56526843745456,
      "vBOOffsetx" : 0.0,
      "vBOOffsety" : 0.0,
      "vVelX"      : 1.67192314104447E-07,
      "vVelY"      : 1.35994859817856E-08,
      "vAccIn"     : {
        "x" : 0.0,
        "y" : 0.0
      },
      "vAccRCS"    : {
        "x" : 0.0,
        "y" : 0.0
      },
      "vAccEx"     : {
        "x" : 0.0,
        "y" : 0.0
      },
      "fRot"       : 0.0,
      "fW"         : 0.0,
      "fA"         : 0.0,
      "bBOLocked"  : false,
      "bIsBO"      : true,
      "bIsRegion"  : false,
      "bIsNoFees"  : true
    },
    "aRooms"           : [
      {
        "strID" : "ba5bf80b-2c32-4054-9c54-7d3a7e3d213d",
        "bVoid" : true,
        "aTiles" : [
          0,
          1,
          9,
          2,
          10,
          18,
          11,
          19,
          27,
          12,
          20,
          28,
          36,
          29,
          37,
          45,
          30,
          38,
          46,
          54,
          47,
          55,
          63,
          48,
          56,
          64,
          72,
          65,
          73,
          81,
          66,
          90,
          99,
          108,
          117,
          126,
          127,
          135,
          136,
          144,
          145
        ]
      },
      {
        "strID" : "be99b9f6-ae76-4523-bfd3-99605e3ef493",
        "bVoid" : true,
        "aTiles" : [
          6,
          7,
          15,
          8,
          16,
          14,
          24,
          17,
          25,
          33,
          26,
          34,
          32,
          42,
          35,
          43,
          51,
          44,
          52,
          50,
          60,
          53,
          61,
          69,
          62,
          70,
          68,
          71,
          79,
          80,
          89,
          98,
          107,
          116,
          125,
          134,
          133,
          143,
          142,
          152,
          151
        ]
      },
      {
        "strID" : "351a552f-2a2f-4a3b-bd92-9d73cea4c88e",
        "bVoid" : false,
        "aTiles" : [
          84,
          85,
          93,
          86,
          94,
          92,
          102,
          95,
          103,
          101,
          111,
          96,
          104,
          112,
          110,
          120,
          105,
          113,
          121,
          114,
          122,
          130
        ]
      },
      {
        "strID" : "a60f3734-e72a-4b58-a0a8-9f47339e379a",
        "bVoid" : false,
        "aTiles" : [
          138,
          139,
          140,
          148
        ]
      }
    ],
    "DMGStatus"        : 0,
    "fLastVisit"       : 0.0,
    "fAIDockingTimer"  : 0.0,
    "fAIPauseTimer"    : 0.0,
    "bPrefill"         : true,
    "bNoCollisions"    : false,
    "dLastScanTime"    : 0.0,
    "bLocalAuthority"  : false,
    "bAIShip"          : false,
    "make"             : "ASC",
    "model"            : "Perimeter Buoy 01",
    "year"             : "2036",
    "origin"           : "K-Leg",
    "designation"      : "Satellite",
    "publicName"       : "OKLG NAV3",
    "dimensions"       : "2.88m x 5.44m",
    "fShallowMass"     : 1991.0,
    "fShallowRCSRemass" : 374.6231982,
    "fShallowRCSRemassMax" : 374.682347357627,
    "fShallowFusionRemain" : 0.0,
    "fBreakInMultiplier"   : 0.0,
    "nRCSCount"            : 2,
    "nRCSDistroCount"      : 1,
    "nDockCount"           : 1,
    "bFusionTorch"         : false
  }
]