
[
  {
    "strName" : "V-FQWG",
    "strRegID" : "V-FQWG",
    "nCurrentWaypoint" : -1,
    "fTimeEngaged"     : 162854.1,
    "aCOs"             : [
      {
        "strID" : "8f1d002f-4000-40c8-9dc5-6baabab24cad",
        "strCODef" : "SysLootSpawner",
        "bAlive"   : true,
        "aConds"   : [
          "IsNonHighlightable=1.0x1",
          "IsHiddenInv=1.0x1",
          "IsLootSpawner=1.0x1",
          "IsSystem=1.0x1"
        ],
        "strCondID" : "SysLootSpawner8f1d002f-4000-40c8-9dc5-6baabab24cad",
        "inventoryX" : 0,
        "inventoryY" : 0,
        "fDGasTemp"  : 0.0,
        "fLastICOUpdate" : 65627510913.4193,
        "nDestTile"      : 0,
        "strIdleAnim"    : "Idle",
        "aMyShips"       : [
          "V-FQWG"
        ],
        "strIMGPreview"  : "IcoLoot",
        "strFriendlyName" : "SysLootSpawner",
        "strRegIDLast"    : "V-FQWG"
      },
      {
        "strID" : "b3f7dc89-00bd-4b41-8992-c220c3b0cb45",
        "strCODef" : "SysLootSpawner",
        "bAlive"   : true,
        "aConds"   : [
          "IsNonHighlightable=1.0x1",
          "IsHiddenInv=1.0x1",
          "IsLootSpawner=1.0x1",
          "IsSystem=1.0x1"
        ],
        "strCondID" : "SysLootSpawnerb3f7dc89-00bd-4b41-8992-c220c3b0cb45",
        "inventoryX" : 0,
        "inventoryY" : 0,
        "fDGasTemp"  : 0.0,
        "fLastICOUpdate" : 65627510913.4193,
        "nDestTile"      : 0,
        "strIdleAnim"    : "Idle",
        "aMyShips"       : [
          "V-FQWG"
        ],
        "strIMGPreview"  : "IcoLoot",
        "strFriendlyName" : "SysLootSpawner",
        "strRegIDLast"    : "V-FQWG"
      }
    ],
    "aItems"           : [
      {
        "strName" : "ItmCanister01",
        "fX"      : 1.0,
        "fY"      : -9.0,
        "fRotation" : 0.0,
        "strID"     : "d6e2974d-7abc-49df-b69c-85db54a9d352",
        "bForceLoad" : false
      },
      {
        "strName" : "ItmCanister01",
        "fX"      : 3.0,
        "fY"      : -8.0,
        "fRotation" : 180.0,
        "strID"     : "e57a5cc0-a0fb-4f04-af2f-81fc242ecc8a",
        "bForceLoad" : false
      },
      {
        "strName" : "ItmCanister01",
        "fX"      : 8.0,
        "fY"      : -8.0,
        "fRotation" : 90.0,
        "strID"     : "8deb31ee-dc7b-4d27-9044-4a3803d99f48",
        "bForceLoad" : false
      },
      {
        "strName" : "ItmCanister01",
        "fX"      : 3.0,
        "fY"      : -9.0,
        "fRotation" : 90.0,
        "strID"     : "1d0e3853-321f-4b64-9ff6-2e7a7c5db307",
        "bForceLoad" : false
      },
      {
        "strName" : "ItmFloorRYOF01",
        "fX"      : 4.0,
        "fY"      : -14.0,
        "fRotation" : 0.0,
        "strID"     : "20e8cba0-d48b-4c6b-90e6-06bdd007ebdb",
        "bForceLoad" : false
      },
      {
        "strName" : "ItmFloorRYOF01",
        "fX"      : 5.0,
        "fY"      : -14.0,
        "fRotation" : 0.0,
        "strID"     : "6d0e21d0-ad95-46c7-b72c-8d51e65159aa",
        "bForceLoad" : false
      },
      {
        "strName" : "ItmFloorRYOF01",
        "fX"      : 6.0,
        "fY"      : -14.0,
        "fRotation" : 0.0,
        "strID"     : "8ba1275b-95c6-4f4d-a769-4596d9a0092d",
        "bForceLoad" : false
      },
      {
        "strName" : "ItmLitWall1x0Off",
        "fX"      : 6.0,
        "fY"      : -14.0,
        "fRotation" : 270.0,
        "strID"     : "579d139a-d9a9-4f73-8b59-d04e17a7a7e9",
        "bForceLoad" : false
      },
      {
        "strName" : "ItmFloorRYOF04",
        "fX"      : 4.0,
        "fY"      : -15.0,
        "fRotation" : 270.0,
        "strID"     : "b6d9b817-2a76-46af-adca-c3ed7d0dc838",
        "bForceLoad" : false
      },
      {
        "strName" : "ItmFloorRYOF04",
        "fX"      : 5.0,
        "fY"      : -15.0,
        "fRotation" : 270.0,
        "strID"     : "26a4d806-5787-4b72-80ac-7a5c1d1d779c",
        "bForceLoad" : false
      },
      {
        "strName" : "ItmFloorRYOF04",
        "fX"      : 6.0,
        "fY"      : -15.0,
        "fRotation" : 270.0,
        "strID"     : "8c97faed-227a-4c2e-969d-d5ce5a3aefc6",
        "bForceLoad" : false
      },
      {
        "strName" : "ItmDockSys02Closed",
        "fX"      : 5.0,
        "fY"      : -15.5,
        "fRotation" : 180.0,
        "strID"     : "7e8fac30-6c7c-44d2-8c45-00d1afa921e8",
        "bForceLoad" : false
      },
      {
        "strName" : "ItmFloorRYOF01",
        "fX"      : 3.0,
        "fY"      : -14.0,
        "fRotation" : 0.0,
        "strID"     : "aad58141-7439-4df2-b1ba-7e50fe2f32dc",
        "bForceLoad" : false
      },
      {
        "strName" : "ItmFloorRYOF01",
        "fX"      : 7.0,
        "fY"      : -14.0,
        "fRotation" : 0.0,
        "strID"     : "a0aace5c-0a39-4dde-87bb-c39145dc3242",
        "bForceLoad" : false
      },
      {
        "strName" : "ItmFloorRYOF01",
        "fX"      : 2.0,
        "fY"      : -14.0,
        "fRotation" : 0.0,
        "strID"     : "7d3a0155-7ebe-46d9-9e29-f687142453e0",
        "bForceLoad" : false
      },
      {
        "strName" : "ItmFloorRYOF01",
        "fX"      : 2.0,
        "fY"      : -13.0,
        "fRotation" : 0.0,
        "strID"     : "82518b2d-bcd5-443c-9fbe-ea4e9ebbf0cd",
        "bForceLoad" : false
      },
      {
        "strName" : "ItmLitWall1x0Off",
        "fX"      : 2.0,
        "fY"      : -15.0,
        "fRotation" : 270.0,
        "strID"     : "d6c6cd23-4832-4221-96e5-5457a0912094",
        "bForceLoad" : false
      },
      {
        "strName" : "ItmConduit01",
        "fX"      : 3.0,
        "fY"      : -14.0,
        "fRotation" : 0.0,
        "strID"     : "f4eb26e6-091e-403c-853c-612d00f87a55",
        "bForceLoad" : false
      },
      {
        "strName" : "ItmFloorRYOF01",
        "fX"      : 8.0,
        "fY"      : -14.0,
        "fRotation" : 0.0,
        "strID"     : "a5ac695d-148f-4785-a580-3429e82799b2",
        "bForceLoad" : false
      },
      {
        "strName" : "ItmFloorRYOF01",
        "fX"      : 8.0,
        "fY"      : -13.0,
        "fRotation" : 0.0,
        "strID"     : "05fdff0a-1a95-4250-b54b-c54022930afb",
        "bForceLoad" : false
      },
      {
        "strName" : "ItmFloorRYOF01",
        "fX"      : 2.0,
        "fY"      : -12.0,
        "fRotation" : 0.0,
        "strID"     : "e5816480-1fc8-48c0-a566-2a81a1add12f",
        "bForceLoad" : false
      },
      {
        "strName" : "ItmFloorRYOF01",
        "fX"      : 3.0,
        "fY"      : -12.0,
        "fRotation" : 0.0,
        "strID"     : "43f5edc6-315a-46f3-a38b-535ebf04247c",
        "bForceLoad" : false
      },
      {
        "strName" : "ItmFloorRYOF01",
        "fX"      : 3.0,
        "fY"      : -11.0,
        "fRotation" : 0.0,
        "strID"     : "160f1af0-be04-4aa4-b875-cf87acfe5cf2",
        "bForceLoad" : false
      },
      {
        "strName" : "ItmFloorRYOF01",
        "fX"      : 2.0,
        "fY"      : -11.0,
        "fRotation" : 0.0,
        "strID"     : "c91a4329-c8b7-4dcb-bb08-d2a13ce96ca2",
        "bForceLoad" : false
      },
      {
        "strName" : "ItmConduit01",
        "fX"      : 3.0,
        "fY"      : -12.0,
        "fRotation" : 0.0,
        "strID"     : "1bdd0c1c-7cc0-49ea-b7a7-86fdefb6e76b",
        "bForceLoad" : false
      },
      {
        "strName" : "ItmFloorRYOF01",
        "fX"      : 9.0,
        "fY"      : -12.0,
        "fRotation" : 0.0,
        "strID"     : "3a8bb398-e8e6-4f76-9d73-57be1fe29f47",
        "bForceLoad" : false
      },
      {
        "strName" : "ItmFloorRYOF04",
        "fX"      : 9.0,
        "fY"      : -11.0,
        "fRotation" : 180.0,
        "strID"     : "6c46bff2-bf91-4e1b-866d-e30b8b2aa5d5",
        "bForceLoad" : false
      },
      {
        "strName" : "ItmFloorRYOF04",
        "fX"      : 9.0,
        "fY"      : -10.0,
        "fRotation" : 90.0,
        "strID"     : "f876aa1b-deb3-48b0-8d7e-f7079a48e0f6",
        "bForceLoad" : false
      },
      {
        "strName" : "ItmFloorRYOF05",
        "fX"      : 9.0,
        "fY"      : -9.0,
        "fRotation" : 0.0,
        "strID"     : "110c11f0-bad5-4a19-aecf-f05b80ebb556",
        "bForceLoad" : false
      },
      {
        "strName" : "ItmFloorRYOF05",
        "fX"      : 9.0,
        "fY"      : -8.0,
        "fRotation" : 0.0,
        "strID"     : "3f989ba2-5f7e-47a1-b220-33facf327bb4",
        "bForceLoad" : false
      },
      {
        "strName" : "ItmFloorRYOF04",
        "fX"      : 9.0,
        "fY"      : -7.0,
        "fRotation" : 180.0,
        "strID"     : "c6c47356-c97d-41eb-bc88-1fb85715d3ad",
        "bForceLoad" : false
      },
      {
        "strName" : "ItmFloorRYOF01",
        "fX"      : 9.0,
        "fY"      : -6.0,
        "fRotation" : 0.0,
        "strID"     : "f60484ae-8290-42a3-a8e0-c1eedfbccb36",
        "bForceLoad" : false
      },
      {
        "strName" : "ItmFloorRYOF01",
        "fX"      : 9.0,
        "fY"      : -5.0,
        "fRotation" : 0.0,
        "strID"     : "8e72b7d7-0b8f-4b32-a5f8-4b5d9e012b74",
        "bForceLoad" : false
      },
      {
        "strName" : "ItmFloorRYOF01",
        "fX"      : 8.0,
        "fY"      : -6.0,
        "fRotation" : 0.0,
        "strID"     : "17f6a5ec-cd2f-4876-9cd3-eecbd0d45a3d",
        "bForceLoad" : false
      },
      {
        "strName" : "ItmFloorRYOF04",
        "fX"      : 8.0,
        "fY"      : -7.0,
        "fRotation" : 270.0,
        "strID"     : "6a13f5b0-7696-441d-ab86-96ca05862992",
        "bForceLoad" : false
      },
      {
        "strName" : "ItmFloorRYOF05",
        "fX"      : 8.0,
        "fY"      : -8.0,
        "fRotation" : 0.0,
        "strID"     : "f1a3bf48-ef65-4850-b7c2-dab4d8589600",
        "bForceLoad" : false
      },
      {
        "strName" : "ItmFloorRYOF01",
        "fX"      : 3.0,
        "fY"      : -13.0,
        "fRotation" : 0.0,
        "strID"     : "0dd6bd7a-aa46-42ca-a189-6bddd7c141bd",
        "bForceLoad" : false
      },
      {
        "strName" : "ItmFloorRYOF01",
        "fX"      : 8.0,
        "fY"      : -12.0,
        "fRotation" : 0.0,
        "strID"     : "754f9f6d-7cd9-4d4b-ba60-bd1523684336",
        "bForceLoad" : false
      },
      {
        "strName" : "ItmFloorRYOF01",
        "fX"      : 7.0,
        "fY"      : -12.0,
        "fRotation" : 0.0,
        "strID"     : "ef2bff9e-7031-47e5-8100-b3ba90a1786e",
        "bForceLoad" : false
      },
      {
        "strName" : "ItmFloorRYOF05",
        "fX"      : 8.0,
        "fY"      : -9.0,
        "fRotation" : 0.0,
        "strID"     : "06526769-0d63-48e4-a637-f7597fbbc86a",
        "bForceLoad" : false
      },
      {
        "strName" : "ItmFloorRYOF04",
        "fX"      : 8.0,
        "fY"      : -10.0,
        "fRotation" : 90.0,
        "strID"     : "e5d32e65-c82e-4c51-a1eb-2c9dd407e446",
        "bForceLoad" : false
      },
      {
        "strName" : "ItmFloorRYOF05",
        "fX"      : 3.0,
        "fY"      : -8.0,
        "fRotation" : 0.0,
        "strID"     : "4a3b81a7-6e2d-45e6-ae4e-2176836dd16b",
        "bForceLoad" : false
      },
      {
        "strName" : "ItmFloorRYOF01",
        "fX"      : 7.0,
        "fY"      : -13.0,
        "fRotation" : 0.0,
        "strID"     : "28d99661-f013-4898-bf32-533a96f0225a",
        "bForceLoad" : false
      },
      {
        "strName" : "ItmFloorRYOF04",
        "fX"      : 2.0,
        "fY"      : -10.0,
        "fRotation" : 90.0,
        "strID"     : "09723f41-f95e-413c-8a7d-4c9f9a5aacf2",
        "bForceLoad" : false
      },
      {
        "strName" : "ItmFloorRYOF04",
        "fX"      : 3.0,
        "fY"      : -10.0,
        "fRotation" : 90.0,
        "strID"     : "b71275e8-62e2-45ab-80ae-1fba99f49ae1",
        "bForceLoad" : false
      },
      {
        "strName" : "ItmFloorRYOF05",
        "fX"      : 3.0,
        "fY"      : -9.0,
        "fRotation" : 0.0,
        "strID"     : "a704c904-0568-46fc-b5ee-7b6a04a2e4fa",
        "bForceLoad" : false
      },
      {
        "strName" : "ItmFloorRYOF05",
        "fX"      : 2.0,
        "fY"      : -9.0,
        "fRotation" : 0.0,
        "strID"     : "ccaeb2a8-2787-4ce7-b894-30290995ac97",
        "bForceLoad" : false
      },
      {
        "strName" : "ItmFloorRYOF05",
        "fX"      : 7.0,
        "fY"      : -8.0,
        "fRotation" : 0.0,
        "strID"     : "813cb1f4-5f58-4b4d-9dcb-e7fcee931f67",
        "bForceLoad" : false
      },
      {
        "strName" : "ItmFloorRYOF04",
        "fX"      : 7.0,
        "fY"      : -7.0,
        "fRotation" : 270.0,
        "strID"     : "f8e4cc72-959e-4a86-90ba-0f56ae755142",
        "bForceLoad" : false
      },
      {
        "strName" : "ItmFloorRYOF01",
        "fX"      : 7.0,
        "fY"      : -6.0,
        "fRotation" : 0.0,
        "strID"     : "637adb48-10b7-402a-8887-9f7645fdf268",
        "bForceLoad" : false
      },
      {
        "strName" : "ItmFloorRYOF01",
        "fX"      : 6.0,
        "fY"      : -6.0,
        "fRotation" : 0.0,
        "strID"     : "2d9e9f60-e08b-468e-8a65-64b3e3713bd1",
        "bForceLoad" : false
      },
      {
        "strName" : "ItmFloorRYOF01",
        "fX"      : 5.0,
        "fY"      : -6.0,
        "fRotation" : 0.0,
        "strID"     : "8000e681-a57b-42dd-9b1e-f215909bba2b",
        "bForceLoad" : false
      },
      {
        "strName" : "ItmFloorRYOF01",
        "fX"      : 4.0,
        "fY"      : -6.0,
        "fRotation" : 0.0,
        "strID"     : "d02c7c90-74cc-4a81-af61-dea96bf39023",
        "bForceLoad" : false
      },
      {
        "strName" : "ItmFloorRYOF01",
        "fX"      : 3.0,
        "fY"      : -6.0,
        "fRotation" : 0.0,
        "strID"     : "322c3bc4-0e88-4055-8064-d6d154ed0bbd",
        "bForceLoad" : false
      },
      {
        "strName" : "ItmFloorRYOF04",
        "fX"      : 3.0,
        "fY"      : -7.0,
        "fRotation" : 270.0,
        "strID"     : "e98977a5-bdb3-4efc-b0a9-6519a5c39503",
        "bForceLoad" : false
      },
      {
        "strName" : "ItmFloorRYOF04",
        "fX"      : 4.0,
        "fY"      : -9.0,
        "fRotation" : 180.0,
        "strID"     : "f6b92c2b-d014-429d-bf57-f04b292d1003",
        "bForceLoad" : false
      },
      {
        "strName" : "ItmFloorRYOF01",
        "fX"      : 4.0,
        "fY"      : -10.0,
        "fRotation" : 0.0,
        "strID"     : "afcd2dea-c6ef-48fc-8696-9b66dd0f8963",
        "bForceLoad" : false
      },
      {
        "strName" : "ItmFloorRYOF01",
        "fX"      : 5.0,
        "fY"      : -11.0,
        "fRotation" : 0.0,
        "strID"     : "29a33dec-cde2-4cef-a8c3-6f92bb7b5829",
        "bForceLoad" : false
      },
      {
        "strName" : "ItmFloorRYOF01",
        "fX"      : 5.0,
        "fY"      : -10.0,
        "fRotation" : 0.0,
        "strID"     : "5414d3b3-b866-4fd0-864e-200354b5b09b",
        "bForceLoad" : false
      },
      {
        "strName" : "ItmFloorRYOF01",
        "fX"      : 5.0,
        "fY"      : -9.0,
        "fRotation" : 0.0,
        "strID"     : "f0c18454-0392-4a12-84f6-95f80c9de33d",
        "bForceLoad" : false
      },
      {
        "strName" : "ItmFloorRYOF01",
        "fX"      : 5.0,
        "fY"      : -8.0,
        "fRotation" : 0.0,
        "strID"     : "767c83ad-270d-4d88-bcb7-47afa43adcf1",
        "bForceLoad" : false
      },
      {
        "strName" : "ItmFloorRYOF01",
        "fX"      : 4.0,
        "fY"      : -7.0,
        "fRotation" : 0.0,
        "strID"     : "069a6ed1-7809-479e-9ca7-23eefe6e33f1",
        "bForceLoad" : false
      },
      {
        "strName" : "ItmFloorRYOF04",
        "fX"      : 4.0,
        "fY"      : -8.0,
        "fRotation" : 180.0,
        "strID"     : "a1a6c0ef-f610-4916-98db-7306cf0315d6",
        "bForceLoad" : false
      },
      {
        "strName" : "ItmFloorRYOF01",
        "fX"      : 4.0,
        "fY"      : -11.0,
        "fRotation" : 0.0,
        "strID"     : "8ffc7f45-508f-4583-aa98-20aaacd01932",
        "bForceLoad" : false
      },
      {
        "strName" : "ItmFloorRYOF01",
        "fX"      : 5.0,
        "fY"      : -12.0,
        "fRotation" : 0.0,
        "strID"     : "e51d1726-e085-45a6-876d-f870d2b81df6",
        "bForceLoad" : false
      },
      {
        "strName" : "ItmFloorRYOF01",
        "fX"      : 6.0,
        "fY"      : -11.0,
        "fRotation" : 0.0,
        "strID"     : "c6a9607e-0627-4cd9-901e-2bac388a2590",
        "bForceLoad" : false
      },
      {
        "strName" : "ItmFloorRYOF01",
        "fX"      : 6.0,
        "fY"      : -10.0,
        "fRotation" : 0.0,
        "strID"     : "71e6057f-505b-4ab7-8c82-6879358013fe",
        "bForceLoad" : false
      },
      {
        "strName" : "ItmFloorRYOF04",
        "fX"      : 6.0,
        "fY"      : -9.0,
        "fRotation" : 0.0,
        "strID"     : "a62200c0-4819-41d2-bed6-2825fddc183e",
        "bForceLoad" : false
      },
      {
        "strName" : "ItmFloorRYOF04",
        "fX"      : 6.0,
        "fY"      : -8.0,
        "fRotation" : 0.0,
        "strID"     : "cc1c3a51-9691-4b2e-b171-20eed8a62035",
        "bForceLoad" : false
      },
      {
        "strName" : "ItmFloorRYOF01",
        "fX"      : 6.0,
        "fY"      : -7.0,
        "fRotation" : 0.0,
        "strID"     : "d68c79a3-b945-40d0-a19f-f06f9930dcc0",
        "bForceLoad" : false
      },
      {
        "strName" : "ItmFloorRYOF01",
        "fX"      : 5.0,
        "fY"      : -7.0,
        "fRotation" : 0.0,
        "strID"     : "1ee80186-5a2a-46e0-9dd0-6f97c5c5ab0b",
        "bForceLoad" : false
      },
      {
        "strName" : "ItmFloorRYOF01",
        "fX"      : 6.0,
        "fY"      : -12.0,
        "fRotation" : 0.0,
        "strID"     : "419394b6-bd1f-490e-81aa-400a92e6eedf",
        "bForceLoad" : false
      },
      {
        "strName" : "ItmFloorRYOF04",
        "fX"      : 6.0,
        "fY"      : -13.0,
        "fRotation" : 90.0,
        "strID"     : "fc0c67a0-c3d1-4555-976e-f9eb72e5aa35",
        "bForceLoad" : false
      },
      {
        "strName" : "ItmFloorRYOF01",
        "fX"      : 4.0,
        "fY"      : -12.0,
        "fRotation" : 0.0,
        "strID"     : "f4f0479b-9569-45f0-b2df-cb12c8f7f8c4",
        "bForceLoad" : false
      },
      {
        "strName" : "ItmFloorRYOF04",
        "fX"      : 5.0,
        "fY"      : -13.0,
        "fRotation" : 90.0,
        "strID"     : "939864bb-29b4-4138-a0b6-44d506d4ef42",
        "bForceLoad" : false
      },
      {
        "strName" : "ItmFloorRYOF04",
        "fX"      : 4.0,
        "fY"      : -13.0,
        "fRotation" : 90.0,
        "strID"     : "83c7eb6c-91fe-42d8-b74f-4e6d5fc5ed00",
        "bForceLoad" : false
      },
      {
        "strName" : "ItmFloorRYOF01",
        "fX"      : 8.0,
        "fY"      : -11.0,
        "fRotation" : 0.0,
        "strID"     : "c8e351f4-1328-437a-a3d2-321731089ae2",
        "bForceLoad" : false
      },
      {
        "strName" : "ItmFloorRYOF01",
        "fX"      : 7.0,
        "fY"      : -11.0,
        "fRotation" : 0.0,
        "strID"     : "2ed6e0e9-bee0-4336-b27a-eb03199ac87f",
        "bForceLoad" : false
      },
      {
        "strName" : "ItmFloorRYOF04",
        "fX"      : 7.0,
        "fY"      : -10.0,
        "fRotation" : 90.0,
        "strID"     : "6774584d-82fa-4fe5-9a15-4ce3b99d205a",
        "bForceLoad" : false
      },
      {
        "strName" : "ItmFloorRYOF05",
        "fX"      : 7.0,
        "fY"      : -9.0,
        "fRotation" : 0.0,
        "strID"     : "81caaa24-6f07-4fff-8326-5befe5168a52",
        "bForceLoad" : false
      },
      {
        "strName" : "ItmFloorRYOF05",
        "fX"      : 2.0,
        "fY"      : -8.0,
        "fRotation" : 0.0,
        "strID"     : "96433d73-25c1-48c7-9a7a-e7265f4605fb",
        "bForceLoad" : false
      },
      {
        "strName" : "ItmFloorRYOF04",
        "fX"      : 2.0,
        "fY"      : -7.0,
        "fRotation" : 270.0,
        "strID"     : "17d39389-240f-4677-9850-5e61fe16859a",
        "bForceLoad" : false
      },
      {
        "strName" : "ItmFloorRYOF01",
        "fX"      : 2.0,
        "fY"      : -6.0,
        "fRotation" : 0.0,
        "strID"     : "825c264b-56df-4999-bc5c-c73f7a5a571c",
        "bForceLoad" : false
      },
      {
        "strName" : "ItmConduit01",
        "fX"      : 2.0,
        "fY"      : -12.0,
        "fRotation" : 0.0,
        "strID"     : "f4658721-2fca-4d52-84b6-471e5185073f",
        "bForceLoad" : false
      },
      {
        "strName" : "ItmFloorRYOF01",
        "fX"      : 1.0,
        "fY"      : -12.0,
        "fRotation" : 0.0,
        "strID"     : "17da9658-7fc1-4b80-8c19-cd4d4eafa8bc",
        "bForceLoad" : false
      },
      {
        "strName" : "ItmFloorRYOF04",
        "fX"      : 1.0,
        "fY"      : -11.0,
        "fRotation" : 0.0,
        "strID"     : "b2977988-7426-4c89-a12d-681d0fab6758",
        "bForceLoad" : false
      },
      {
        "strName" : "ItmFloorRYOF04",
        "fX"      : 1.0,
        "fY"      : -10.0,
        "fRotation" : 90.0,
        "strID"     : "de86b78d-6de6-4999-b677-9c481a9fde51",
        "bForceLoad" : false
      },
      {
        "strName" : "ItmFloorRYOF05",
        "fX"      : 1.0,
        "fY"      : -9.0,
        "fRotation" : 0.0,
        "strID"     : "f3105e21-5970-4039-b53c-7478c5ca9d32",
        "bForceLoad" : false
      },
      {
        "strName" : "ItmFloorRYOF05",
        "fX"      : 1.0,
        "fY"      : -8.0,
        "fRotation" : 0.0,
        "strID"     : "48b149f9-8450-4229-b1eb-cc9e2219e811",
        "bForceLoad" : false
      },
      {
        "strName" : "ItmFloorRYOF04",
        "fX"      : 1.0,
        "fY"      : -7.0,
        "fRotation" : 0.0,
        "strID"     : "1f5ca7cd-572a-4249-b48c-23522781ae2a",
        "bForceLoad" : false
      },
      {
        "strName" : "ItmFloorRYOF01",
        "fX"      : 1.0,
        "fY"      : -6.0,
        "fRotation" : 0.0,
        "strID"     : "e4b7dbe6-8310-44af-a294-caf85b4b6c01",
        "bForceLoad" : false
      },
      {
        "strName" : "ItmFloorRYOF01",
        "fX"      : 1.0,
        "fY"      : -5.0,
        "fRotation" : 0.0,
        "strID"     : "c8ba511d-e8ef-44f9-8cf4-4163c22645bc",
        "bForceLoad" : false
      },
      {
        "strName" : "ItmFloorRYOF01",
        "fX"      : 8.0,
        "fY"      : -5.0,
        "fRotation" : 0.0,
        "strID"     : "1cc05820-962b-48a6-9ad8-7b0d4370f5e2",
        "bForceLoad" : false
      },
      {
        "strName" : "ItmFloorRYOF01",
        "fX"      : 7.0,
        "fY"      : -5.0,
        "fRotation" : 0.0,
        "strID"     : "e6565ecb-a013-41fb-b2e9-b9364ce32218",
        "bForceLoad" : false
      },
      {
        "strName" : "ItmFloorRYOF01",
        "fX"      : 6.0,
        "fY"      : -5.0,
        "fRotation" : 0.0,
        "strID"     : "1e5d9195-7682-449c-b02d-06471cc0b223",
        "bForceLoad" : false
      },
      {
        "strName" : "ItmFloorRYOF01",
        "fX"      : 5.0,
        "fY"      : -5.0,
        "fRotation" : 0.0,
        "strID"     : "fc46a7ef-250b-4f96-a62c-c3694612ff35",
        "bForceLoad" : false
      },
      {
        "strName" : "ItmFloorRYOF01",
        "fX"      : 4.0,
        "fY"      : -5.0,
        "fRotation" : 0.0,
        "strID"     : "83a74f92-2de6-4730-9956-6a4242befd57",
        "bForceLoad" : false
      },
      {
        "strName" : "ItmFloorRYOF01",
        "fX"      : 3.0,
        "fY"      : -5.0,
        "fRotation" : 0.0,
        "strID"     : "0e13b574-1c1b-47a6-b12e-553a82ba2cd0",
        "bForceLoad" : false
      },
      {
        "strName" : "ItmFloorRYOF01",
        "fX"      : 2.0,
        "fY"      : -5.0,
        "fRotation" : 0.0,
        "strID"     : "d2c19c90-d929-46fd-9d98-641dbb725f6f",
        "bForceLoad" : false
      },
      {
        "strName" : "ItmFloorRYOF01",
        "fX"      : 8.0,
        "fY"      : -4.0,
        "fRotation" : 0.0,
        "strID"     : "80ea3415-4563-4b62-b37b-98f173e6f7cb",
        "bForceLoad" : false
      },
      {
        "strName" : "ItmFloorRYOF01",
        "fX"      : 7.0,
        "fY"      : -4.0,
        "fRotation" : 0.0,
        "strID"     : "03202d0f-46fd-47fd-90ed-4044c34c75f5",
        "bForceLoad" : false
      },
      {
        "strName" : "ItmFloorRYOF01",
        "fX"      : 6.0,
        "fY"      : -4.0,
        "fRotation" : 0.0,
        "strID"     : "36ac0d1b-852c-4277-8433-1ae04d32b9b2",
        "bForceLoad" : false
      },
      {
        "strName" : "ItmFloorRYOF01",
        "fX"      : 6.0,
        "fY"      : -3.0,
        "fRotation" : 0.0,
        "strID"     : "ed4de442-9bd0-4667-9ec5-836d6045e228",
        "bForceLoad" : false
      },
      {
        "strName" : "ItmFloorRYOF01",
        "fX"      : 7.0,
        "fY"      : -3.0,
        "fRotation" : 0.0,
        "strID"     : "7da6d664-cccf-4822-b52c-4b325cdf8438",
        "bForceLoad" : false
      },
      {
        "strName" : "ItmFloorRYOF01",
        "fX"      : 8.0,
        "fY"      : -3.0,
        "fRotation" : 0.0,
        "strID"     : "99ac22d9-c701-490c-9952-5b0af269aa35",
        "bForceLoad" : false
      },
      {
        "strName" : "ItmFloorRYOF01",
        "fX"      : 9.0,
        "fY"      : -4.0,
        "fRotation" : 0.0,
        "strID"     : "e2525be4-d820-4a77-a79f-deda8d7c3f89",
        "bForceLoad" : false
      },
      {
        "strName" : "ItmFloorRYOF01",
        "fX"      : 9.0,
        "fY"      : -3.0,
        "fRotation" : 0.0,
        "strID"     : "5c3a200b-0ca5-41e8-bf32-3c7ab2baca66",
        "bForceLoad" : false
      },
      {
        "strName" : "ItmFloorRYOF01",
        "fX"      : 9.0,
        "fY"      : -2.0,
        "fRotation" : 0.0,
        "strID"     : "ea391d0a-78e8-4685-93e3-d26d361bfde9",
        "bForceLoad" : false
      },
      {
        "strName" : "ItmFloorRYOF01",
        "fX"      : 8.0,
        "fY"      : -2.0,
        "fRotation" : 0.0,
        "strID"     : "54082b24-a1db-4b25-a231-48b2dd588015",
        "bForceLoad" : false
      },
      {
        "strName" : "ItmFloorRYOF01",
        "fX"      : 7.0,
        "fY"      : -2.0,
        "fRotation" : 0.0,
        "strID"     : "9b71f001-4949-4bb8-8936-bbe91bda4af9",
        "bForceLoad" : false
      },
      {
        "strName" : "ItmFloorRYOF01",
        "fX"      : 6.0,
        "fY"      : -2.0,
        "fRotation" : 0.0,
        "strID"     : "a6ef971c-9975-49ae-9b40-4fab3925b32e",
        "bForceLoad" : false
      },
      {
        "strName" : "ItmFloorRYOF01",
        "fX"      : 5.0,
        "fY"      : -2.0,
        "fRotation" : 0.0,
        "strID"     : "45636aa6-2d93-4234-986b-4fb06e186dee",
        "bForceLoad" : false
      },
      {
        "strName" : "ItmFloorRYOF01",
        "fX"      : 5.0,
        "fY"      : -3.0,
        "fRotation" : 0.0,
        "strID"     : "43e813fe-b298-4adb-8700-cd3e9c161a4b",
        "bForceLoad" : false
      },
      {
        "strName" : "ItmFloorRYOF01",
        "fX"      : 5.0,
        "fY"      : -4.0,
        "fRotation" : 0.0,
        "strID"     : "39570168-4e00-4f3a-989d-e616a503b073",
        "bForceLoad" : false
      },
      {
        "strName" : "ItmFloorRYOF01",
        "fX"      : 4.0,
        "fY"      : -4.0,
        "fRotation" : 0.0,
        "strID"     : "03fca1ed-0d70-44b9-ac32-ba9b3ca5159b",
        "bForceLoad" : false
      },
      {
        "strName" : "ItmFloorRYOF01",
        "fX"      : 3.0,
        "fY"      : -4.0,
        "fRotation" : 0.0,
        "strID"     : "de518b31-203d-4ee7-b92c-a1487c21490b",
        "bForceLoad" : false
      },
      {
        "strName" : "ItmFloorRYOF01",
        "fX"      : 2.0,
        "fY"      : -4.0,
        "fRotation" : 0.0,
        "strID"     : "b68efccf-0fb6-476e-9aa4-507756bba10d",
        "bForceLoad" : false
      },
      {
        "strName" : "ItmFloorRYOF01",
        "fX"      : 1.0,
        "fY"      : -4.0,
        "fRotation" : 0.0,
        "strID"     : "cbcbf9b7-3b5e-41b8-9b93-d00102564841",
        "bForceLoad" : false
      },
      {
        "strName" : "ItmConduit01",
        "fX"      : 3.0,
        "fY"      : -7.0,
        "fRotation" : 0.0,
        "strID"     : "3e2bee72-e2ab-4b27-b51e-4f7840c944a3",
        "bForceLoad" : false
      },
      {
        "strName" : "ItmConduit01",
        "fX"      : 2.0,
        "fY"      : -13.0,
        "fRotation" : 0.0,
        "strID"     : "fd054010-f18b-479a-bb05-5c40f6f1ac33",
        "bForceLoad" : false
      },
      {
        "strName" : "ItmWallRYOB01",
        "fX"      : 8.0,
        "fY"      : -12.0,
        "fRotation" : 0.0,
        "strID"     : "b0916458-451f-4a2d-a6e9-3cfe92d4756c",
        "bForceLoad" : false
      },
      {
        "strName" : "ItmConduit01",
        "fX"      : 7.0,
        "fY"      : -12.0,
        "fRotation" : 0.0,
        "strID"     : "9915dc05-0093-4bd0-8634-8d0a1090214c",
        "bForceLoad" : false
      },
      {
        "strName" : "ItmWallRYOB01",
        "fX"      : 9.0,
        "fY"      : -12.0,
        "fRotation" : 0.0,
        "strID"     : "148f7c0d-aa44-4199-a428-f2abd1158a92",
        "bForceLoad" : false
      },
      {
        "strName" : "ItmRCSCluster01Off",
        "fX"      : 10.0,
        "fY"      : -7.0,
        "fRotation" : 270.0,
        "strID"     : "a4f23d36-a276-46cf-b524-cb0150f6f12f",
        "bForceLoad" : false
      },
      {
        "strName" : "ItmConduit01",
        "fX"      : 10.0,
        "fY"      : -10.0,
        "fRotation" : 0.0,
        "strID"     : "e148adf6-3083-46a0-a2a1-58a2c419d8ec",
        "bForceLoad" : false
      },
      {
        "strName" : "ItmConduit01",
        "fX"      : 10.0,
        "fY"      : -9.0,
        "fRotation" : 0.0,
        "strID"     : "d9584c4e-cd8b-4071-bdf4-6aca078c7650",
        "bForceLoad" : false
      },
      {
        "strName" : "ItmConduit01",
        "fX"      : 10.0,
        "fY"      : -7.0,
        "fRotation" : 0.0,
        "strID"     : "fde5c370-616f-4965-91ea-71408dc2278d",
        "bForceLoad" : false
      },
      {
        "strName" : "ItmConduit01",
        "fX"      : 9.0,
        "fY"      : -7.0,
        "fRotation" : 0.0,
        "strID"     : "d666b35b-c17a-4e74-9a0b-329bf69fe4f8",
        "bForceLoad" : false
      },
      {
        "strName" : "ItmWallRYOB01",
        "fX"      : 9.0,
        "fY"      : -6.0,
        "fRotation" : 0.0,
        "strID"     : "1a37835b-56f2-4757-96e1-2555dddfc26a",
        "bForceLoad" : false
      },
      {
        "strName" : "ItmWallRYOB01",
        "fX"      : 9.0,
        "fY"      : -5.0,
        "fRotation" : 0.0,
        "strID"     : "6c28b351-9bd7-4086-a1f4-478978cf2b2d",
        "bForceLoad" : false
      },
      {
        "strName" : "ItmWallRYOB01",
        "fX"      : 9.0,
        "fY"      : -4.0,
        "fRotation" : 0.0,
        "strID"     : "9b2ab708-f384-4848-8aff-1960fff8855c",
        "bForceLoad" : false
      },
      {
        "strName" : "ItmWallRYOB01",
        "fX"      : 9.0,
        "fY"      : -3.0,
        "fRotation" : 0.0,
        "strID"     : "11d1bf66-e4cb-4f4a-952c-77096c24b594",
        "bForceLoad" : false
      },
      {
        "strName" : "ItmFloorRYOF01",
        "fX"      : 8.0,
        "fY"      : -1.0,
        "fRotation" : 0.0,
        "strID"     : "99c4fcf4-95fb-46db-b055-e72ac759e654",
        "bForceLoad" : false
      },
      {
        "strName" : "ItmFloorRYOF01",
        "fX"      : 7.0,
        "fY"      : -1.0,
        "fRotation" : 0.0,
        "strID"     : "93dcbe90-93d4-4a8b-b3ea-b5a62f4253e9",
        "bForceLoad" : false
      },
      {
        "strName" : "ItmFloorRYOF01",
        "fX"      : 6.0,
        "fY"      : -1.0,
        "fRotation" : 0.0,
        "strID"     : "ecda47e7-21e0-4ac4-85b4-fee91a9f339f",
        "bForceLoad" : false
      },
      {
        "strName" : "ItmFloorRYOF01",
        "fX"      : 5.0,
        "fY"      : -1.0,
        "fRotation" : 0.0,
        "strID"     : "52f19fdb-81be-425b-acb1-2763459fcf3e",
        "bForceLoad" : false
      },
      {
        "strName" : "ItmCanister01",
        "fX"      : 2.0,
        "fY"      : -9.0,
        "fRotation" : 270.0,
        "strID"     : "e032c48f-751c-4b51-a1f8-d51b2bb7cd8a",
        "bForceLoad" : false
      },
      {
        "strName" : "ItmCanister01",
        "fX"      : 2.0,
        "fY"      : -8.0,
        "fRotation" : 90.0,
        "strID"     : "caff6869-b55a-4353-8855-0b3a62aa6282",
        "bForceLoad" : false
      },
      {
        "strName" : "ItmWallRYOB01",
        "fX"      : 1.0,
        "fY"      : -1.0,
        "fRotation" : 0.0,
        "strID"     : "ae8e0730-b295-4a60-a77c-f8c0c5575dc0",
        "bForceLoad" : false
      },
      {
        "strName" : "ItmWallRYOB01",
        "fX"      : 1.0,
        "fY"      : -3.0,
        "fRotation" : 0.0,
        "strID"     : "41e148fa-ecec-4693-99ce-de2b071c2d31",
        "bForceLoad" : false
      },
      {
        "strName" : "ItmWallRYOB01",
        "fX"      : 1.0,
        "fY"      : -4.0,
        "fRotation" : 0.0,
        "strID"     : "8e80e81e-8bc9-4c73-9da2-571943af4abc",
        "bForceLoad" : false
      },
      {
        "strName" : "ItmWallRYOB01",
        "fX"      : 1.0,
        "fY"      : -5.0,
        "fRotation" : 0.0,
        "strID"     : "de68320d-976f-4bc0-90ed-8c26cfd79d61",
        "bForceLoad" : false
      },
      {
        "strName" : "ItmWallRYOB01",
        "fX"      : 1.0,
        "fY"      : -6.0,
        "fRotation" : 0.0,
        "strID"     : "fb9ec533-082c-4a7f-ab65-594ea2607ae2",
        "bForceLoad" : false
      },
      {
        "strName" : "ItmLitWall1x0OrangeOff",
        "fX"      : 2.0,
        "fY"      : -11.0,
        "fRotation" : 180.0,
        "strID"     : "e8f1e815-d987-4895-86ae-5e6ec14d2c7b",
        "bForceLoad" : false
      },
      {
        "strName" : "ItmCanister01",
        "fX"      : 7.0,
        "fY"      : -9.0,
        "fRotation" : 180.0,
        "strID"     : "8ff2cd35-0fcf-40f0-9839-45a878938280",
        "bForceLoad" : false
      },
      {
        "strName" : "ItmCanister01",
        "fX"      : 9.0,
        "fY"      : -8.0,
        "fRotation" : 0.0,
        "strID"     : "6defa296-782f-47ae-8e21-36fa952fc107",
        "bForceLoad" : false
      },
      {
        "strName" : "ItmCanister01",
        "fX"      : 9.0,
        "fY"      : -9.0,
        "fRotation" : 90.0,
        "strID"     : "acc4b3a4-464d-4d70-b460-fe9e1d4eb1d6",
        "bForceLoad" : false
      },
      {
        "strName" : "ItmCanister01",
        "fX"      : 7.0,
        "fY"      : -8.0,
        "fRotation" : 270.0,
        "strID"     : "f798364d-7165-4564-b06a-c5c6b51806c6",
        "bForceLoad" : false
      },
      {
        "strName" : "ItmWallRYOB01",
        "fX"      : 1.0,
        "fY"      : -12.0,
        "fRotation" : 0.0,
        "strID"     : "67f61c1a-a769-4380-9b6d-917438281a5f",
        "bForceLoad" : false
      },
      {
        "strName" : "ItmConduit01",
        "fX"      : 8.0,
        "fY"      : -13.0,
        "fRotation" : 0.0,
        "strID"     : "b98d6e8f-188d-4cfa-9459-52a1b2226213",
        "bForceLoad" : false
      },
      {
        "strName" : "ItmWallRYOB01",
        "fX"      : 10.0,
        "fY"      : -12.0,
        "fRotation" : 0.0,
        "strID"     : "6f268252-91f2-4dae-b6d1-17921e47431d",
        "bForceLoad" : false
      },
      {
        "strName" : "ItmConduit01",
        "fX"      : 7.0,
        "fY"      : -15.0,
        "fRotation" : 0.0,
        "strID"     : "2307bc87-48ff-4593-819f-4c56af3d2562",
        "bForceLoad" : false
      },
      {
        "strName" : "ItmRTAN2",
        "fX"      : 3.0,
        "fY"      : -13.0,
        "fRotation" : 90.0,
        "strID"     : "914f35db-0b60-4eec-a6c4-c0dc241b477e",
        "bForceLoad" : false
      },
      {
        "strName" : "ItmDoor01Open",
        "fX"      : 5.0,
        "fY"      : -12.0,
        "fRotation" : 0.0,
        "strID"     : "9718e96a-89ce-4ac3-8cfd-01ae6c5aadb2",
        "bForceLoad" : false,
        "aGPMSettings" : [
          {
            "strName" : "Panel A",
            "dictGUIPropMap" : [
              "strGUIPrefab",
              "GUILocks",
              "strFriendlyName",
              "Door Lock",
              "strGUIPrefabRight",
              null,
              "strGUIPrefabLeft",
              null,
              "strGUIPrefabUp",
              null,
              "strGUIPrefabDown",
              null,
              "strBrand",
              "Bieler",
              "strBrandSub",
              "Commercial Door Systems",
              "strMSLock",
              "ItmDoorInt01OpenLocked",
              "strMSUnlock",
              "ItmDoorInt01Open",
              "strPIN",
              "7721"
            ]
          }
        ]
      },
      {
        "strName" : "ItmFloorRYOF01",
        "fX"      : 9.0,
        "fY"      : -1.0,
        "fRotation" : 0.0,
        "strID"     : "c4e437d0-f760-4b16-a180-b23e95636f74",
        "bForceLoad" : false
      },
      {
        "strName" : "ItmWallRYOB01",
        "fX"      : 1.0,
        "fY"      : -2.0,
        "fRotation" : 0.0,
        "strID"     : "da59db21-117b-4016-be21-eaf0c7cebfdd",
        "bForceLoad" : false
      },
      {
        "strName" : "ItmBattery02",
        "fX"      : 4.5,
        "fY"      : -2.5,
        "fRotation" : 90.0,
        "strID"     : "75f547d2-5524-45bc-a3d9-1d5a83928bae",
        "bForceLoad" : false,
        "aGPMSettings" : [
          {
            "strName" : "Panel A",
            "dictGUIPropMap" : [
              "strGUIPrefab",
              "GUIMeter",
              "strFriendlyName",
              "Battery",
              "strGUIPrefabRight",
              null,
              "strGUIPrefabLeft",
              null,
              "strGUIPrefabUp",
              null,
              "strGUIPrefabDown",
              null,
              "strTitle",
              "Battery Charge",
              "strCond",
              "StatPower",
              "strInput01",
              "",
              "fMin",
              "0.0",
              "fMax",
              "80.96"
            ]
          }
        ]
      },
      {
        "strName" : "ItmWallRYOB01",
        "fX"      : 3.0,
        "fY"      : -1.0,
        "fRotation" : 0.0,
        "strID"     : "905324b3-d3f3-480c-8d1a-fe3b13f74a87",
        "bForceLoad" : false
      },
      {
        "strName" : "ItmConduit01",
        "fX"      : 4.0,
        "fY"      : -7.0,
        "fRotation" : 0.0,
        "strID"     : "09ca7180-d3c5-4800-ac29-692e9844b413",
        "bForceLoad" : false
      },
      {
        "strName" : "ItmWallRYOB01",
        "fX"      : 2.0,
        "fY"      : -13.0,
        "fRotation" : 0.0,
        "strID"     : "7429422d-059a-4db7-a3cc-b46f21dc445a",
        "bForceLoad" : false
      },
      {
        "strName" : "ItmConduit01",
        "fX"      : 2.0,
        "fY"      : -7.0,
        "fRotation" : 0.0,
        "strID"     : "1a4b01d4-af80-4081-a00e-430a99900ec9",
        "bForceLoad" : false
      },
      {
        "strName" : "ItmDocumentOgiso01",
        "fX"      : 8.0,
        "fY"      : -4.0,
        "fRotation" : 270.0,
        "strID"     : "86120bde-6566-4055-91c4-d37aa1d0128c",
        "bForceLoad" : false,
        "aGPMSettings" : [
          {
            "strName" : "Panel OneSheet",
            "dictGUIPropMap" : [
              "strGUIPrefab",
              "GUIOneSheet",
              "strFriendlyName",
              "Ogiso's Register Work Safety",
              "strGUIPrefabRight",
              null,
              "strGUIPrefabLeft",
              null,
              "strGUIPrefabUp",
              null,
              "strGUIPrefabDown",
              null,
              "strPNG",
              "manuals/Ogiso's Register Work Safety Poster/000.png"
            ]
          },
          {
            "strName" : "Panel A",
            "dictGUIPropMap" : [
              "strGUIPrefab",
              "GUIOneSheet",
              "strFriendlyName",
              "Ogiso's Register Work Safety",
              "strGUIPrefabRight",
              null,
              "strGUIPrefabLeft",
              null,
              "strGUIPrefabUp",
              null,
              "strGUIPrefabDown",
              null,
              "strPNG",
              "manuals/Ogiso's Register Work Safety Poster/000.png"
            ]
          }
        ]
      },
      {
        "strName" : "ItmLitWall1x0Off",
        "fX"      : 8.0,
        "fY"      : -15.0,
        "fRotation" : 90.0,
        "strID"     : "007b6e14-97d7-480b-9e95-d051ca3f1f37",
        "bForceLoad" : false
      },
      {
        "strName" : "ItmWallRYOB01",
        "fX"      : 10.0,
        "fY"      : -11.0,
        "fRotation" : 0.0,
        "strID"     : "8357c760-ef57-4611-a791-34816fb562dc",
        "bForceLoad" : false
      },
      {
        "strName" : "ItmFloorRYOF01",
        "fX"      : 3.0,
        "fY"      : -1.0,
        "fRotation" : 0.0,
        "strID"     : "21e90b89-dbc0-45fc-9208-febe429950a0",
        "bForceLoad" : false
      },
      {
        "strName" : "ItmWallRYOB01",
        "fX"      : 0.0,
        "fY"      : -7.0,
        "fRotation" : 0.0,
        "strID"     : "45d6dac6-07df-40bf-93f5-0bbe52c3ba20",
        "bForceLoad" : false
      },
      {
        "strName" : "ItmWallRYOB01",
        "fX"      : 0.0,
        "fY"      : -8.0,
        "fRotation" : 0.0,
        "strID"     : "fadb3c78-4f11-4b31-bc78-a2c645887ede",
        "bForceLoad" : false
      },
      {
        "strName" : "ItmWallRYOB01",
        "fX"      : 0.0,
        "fY"      : -9.0,
        "fRotation" : 0.0,
        "strID"     : "46bd24f7-4eb8-4f74-a84d-ff3abdd1d212",
        "bForceLoad" : false
      },
      {
        "strName" : "ItmConduit01",
        "fX"      : 0.0,
        "fY"      : -9.0,
        "fRotation" : 0.0,
        "strID"     : "7d507bcf-289e-4ae8-b60c-b15e0c3919e9",
        "bForceLoad" : false
      },
      {
        "strName" : "ItmConduit01Dmg",
        "fX"      : 2.0,
        "fY"      : -14.0,
        "fRotation" : 0.0,
        "strID"     : "89725f10-accd-4960-82c5-4b5a10a2f6d6",
        "bForceLoad" : false
      },
      {
        "strName" : "ItmConduit01",
        "fX"      : 8.0,
        "fY"      : -14.0,
        "fRotation" : 0.0,
        "strID"     : "cfac5597-f042-4058-8cfb-03e99c69e494",
        "bForceLoad" : false
      },
      {
        "strName" : "ItmRCSCluster01Off",
        "fX"      : 0.0,
        "fY"      : -11.0,
        "fRotation" : 90.0,
        "strID"     : "fab44fc2-53d5-4594-9aa4-d635a9c31be7",
        "bForceLoad" : false
      },
      {
        "strName" : "ItmWallRYOB01",
        "fX"      : 2.0,
        "fY"      : -1.0,
        "fRotation" : 0.0,
        "strID"     : "bf0656dd-3d10-4451-a45c-9641a7c80173",
        "bForceLoad" : false
      },
      {
        "strName" : "ItmStationNavOff",
        "fX"      : 7.0,
        "fY"      : -2.0,
        "fRotation" : 0.0,
        "strID"     : "aa9d401c-75f4-4ede-9cca-c76528135a00",
        "bForceLoad" : false,
        "aGPMSettings" : [
          {
            "strName" : "Panel A",
            "dictGUIPropMap" : [
              "strGUIPrefab",
              "GUIOrbitDraw/GUIOrbitDraw",
              "strFriendlyName",
              "Nav Controls",
              "strGUIPrefabRight",
              "Panel Right",
              "strGUIPrefabLeft",
              null,
              "strGUIPrefabUp",
              null,
              "strGUIPrefabDown",
              null,
              "Contact_J-SJ4D",
              "J-SJ4D;Custom;Coffin;2063;Calico City;n/a;Nuclear Avenger;8m x 3.2m"
            ]
          },
          {
            "strName" : "Panel Right",
            "dictGUIPropMap" : [
              "strGUIPrefab",
              "GUIDockSys",
              "strFriendlyName",
              "Docking Controls",
              "strGUIPrefabRight",
              null,
              "strGUIPrefabLeft",
              "Panel A",
              "strGUIPrefabUp",
              null,
              "strGUIPrefabDown",
              null
            ]
          },
          {
            "strName" : "Panel Computer",
            "dictGUIPropMap" : [
              "strGUIPrefab",
              "GUIComputer/GUIComputer2",
              "strFriendlyName",
              "PDA",
              "strGUIPrefabRight",
              null,
              "strGUIPrefabLeft",
              null,
              "strGUIPrefabUp",
              null,
              "strGUIPrefabDown",
              null
            ]
          }
        ]
      },
      {
        "strName" : "ItmCanister01",
        "fX"      : 7.0,
        "fY"      : -11.0,
        "fRotation" : 0.0,
        "strID"     : "b20fb88f-f8c1-4e29-8a94-47cf276e09ec",
        "bForceLoad" : false
      },
      {
        "strName" : "ItmAirPump03Off",
        "fX"      : 3.0,
        "fY"      : -12.0,
        "fRotation" : 180.0,
        "strID"     : "65759202-638c-46b6-86b0-208938ede46d",
        "bForceLoad" : false,
        "aGPMSettings" : [
          {
            "strName" : "Panel A",
            "dictGUIPropMap" : [
              "strGUIPrefab",
              "GUIAirPump",
              "strFriendlyName",
              "Air Pump",
              "strGUIPrefabRight",
              null,
              "strGUIPrefabLeft",
              null,
              "strGUIPrefabUp",
              null,
              "strGUIPrefabDown",
              null,
              "strTitle",
              "Unscrew for Pressure Sensor Input Signal",
              "strValidCOTrigger01",
              "TIsAlarm2",
              "strCondMonitor01",
              "IsReadyPumpAir",
              "strInput01",
              "102894e4-faf6-407d-a508-c821fc4c46b1",
              "nKnobBus",
              "1",
              "bTurbo",
              "false",
              "bReverse",
              "false"
            ]
          }
        ]
      },
      {
        "strName" : "ItmWallRYOB01",
        "fX"      : 5.0,
        "fY"      : -1.0,
        "fRotation" : 0.0,
        "strID"     : "61348b7a-d52b-44f1-98ef-2c774969ba97",
        "bForceLoad" : false
      },
      {
        "strName" : "ItmFloorRYOF01",
        "fX"      : 9.0,
        "fY"      : 0.0,
        "fRotation" : 0.0,
        "strID"     : "c0c72e40-da06-4d13-ba2e-8e1aebf27a7f",
        "bForceLoad" : false
      },
      {
        "strName" : "ItmWallRYOB01",
        "fX"      : 9.0,
        "fY"      : -1.0,
        "fRotation" : 0.0,
        "strID"     : "21bb75d5-d8fe-446f-8e59-47c9bcbb73a3",
        "bForceLoad" : false
      },
      {
        "strName" : "ItmWallRYOB01",
        "fX"      : 9.0,
        "fY"      : -2.0,
        "fRotation" : 0.0,
        "strID"     : "39865089-fd62-4c46-b33a-a00f3f50433b",
        "bForceLoad" : false
      },
      {
        "strName" : "ItmFloorRYOF01",
        "fX"      : 4.0,
        "fY"      : -3.0,
        "fRotation" : 0.0,
        "strID"     : "814aa602-fd68-448c-ab2f-9538be8613dd",
        "bForceLoad" : false
      },
      {
        "strName" : "ItmFloorRYOF01",
        "fX"      : 3.0,
        "fY"      : -3.0,
        "fRotation" : 0.0,
        "strID"     : "211f8331-c068-4473-b0d4-07d7ecd640f8",
        "bForceLoad" : false
      },
      {
        "strName" : "ItmFloorRYOF01",
        "fX"      : 2.0,
        "fY"      : -3.0,
        "fRotation" : 0.0,
        "strID"     : "5f1cf049-889d-4d38-ae43-718f1eb9d193",
        "bForceLoad" : false
      },
      {
        "strName" : "ItmFloorRYOF01",
        "fX"      : 1.0,
        "fY"      : -3.0,
        "fRotation" : 0.0,
        "strID"     : "f90d1ac2-8310-4e91-90ba-5b003c440ce1",
        "bForceLoad" : false
      },
      {
        "strName" : "ItmCanister01",
        "fX"      : 1.0,
        "fY"      : -8.0,
        "fRotation" : 270.0,
        "strID"     : "ae814c17-786c-4740-a784-dda79e0bab2d",
        "bForceLoad" : false
      },
      {
        "strName" : "ItmAirPump01Off",
        "fX"      : 7.0,
        "fY"      : -12.0,
        "fRotation" : 0.0,
        "strID"     : "1e1f4e7b-98e4-43a8-84a9-b504a5e6e045",
        "bForceLoad" : false,
        "aGPMSettings" : [
          {
            "strName" : "Panel A",
            "dictGUIPropMap" : [
              "strGUIPrefab",
              "GUIAirPump",
              "strFriendlyName",
              "Air Pump",
              "strGUIPrefabRight",
              null,
              "strGUIPrefabLeft",
              null,
              "strGUIPrefabUp",
              null,
              "strGUIPrefabDown",
              null,
              "strTitle",
              "Unscrew for Pressure Sensor Input Signal",
              "strValidCOTrigger01",
              "TIsAlarm2",
              "strCondMonitor01",
              "IsReadyPumpAir",
              "strInput01",
              "1e1f4e7b-98e4-43a8-84a9-b504a5e6e045",
              "nKnobBus",
              "0",
              "bTurbo",
              "true",
              "bReverse",
              "false"
            ]
          }
        ]
      },
      {
        "strName" : "ItmCanister01",
        "fX"      : 8.0,
        "fY"      : -9.0,
        "fRotation" : 0.0,
        "strID"     : "8ee011d2-27bc-41a4-b467-e26e45058a24",
        "bForceLoad" : false
      },
      {
        "strName" : "ItmFloorRYOF01",
        "fX"      : 2.0,
        "fY"      : -2.0,
        "fRotation" : 0.0,
        "strID"     : "dc1cf099-82a1-43ce-8a45-c2ac36a73849",
        "bForceLoad" : false
      },
      {
        "strName" : "ItmFloorRYOF01",
        "fX"      : 1.0,
        "fY"      : -2.0,
        "fRotation" : 0.0,
        "strID"     : "34fbba9f-60b3-46c9-bd12-fb572d251332",
        "bForceLoad" : false
      },
      {
        "strName" : "ItmWallRYOB01",
        "fX"      : 5.0,
        "fY"      : 0.0,
        "fRotation" : 0.0,
        "strID"     : "94596479-52e7-4fc7-a43e-92b63e6cd3ca",
        "bForceLoad" : false
      },
      {
        "strName" : "ItmWallRYOB01",
        "fX"      : 6.0,
        "fY"      : 0.0,
        "fRotation" : 0.0,
        "strID"     : "620b8aa4-889b-4211-a589-8a79e4dd7494",
        "bForceLoad" : false
      },
      {
        "strName" : "ItmWallRYOB01",
        "fX"      : 7.0,
        "fY"      : 0.0,
        "fRotation" : 0.0,
        "strID"     : "eecdbb26-ec3c-4fb9-afee-f0abe558d580",
        "bForceLoad" : false
      },
      {
        "strName" : "ItmWallRYOB01",
        "fX"      : 8.0,
        "fY"      : 0.0,
        "fRotation" : 0.0,
        "strID"     : "62a959ec-2562-418e-be0f-5a47e1541fef",
        "bForceLoad" : false
      },
      {
        "strName" : "ItmWallRYOB01",
        "fX"      : 9.0,
        "fY"      : 0.0,
        "fRotation" : 0.0,
        "strID"     : "842a2591-f991-489f-a3b1-408b2b2f2088",
        "bForceLoad" : false
      },
      {
        "strName" : "ItmFloorRYOF01",
        "fX"      : 3.0,
        "fY"      : -2.0,
        "fRotation" : 0.0,
        "strID"     : "af948971-f03a-471f-ab30-5234a9cb89df",
        "bForceLoad" : false
      },
      {
        "strName" : "ItmFloorRYOF01",
        "fX"      : 4.0,
        "fY"      : -2.0,
        "fRotation" : 0.0,
        "strID"     : "7fcdee4d-9fc6-4536-bc9f-7805880926ee",
        "bForceLoad" : false
      },
      {
        "strName" : "ItmFloorRYOF01",
        "fX"      : 5.0,
        "fY"      : 0.0,
        "fRotation" : 0.0,
        "strID"     : "6b1607ef-3ab7-4a6e-b852-030c9815f42c",
        "bForceLoad" : false
      },
      {
        "strName" : "ItmFloorRYOF01",
        "fX"      : 6.0,
        "fY"      : 0.0,
        "fRotation" : 0.0,
        "strID"     : "168c1d68-cb89-420a-a11d-2ef36d79cef7",
        "bForceLoad" : false
      },
      {
        "strName" : "ItmFloorRYOF01",
        "fX"      : 7.0,
        "fY"      : 0.0,
        "fRotation" : 0.0,
        "strID"     : "075063b6-6e45-4aed-ba59-318b1df6dca4",
        "bForceLoad" : false
      },
      {
        "strName" : "ItmFloorRYOF01",
        "fX"      : 8.0,
        "fY"      : 0.0,
        "fRotation" : 0.0,
        "strID"     : "1cde7604-473d-439a-b826-9e8555c2c171",
        "bForceLoad" : false
      },
      {
        "strName" : "ItmWallRYOB01",
        "fX"      : 8.0,
        "fY"      : -14.0,
        "fRotation" : 0.0,
        "strID"     : "51aab007-6f60-40bb-96e5-9a615b1506ef",
        "bForceLoad" : false
      },
      {
        "strName" : "ItmConduit01",
        "fX"      : 9.0,
        "fY"      : -6.0,
        "fRotation" : 0.0,
        "strID"     : "6670125b-6cd2-4b91-b9d6-dcc214246e37",
        "bForceLoad" : false
      },
      {
        "strName" : "ItmWallRYOB01",
        "fX"      : 4.0,
        "fY"      : -1.0,
        "fRotation" : 0.0,
        "strID"     : "9d1cbc67-a107-42df-9cb3-3873b17a83e7",
        "bForceLoad" : false
      },
      {
        "strName" : "ItmFloorRYOF01",
        "fX"      : 4.0,
        "fY"      : -1.0,
        "fRotation" : 0.0,
        "strID"     : "4eaf3b18-a825-4f54-a94e-fc91b347e7b8",
        "bForceLoad" : false
      },
      {
        "strName" : "ItmFloorRYOF01",
        "fX"      : 2.0,
        "fY"      : -1.0,
        "fRotation" : 0.0,
        "strID"     : "d58f2acb-3561-4b6d-b4f1-166b7bdfc720",
        "bForceLoad" : false
      },
      {
        "strName" : "ItmFloorRYOF01",
        "fX"      : 1.0,
        "fY"      : -1.0,
        "fRotation" : 0.0,
        "strID"     : "85b1f7d8-8340-4478-8ba5-f8555ba43c80",
        "bForceLoad" : false
      },
      {
        "strName" : "ItmConduit01",
        "fX"      : 8.0,
        "fY"      : -7.0,
        "fRotation" : 0.0,
        "strID"     : "470f61f6-4bb0-48ff-8d07-f27cf31b7b2a",
        "bForceLoad" : false
      },
      {
        "strName" : "ItmWallRYOB01",
        "fX"      : 7.0,
        "fY"      : -14.0,
        "fRotation" : 0.0,
        "strID"     : "c250b746-c4ea-4e50-a503-45ac16f95e79",
        "bForceLoad" : false
      },
      {
        "strName" : "ItmConduit01",
        "fX"      : 8.0,
        "fY"      : -12.0,
        "fRotation" : 0.0,
        "strID"     : "e7dff9fc-24e2-4a3b-935d-352d2d005339",
        "bForceLoad" : false
      },
      {
        "strName" : "ItmConduit01",
        "fX"      : 9.0,
        "fY"      : -12.0,
        "fRotation" : 0.0,
        "strID"     : "4497529d-5c3e-4bce-bede-7637229038cf",
        "bForceLoad" : false
      },
      {
        "strName" : "ItmRCSCluster01Off",
        "fX"      : 10.0,
        "fY"      : -11.0,
        "fRotation" : 270.0,
        "strID"     : "b2267bec-814a-42b8-906d-7bc56f2ff6dd",
        "bForceLoad" : false
      },
      {
        "strName" : "ItmConduit01",
        "fX"      : 10.0,
        "fY"      : -12.0,
        "fRotation" : 0.0,
        "strID"     : "0d501d1e-dc8a-4182-ab8e-982592d1faed",
        "bForceLoad" : false
      },
      {
        "strName" : "ItmConduit01",
        "fX"      : 10.0,
        "fY"      : -11.0,
        "fRotation" : 0.0,
        "strID"     : "a3b517fa-5cd7-4351-b68b-607fb2e62ba6",
        "bForceLoad" : false
      },
      {
        "strName" : "ItmConduit01",
        "fX"      : 10.0,
        "fY"      : -8.0,
        "fRotation" : 0.0,
        "strID"     : "52b94a1a-064b-4907-9a5b-a5ce0a8c641a",
        "bForceLoad" : false
      },
      {
        "strName" : "ItmConduit01",
        "fX"      : 10.0,
        "fY"      : -6.0,
        "fRotation" : 0.0,
        "strID"     : "fb3ded83-d001-4798-bf4c-6e7c11c32ca2",
        "bForceLoad" : false
      },
      {
        "strName" : "ItmWallRYOB01",
        "fX"      : 10.0,
        "fY"      : -6.0,
        "fRotation" : 0.0,
        "strID"     : "2085a0df-8c98-488e-a90c-4fd22b1e506f",
        "bForceLoad" : false
      },
      {
        "strName" : "ItmConduit01",
        "fX"      : 9.0,
        "fY"      : -5.0,
        "fRotation" : 0.0,
        "strID"     : "23eced7d-fbab-4906-8169-1e4e9ffa2462",
        "bForceLoad" : false
      },
      {
        "strName" : "ItmConduit01",
        "fX"      : 9.0,
        "fY"      : -4.0,
        "fRotation" : 0.0,
        "strID"     : "f873dae6-1e11-4964-894f-8461c8173279",
        "bForceLoad" : false
      },
      {
        "strName" : "ItmConduit01",
        "fX"      : 9.0,
        "fY"      : -3.0,
        "fRotation" : 0.0,
        "strID"     : "2bd4ad1e-87ba-4876-84ab-97bae13f3a52",
        "bForceLoad" : false
      },
      {
        "strName" : "ItmConduit01",
        "fX"      : 9.0,
        "fY"      : -2.0,
        "fRotation" : 0.0,
        "strID"     : "ee4993a0-fd36-4852-9dfb-66e3f7b73f5e",
        "bForceLoad" : false
      },
      {
        "strName" : "ItmConduit01",
        "fX"      : 9.0,
        "fY"      : -1.0,
        "fRotation" : 0.0,
        "strID"     : "0bbb0923-8589-4381-814f-31b19bf505a5",
        "bForceLoad" : false
      },
      {
        "strName" : "ItmConduit01",
        "fX"      : 9.0,
        "fY"      : 0.0,
        "fRotation" : 0.0,
        "strID"     : "b6b9a144-3575-484f-a0f2-44c0470b0b4e",
        "bForceLoad" : false
      },
      {
        "strName" : "ItmConduit01",
        "fX"      : 6.0,
        "fY"      : 0.0,
        "fRotation" : 0.0,
        "strID"     : "6730c6d8-aa85-428a-8d1b-da5af805614f",
        "bForceLoad" : false
      },
      {
        "strName" : "ItmConduit01Dmg",
        "fX"      : 7.0,
        "fY"      : 0.0,
        "fRotation" : 0.0,
        "strID"     : "94b49356-1143-482d-935f-ae62411e5ea2",
        "bForceLoad" : false
      },
      {
        "strName" : "ItmConduit01",
        "fX"      : 8.0,
        "fY"      : 0.0,
        "fRotation" : 0.0,
        "strID"     : "e0c0f164-6363-43af-82ae-7ff4bc30db4d",
        "bForceLoad" : false
      },
      {
        "strName" : "ItmConduit01",
        "fX"      : 5.0,
        "fY"      : 0.0,
        "fRotation" : 0.0,
        "strID"     : "4e0aa6bd-4137-4573-b2d5-6ffc7ab71db3",
        "bForceLoad" : false
      },
      {
        "strName" : "ItmConduit01",
        "fX"      : 5.0,
        "fY"      : -1.0,
        "fRotation" : 0.0,
        "strID"     : "2de7081c-a21a-4c5b-b871-ccdf23e1b634",
        "bForceLoad" : false
      },
      {
        "strName" : "ItmConduit01",
        "fX"      : 4.0,
        "fY"      : -1.0,
        "fRotation" : 0.0,
        "strID"     : "df77a998-f419-4421-8422-efbb659b9ea3",
        "bForceLoad" : false
      },
      {
        "strName" : "ItmConduit01",
        "fX"      : 3.0,
        "fY"      : -1.0,
        "fRotation" : 0.0,
        "strID"     : "fc6509c4-8c3a-4fcd-b7b2-7b79c372e702",
        "bForceLoad" : false
      },
      {
        "strName" : "ItmConduit01",
        "fX"      : 2.0,
        "fY"      : -1.0,
        "fRotation" : 0.0,
        "strID"     : "95c1891b-ee80-4d17-8d54-a9976099638e",
        "bForceLoad" : false
      },
      {
        "strName" : "ItmConduit01",
        "fX"      : 1.0,
        "fY"      : -1.0,
        "fRotation" : 0.0,
        "strID"     : "8eabca0b-50b8-4863-8b8b-9c3fddd78ec6",
        "bForceLoad" : false
      },
      {
        "strName" : "ItmConduit01",
        "fX"      : 1.0,
        "fY"      : -2.0,
        "fRotation" : 0.0,
        "strID"     : "e0169fff-503b-47f1-ad1a-00495e1d4a04",
        "bForceLoad" : false
      },
      {
        "strName" : "ItmConduit01",
        "fX"      : 1.0,
        "fY"      : -3.0,
        "fRotation" : 0.0,
        "strID"     : "fa6f329a-7f93-4f55-8c3f-dca6b7e580ab",
        "bForceLoad" : false
      },
      {
        "strName" : "ItmConduit01",
        "fX"      : 1.0,
        "fY"      : -4.0,
        "fRotation" : 0.0,
        "strID"     : "78abf0e9-5db5-4a55-bb94-5e0243dbce38",
        "bForceLoad" : false
      },
      {
        "strName" : "ItmConduit01",
        "fX"      : 1.0,
        "fY"      : -5.0,
        "fRotation" : 0.0,
        "strID"     : "5ae7cadf-661e-4e99-8344-415885be4dca",
        "bForceLoad" : false
      },
      {
        "strName" : "ItmConduit01",
        "fX"      : 1.0,
        "fY"      : -6.0,
        "fRotation" : 0.0,
        "strID"     : "68abcfb8-e03a-4faa-900a-55c178b3c8b1",
        "bForceLoad" : false
      },
      {
        "strName" : "ItmConduit01",
        "fX"      : 0.0,
        "fY"      : -10.0,
        "fRotation" : 0.0,
        "strID"     : "5d1daa16-0f1b-4d3d-89ee-3a7825ac2d29",
        "bForceLoad" : false
      },
      {
        "strName" : "ItmConduit01",
        "fX"      : 0.0,
        "fY"      : -8.0,
        "fRotation" : 0.0,
        "strID"     : "387a2996-2767-43cf-9617-5cdc5f444247",
        "bForceLoad" : false
      },
      {
        "strName" : "ItmConduit01",
        "fX"      : 0.0,
        "fY"      : -7.0,
        "fRotation" : 0.0,
        "strID"     : "25c9bcfa-dc5d-4be4-9dfa-530acb3428d0",
        "bForceLoad" : false
      },
      {
        "strName" : "ItmConduit01",
        "fX"      : 0.0,
        "fY"      : -6.0,
        "fRotation" : 0.0,
        "strID"     : "78ee596a-06de-47c3-96a0-ae9725b53f20",
        "bForceLoad" : false
      },
      {
        "strName" : "ItmRCSCluster01Off",
        "fX"      : 0.0,
        "fY"      : -7.0,
        "fRotation" : 90.0,
        "strID"     : "ee644d8c-65e5-4671-872f-3c7d467053da",
        "bForceLoad" : false
      },
      {
        "strName" : "ItmConduit01",
        "fX"      : 1.0,
        "fY"      : -12.0,
        "fRotation" : 0.0,
        "strID"     : "80433531-884f-446c-8358-5f7bb5cdf2f8",
        "bForceLoad" : false
      },
      {
        "strName" : "ItmConduit01",
        "fX"      : 7.0,
        "fY"      : -14.0,
        "fRotation" : 0.0,
        "strID"     : "7a9ec522-3c5a-42f4-9b0d-a7e405db8cc0",
        "bForceLoad" : false
      },
      {
        "strName" : "ItmLitWall1x0OrangeOff",
        "fX"      : 7.0,
        "fY"      : -1.0,
        "fRotation" : 0.0,
        "strID"     : "f3ad7515-ba7d-45bd-886a-58a11f63b9e0",
        "bForceLoad" : false
      },
      {
        "strName" : "ItmWallRYOB01",
        "fX"      : 3.0,
        "fY"      : -14.0,
        "fRotation" : 0.0,
        "strID"     : "020598b2-b3f5-4e52-8f0e-2b7c90ce3d6a",
        "bForceLoad" : false
      },
      {
        "strName" : "ItmWallRYOB01",
        "fX"      : 2.0,
        "fY"      : -12.0,
        "fRotation" : 0.0,
        "strID"     : "7b3c2620-d825-4ee0-9235-26ad13165c3e",
        "bForceLoad" : false
      },
      {
        "strName" : "ItmScrapTrash",
        "fX"      : 4.0,
        "fY"      : -13.0,
        "fRotation" : 0.0,
        "strID"     : "11ade09e-6bc7-43d7-8256-3b226bdb0eff",
        "bForceLoad" : false
      },
      {
        "strName" : "ItmWallRYOB01",
        "fX"      : 6.0,
        "fY"      : -6.0,
        "fRotation" : 0.0,
        "strID"     : "480f310d-8107-434e-9dec-26cecc0e344d",
        "bForceLoad" : false
      },
      {
        "strName" : "ItmConduit01",
        "fX"      : 6.0,
        "fY"      : -6.0,
        "fRotation" : 0.0,
        "strID"     : "fcc101b3-62df-4d31-aea5-b60e87efc8fe",
        "bForceLoad" : false
      },
      {
        "strName" : "ItmConduit01",
        "fX"      : 7.0,
        "fY"      : -6.0,
        "fRotation" : 0.0,
        "strID"     : "40480d9e-ff26-43c3-be1a-ac3a23c69364",
        "bForceLoad" : false
      },
      {
        "strName" : "ItmConduit01",
        "fX"      : 7.0,
        "fY"      : -7.0,
        "fRotation" : 0.0,
        "strID"     : "7c912f97-2139-4e5a-9c98-bed15d83b700",
        "bForceLoad" : false
      },
      {
        "strName" : "ItmAlarmTempOff",
        "fX"      : 2.0,
        "fY"      : -3.0,
        "fRotation" : 90.0,
        "strID"     : "c216958b-2525-4978-8dfd-d0eae37119ba",
        "bForceLoad" : false,
        "aGPMSettings" : [
          {
            "strName" : "Panel A",
            "dictGUIPropMap" : [
              "strGUIPrefab",
              "GUIOnOff",
              "strFriendlyName",
              "Alarm",
              "strGUIPrefabRight",
              null,
              "strGUIPrefabLeft",
              null,
              "strGUIPrefabUp",
              null,
              "strGUIPrefabDown",
              null,
              "strTitle",
              "Alarm Override"
            ]
          }
        ]
      },
      {
        "strName" : "ItmAlarmO2Off",
        "fX"      : 2.0,
        "fY"      : -4.0,
        "fRotation" : 90.0,
        "strID"     : "f9c1d90e-9835-46fe-ba3b-e223b80e8dfe",
        "bForceLoad" : false,
        "aGPMSettings" : [
          {
            "strName" : "Panel A",
            "dictGUIPropMap" : [
              "strGUIPrefab",
              "GUIOnOff",
              "strFriendlyName",
              "Alarm",
              "strGUIPrefabRight",
              null,
              "strGUIPrefabLeft",
              null,
              "strGUIPrefabUp",
              null,
              "strGUIPrefabDown",
              null,
              "strTitle",
              "Alarm Override"
            ]
          }
        ]
      },
      {
        "strName" : "ItmWallRYOB01",
        "fX"      : 8.0,
        "fY"      : -13.0,
        "fRotation" : 0.0,
        "strID"     : "63882e87-8010-472e-a0f6-e1be5cda72e5",
        "bForceLoad" : false
      },
      {
        "strName" : "ItmWallRYOB01",
        "fX"      : 2.0,
        "fY"      : -14.0,
        "fRotation" : 0.0,
        "strID"     : "b5b1891b-767c-42cf-8a4b-248d9f0efdc6",
        "bForceLoad" : false
      },
      {
        "strName" : "ItmConduit01",
        "fX"      : 3.0,
        "fY"      : -15.0,
        "fRotation" : 0.0,
        "strID"     : "81c3261e-5bbc-4676-8a09-f24b50bff72b",
        "bForceLoad" : false
      },
      {
        "strName" : "ItmWallRYOB01",
        "fX"      : 10.0,
        "fY"      : -7.0,
        "fRotation" : 0.0,
        "strID"     : "d3ebbc08-eeb6-416a-800b-9a89d59d6cf7",
        "bForceLoad" : false
      },
      {
        "strName" : "ItmWallRYOB01",
        "fX"      : 10.0,
        "fY"      : -8.0,
        "fRotation" : 0.0,
        "strID"     : "42f5ee6f-f759-4c0b-baa7-46c95682df5e",
        "bForceLoad" : false
      },
      {
        "strName" : "ItmWallRYOB01",
        "fX"      : 10.0,
        "fY"      : -9.0,
        "fRotation" : 0.0,
        "strID"     : "98fc1335-25fc-429b-9e63-ef285754bc3c",
        "bForceLoad" : false
      },
      {
        "strName" : "ItmWallRYOB01",
        "fX"      : 10.0,
        "fY"      : -10.0,
        "fRotation" : 0.0,
        "strID"     : "20cac8ec-11d3-4c02-8bd5-ed16680e35d2",
        "bForceLoad" : false
      },
      {
        "strName" : "ItmWallRYOB01",
        "fX"      : 0.0,
        "fY"      : -6.0,
        "fRotation" : 0.0,
        "strID"     : "39ebd776-cd4c-472e-9c88-7b9ce78acc04",
        "bForceLoad" : false
      },
      {
        "strName" : "ItmWallRYOB01",
        "fX"      : 0.0,
        "fY"      : -10.0,
        "fRotation" : 0.0,
        "strID"     : "c582f0ee-3711-4537-ba47-36f248c23ac5",
        "bForceLoad" : false
      },
      {
        "strName" : "ItmWallRYOB01",
        "fX"      : 0.0,
        "fY"      : -11.0,
        "fRotation" : 0.0,
        "strID"     : "33de3cc7-9231-45e3-b13a-761214d89aaa",
        "bForceLoad" : false
      },
      {
        "strName" : "ItmWallRYOB01",
        "fX"      : 0.0,
        "fY"      : -12.0,
        "fRotation" : 0.0,
        "strID"     : "18760e2f-5142-41fe-bdc3-1921ee0bba99",
        "bForceLoad" : false
      },
      {
        "strName" : "ItmFloorRYOF01",
        "fX"      : 0.0,
        "fY"      : -12.0,
        "fRotation" : 0.0,
        "strID"     : "62a2307f-4709-456f-98a3-317c4e6868c4",
        "bForceLoad" : false
      },
      {
        "strName" : "ItmFloorRYOF01",
        "fX"      : 0.0,
        "fY"      : -11.0,
        "fRotation" : 0.0,
        "strID"     : "7874c3d4-5ceb-4ada-8cd9-4813a273052e",
        "bForceLoad" : false
      },
      {
        "strName" : "ItmFloorRYOF01",
        "fX"      : 0.0,
        "fY"      : -10.0,
        "fRotation" : 0.0,
        "strID"     : "ff90e4d5-08d4-47e5-a4ef-9104a3df738e",
        "bForceLoad" : false
      },
      {
        "strName" : "ItmFloorRYOF01",
        "fX"      : 0.0,
        "fY"      : -9.0,
        "fRotation" : 0.0,
        "strID"     : "ce789ed8-057d-48d3-bc5e-8f0e99024154",
        "bForceLoad" : false
      },
      {
        "strName" : "ItmFloorRYOF01",
        "fX"      : 0.0,
        "fY"      : -8.0,
        "fRotation" : 0.0,
        "strID"     : "bd1a5872-f520-46c3-b62f-9ea96d0e6b73",
        "bForceLoad" : false
      },
      {
        "strName" : "ItmFloorRYOF01",
        "fX"      : 0.0,
        "fY"      : -7.0,
        "fRotation" : 0.0,
        "strID"     : "54a8d908-48e7-41a0-8c12-85bfcd300349",
        "bForceLoad" : false
      },
      {
        "strName" : "ItmFloorRYOF01",
        "fX"      : 0.0,
        "fY"      : -6.0,
        "fRotation" : 0.0,
        "strID"     : "dff2b031-93d4-4df7-a8ba-60cdd828a2e1",
        "bForceLoad" : false
      },
      {
        "strName" : "ItmFloorRYOF01",
        "fX"      : 10.0,
        "fY"      : -12.0,
        "fRotation" : 0.0,
        "strID"     : "5a1bb1a9-4a53-4cb4-8b64-781766b23503",
        "bForceLoad" : false
      },
      {
        "strName" : "ItmFloorRYOF01",
        "fX"      : 10.0,
        "fY"      : -11.0,
        "fRotation" : 0.0,
        "strID"     : "510179aa-e361-4c69-99fb-f31b00cca28c",
        "bForceLoad" : false
      },
      {
        "strName" : "ItmFloorRYOF01",
        "fX"      : 10.0,
        "fY"      : -10.0,
        "fRotation" : 0.0,
        "strID"     : "f2846065-2704-4ad8-986f-507f04ef4052",
        "bForceLoad" : false
      },
      {
        "strName" : "ItmFloorRYOF01",
        "fX"      : 10.0,
        "fY"      : -9.0,
        "fRotation" : 0.0,
        "strID"     : "5d936932-83ba-4ea9-a5c4-b53c71b0bdc0",
        "bForceLoad" : false
      },
      {
        "strName" : "ItmFloorRYOF01",
        "fX"      : 10.0,
        "fY"      : -8.0,
        "fRotation" : 0.0,
        "strID"     : "f16f11f8-1b18-4f38-b0cc-a6fa4737026c",
        "bForceLoad" : false
      },
      {
        "strName" : "ItmFloorRYOF01",
        "fX"      : 10.0,
        "fY"      : -7.0,
        "fRotation" : 0.0,
        "strID"     : "f62a6e63-5e28-4bb8-a4b0-2fdce9a2929b",
        "bForceLoad" : false
      },
      {
        "strName" : "ItmFloorRYOF01",
        "fX"      : 10.0,
        "fY"      : -6.0,
        "fRotation" : 0.0,
        "strID"     : "3fbfe496-aa6a-42cf-abf9-0de2205fe777",
        "bForceLoad" : false
      },
      {
        "strName" : "ItmConduit01",
        "fX"      : 1.0,
        "fY"      : -7.0,
        "fRotation" : 0.0,
        "strID"     : "09b83fed-2bfe-4b37-a229-a79c353f8430",
        "bForceLoad" : false
      },
      {
        "strName" : "ItmConduit01",
        "fX"      : 0.0,
        "fY"      : -12.0,
        "fRotation" : 0.0,
        "strID"     : "c305da27-3ee7-427f-b4e9-88bb6cc71508",
        "bForceLoad" : false
      },
      {
        "strName" : "ItmConduit01",
        "fX"      : 0.0,
        "fY"      : -11.0,
        "fRotation" : 0.0,
        "strID"     : "086f453e-54d1-4d6d-a8a7-471fb43aa201",
        "bForceLoad" : false
      },
      {
        "strName" : "ItmCooler01Off",
        "fX"      : 2.5,
        "fY"      : -1.0,
        "fRotation" : 0.0,
        "strID"     : "dec7a540-2124-48f7-8588-bda2ec49c35d",
        "bForceLoad" : false,
        "aGPMSettings" : [
          {
            "strName" : "Panel A",
            "dictGUIPropMap" : [
              "strGUIPrefab",
              "GUIAirPump",
              "strFriendlyName",
              "Cooler",
              "strGUIPrefabRight",
              null,
              "strGUIPrefabLeft",
              null,
              "strGUIPrefabUp",
              null,
              "strGUIPrefabDown",
              null,
              "strTitle",
              "Unscrew for Thermostat Sensor Input Signal",
              "strValidCOTrigger01",
              "TIsAlarmTemp",
              "strCondMonitor01",
              "DcGasTemp03",
              "strSubPoint",
              "Cool",
              "strAddPoint",
              "Heat",
              "strInput01",
              ""
            ]
          }
        ]
      },
      {
        "strName" : "ItmAlarmN2Off",
        "fX"      : 5.0,
        "fY"      : -2.0,
        "fRotation" : 0.0,
        "strID"     : "3e0e73b7-bf1e-4b94-b613-1fa2e7890447",
        "bForceLoad" : false,
        "aGPMSettings" : [
          {
            "strName" : "Panel A",
            "dictGUIPropMap" : [
              "strGUIPrefab",
              "GUIOnOff",
              "strFriendlyName",
              "Alarm",
              "strGUIPrefabRight",
              null,
              "strGUIPrefabLeft",
              null,
              "strGUIPrefabUp",
              null,
              "strGUIPrefabDown",
              null,
              "strTitle",
              "Alarm Override"
            ]
          }
        ]
      },
      {
        "strName" : "ItmSwitch01Off",
        "fX"      : 3.0,
        "fY"      : -3.0,
        "fRotation" : 0.0,
        "strID"     : "d412b399-7282-4b7d-9735-16ee939b9875",
        "bForceLoad" : false
      },
      {
        "strName" : "ItmFloorRYOF05Loose",
        "fX"      : 2.0,
        "fY"      : -3.0,
        "fRotation" : 0.0,
        "strID"     : "055f28aa-b189-4787-8737-050820bb31d9",
        "strParentID" : "d2487ebe-652b-4973-93ff-9bf4a7c8cc0f",
        "bForceLoad"  : false
      },
      {
        "strName" : "ItmWallRYOB01Loose",
        "fX"      : 8.0,
        "fY"      : -10.0,
        "fRotation" : 0.0,
        "strID"     : "1e34fc13-393f-47f1-b6eb-1cc47aa035bf",
        "bForceLoad" : false
      },
      {
        "strName" : "ItmConduit01",
        "fX"      : 3.0,
        "fY"      : -2.0,
        "fRotation" : 0.0,
        "strID"     : "80d46103-34d5-429f-a6f7-e9df6ceaf1dd",
        "bForceLoad" : false
      },
      {
        "strName" : "ItmConduit01",
        "fX"      : 5.0,
        "fY"      : -2.0,
        "fRotation" : 0.0,
        "strID"     : "c6cea06a-3cc6-47d0-b85d-51776a06c1ce",
        "bForceLoad" : false
      },
      {
        "strName" : "ItmConduit01",
        "fX"      : 6.0,
        "fY"      : -2.0,
        "fRotation" : 0.0,
        "strID"     : "f3878155-09b5-4f98-8e6e-3125512fb982",
        "bForceLoad" : false
      },
      {
        "strName" : "ItmFloorRYOF05Loose",
        "fX"      : 2.0,
        "fY"      : -3.0,
        "fRotation" : 0.0,
        "strID"     : "1aa45f96-c7df-46e9-8636-7fdce3ce278a",
        "strParentID" : "d2487ebe-652b-4973-93ff-9bf4a7c8cc0f",
        "bForceLoad"  : false
      },
      {
        "strName" : "ItmFloorRYOF05Loose",
        "fX"      : 2.0,
        "fY"      : -3.0,
        "fRotation" : 0.0,
        "strID"     : "d2487ebe-652b-4973-93ff-9bf4a7c8cc0f",
        "bForceLoad" : false
      },
      {
        "strName" : "ItmWallRYOB01Loose",
        "fX"      : 9.0,
        "fY"      : -10.0,
        "fRotation" : 0.0,
        "strID"     : "603b274b-7c01-4a76-9ce7-d12258964ed0",
        "bForceLoad" : false
      },
      {
        "strName" : "ItmWallRYOB01Loose",
        "fX"      : 8.0,
        "fY"      : -11.0,
        "fRotation" : 0.0,
        "strID"     : "d21c797e-090f-44b8-8340-9791f243d53f",
        "bForceLoad" : false
      }
    ],
    "aShallowPSpecs"   : [
      {
        "strName" : "SysLootSpawner",
        "fX"      : 5.0,
        "fY"      : -14.0,
        "fRotation" : 0.0,
        "strID"     : "8f1d002f-4000-40c8-9dc5-6baabab24cad",
        "bForceLoad" : false,
        "aGPMSettings" : [
          {
            "strName" : "Panel A",
            "dictGUIPropMap" : [
              "strGUIPrefab",
              "GUILootSpawn",
              "strFriendlyName",
              "Loot Spawner",
              "strGUIPrefabRight",
              null,
              "strGUIPrefabLeft",
              null,
              "strGUIPrefabUp",
              null,
              "strGUIPrefabDown",
              null,
              "strType",
              "Pspec",
              "strLoot",
              "Boarding",
              "strRange",
              "1",
              "strCount",
              "0"
            ]
          }
        ]
      },
      {
        "strName" : "SysLootSpawner",
        "fX"      : 5.0,
        "fY"      : -5.0,
        "fRotation" : 0.0,
        "strID"     : "b3f7dc89-00bd-4b41-8992-c220c3b0cb45",
        "bForceLoad" : false,
        "aGPMSettings" : [
          {
            "strName" : "Panel A",
            "dictGUIPropMap" : [
              "strGUIPrefab",
              "GUILootSpawn",
              "strFriendlyName",
              "Loot Spawner",
              "strGUIPrefabRight",
              null,
              "strGUIPrefabLeft",
              null,
              "strGUIPrefabUp",
              null,
              "strGUIPrefabDown",
              null,
              "strType",
              "Pspec",
              "strLoot",
              "NotBoarding",
              "strRange",
              "2",
              "strCount",
              "0"
            ]
          }
        ]
      }
    ],
    "vShipPos"         : {
      "x" : 5.0,
      "y" : -5.0
    },
    "objSS"            : {
      "boPORShip" : "1036 Ganymed",
      "vPosx"     : 0.973882727612674,
      "vPosy"     : -1.56527046587539,
      "vBOOffsetx" : 4.64943781586236E-07,
      "vBOOffsety" : 4.87468459375862E-07,
      "vVelX"      : 1.6719351825234E-07,
      "vVelY"      : 1.35867452843996E-08,
      "vAccIn"     : {
        "x" : 0.0,
        "y" : 0.0
      },
      "vAccRCS"    : {
        "x" : 0.0,
        "y" : 0.0
      },
      "vAccEx"     : {
        "x" : 0.0,
        "y" : 0.0
      },
      "fRot"       : 2.712515,
      "fW"         : 0.0,
      "fA"         : 0.0,
      "bBOLocked"  : true,
      "bIsBO"      : false,
      "bIsRegion"  : false,
      "bIsNoFees"  : false
    },
    "aRooms"           : [
      {
        "strID" : "8fb91518-5ee9-448e-b724-d3a2cf581abc",
        "bVoid" : true,
        "aTiles" : [
          0,
          1,
          13,
          2,
          14,
          26,
          3,
          27,
          39,
          4,
          40,
          52,
          5,
          53,
          65,
          66,
          78,
          91,
          104,
          117,
          130,
          143,
          156,
          169,
          170,
          182,
          171,
          183,
          195,
          184,
          196,
          208,
          197,
          209,
          198,
          210,
          211
        ]
      },
      {
        "strID" : "653f00f3-00ca-431c-a01f-ef3099c0bd54",
        "bVoid" : true,
        "aTiles" : [
          11,
          12,
          24,
          25,
          37,
          38,
          50,
          51,
          63,
          64,
          76,
          77,
          90,
          103,
          116,
          129,
          142,
          155,
          168,
          181,
          180,
          194,
          179,
          193,
          207,
          192,
          206,
          220,
          205,
          219,
          204,
          218,
          217
        ]
      },
      {
        "strID" : "27101124-6167-4418-b25b-bb59b2123dfd",
        "bVoid" : false,
        "aTiles" : [
          20,
          21,
          33,
          22,
          34,
          32,
          46,
          35,
          47,
          31,
          45,
          59,
          48,
          60,
          30,
          44,
          58,
          72,
          61,
          73,
          29,
          43,
          57,
          71,
          74,
          86,
          42,
          56,
          70,
          84,
          87,
          99,
          55,
          69,
          83,
          97,
          100,
          98,
          112,
          68,
          82,
          96,
          110,
          101,
          113,
          111,
          125,
          81,
          95,
          109,
          123,
          114,
          126,
          124,
          138,
          94,
          108,
          122,
          136,
          127,
          139,
          137,
          151,
          93,
          107,
          121,
          135,
          149,
          140,
          152,
          150,
          106,
          120,
          134,
          148,
          162,
          153,
          119,
          133,
          147,
          132,
          146,
          145
        ]
      },
      {
        "strID" : "accd94dd-cce9-4231-a43f-342547da93eb",
        "bVoid" : false,
        "aTiles" : [
          173,
          174,
          175,
          187,
          176,
          188,
          200,
          177,
          189,
          201,
          202,
          214
        ]
      }
    ],
    "DMGStatus"        : 2,
    "fLastVisit"       : 65627511821.3189,
    "fAIDockingTimer"  : 0.0,
    "fAIPauseTimer"    : 8.79540383815765,
    "bPrefill"         : false,
    "bNoCollisions"    : false,
    "dLastScanTime"    : 65627625332.2592,
    "bLocalAuthority"  : false,
    "bAIShip"          : false,
    "make"             : "Ryokka",
    "model"            : "T TU-1a",
    "year"             : "2056",
    "origin"           : "Qincheng Station",
    "designation"      : "Gas Tug",
    "publicName"       : "Nano Rabbit",
    "dimensions"       : "0.32m x 3.2m",
    "fShallowMass"     : 4864.505,
    "fShallowRCSRemass" : 0.0,
    "fShallowRCSRemassMax" : 0.0,
    "fShallowFusionRemain" : 0.0,
    "fBreakInMultiplier"   : 0.0890692,
    "nRCSCount"            : 0,
    "nRCSDistroCount"      : 0,
    "nDockCount"           : 1,
    "bFusionTorch"         : false
  }
]